    customer_id,tenure_months,monthly_charges,usage_drop_pct,support_tickets,days_since_last_purchase,contract_type,payment_method,churn
    CUST-10000,52,41.01,0.29,1,88,Month-to-Month,Electronic Check,1
    CUST-10001,15,35.39,0.07,4,24,One-Year,Bank Transfer,1
    CUST-10002,61,118.89,0.8,3,106,Month-to-Month,Bank Transfer,1
    CUST-10003,21,140.58,0.16,2,34,Month-to-Month,Bank Transfer,1
    CUST-10004,24,79.58,0.57,2,111,One-Year,Electronic Check,1
    CUST-10005,3,105.73,0.58,2,82,Month-to-Month,Bank Transfer,1
    CUST-10006,22,138.88,0.25,4,12,Two-Year,Bank Transfer,0
    CUST-10007,53,31.71,0.89,3,42,One-Year,Credit Card,1
    CUST-10008,2,120.16,0.06,3,103,One-Year,Bank Transfer,1
    CUST-10009,30,100.19,0.55,1,79,Month-to-Month,Electronic Check,1
    CUST-10010,38,97.82,0.43,2,111,Month-to-Month,Electronic Check,1
    CUST-10011,2,58.03,0.22,1,12,One-Year,Bank Transfer,0
    CUST-10012,64,108.91,0.15,2,29,One-Year,Credit Card,0
    CUST-10013,60,123.32,0.66,0,93,Month-to-Month,Bank Transfer,1
    CUST-10014,21,34.67,0.82,3,20,Month-to-Month,Electronic Check,1
    CUST-10015,33,89.36,0.1,1,79,Two-Year,Bank Transfer,0
    CUST-10016,58,33.16,0.17,1,3,One-Year,Credit Card,0
    CUST-10017,22,133.43,0.89,3,80,One-Year,Bank Transfer,1
    CUST-10018,49,85.99,0.01,1,61,Month-to-Month,Electronic Check,0
    CUST-10019,59,125.04,0.46,3,83,One-Year,Electronic Check,1
    CUST-10020,42,67.85,0.46,2,71,One-Year,Credit Card,1
    CUST-10021,60,36.26,0.24,3,113,Month-to-Month,Credit Card,1
    CUST-10022,15,25.39,0.6,4,100,Month-to-Month,Credit Card,1
    CUST-10023,62,56.6,0.85,0,22,Month-to-Month,Electronic Check,1
    CUST-10024,62,51.75,0.41,0,79,Month-to-Month,Bank Transfer,1
    CUST-10025,47,92.85,0.67,1,73,One-Year,Credit Card,1
    CUST-10026,62,22.83,0.58,5,17,Month-to-Month,Credit Card,1
    CUST-10027,51,87.67,0.43,3,97,Month-to-Month,Bank Transfer,1
    CUST-10028,55,70.93,0.04,1,2,One-Year,Bank Transfer,0
    CUST-10029,64,95.03,0.67,2,7,Month-to-Month,Credit Card,1
    CUST-10030,3,111.31,0.33,4,119,Month-to-Month,Bank Transfer,1
    CUST-10031,51,102.43,0.2,2,95,One-Year,Credit Card,1
    CUST-10032,7,148.0,0.85,1,14,One-Year,Credit Card,1
    CUST-10033,21,37.97,0.7,2,101,One-Year,Credit Card,1
    CUST-10034,39,75.87,0.87,3,4,One-Year,Bank Transfer,1
    CUST-10035,18,75.23,0.23,1,45,One-Year,Credit Card,0
    CUST-10036,4,74.22,0.75,3,63,Two-Year,Bank Transfer,1
    CUST-10037,60,106.29,0.55,0,10,Two-Year,Electronic Check,0
    CUST-10038,14,83.68,0.88,3,45,One-Year,Bank Transfer,1
    CUST-10039,9,87.27,0.85,1,86,One-Year,Bank Transfer,1
    CUST-10040,53,76.21,0.88,0,88,Two-Year,Electronic Check,1
    CUST-10041,2,148.92,0.86,2,44,Month-to-Month,Electronic Check,1
    CUST-10042,60,140.58,0.01,2,55,Month-to-Month,Credit Card,1
    CUST-10043,71,60.0,0.67,4,18,Two-Year,Electronic Check,0
    CUST-10044,44,34.51,0.24,3,11,Two-Year,Bank Transfer,0
    CUST-10045,8,129.17,0.63,2,114,Two-Year,Credit Card,1
    CUST-10046,47,149.63,0.88,2,54,Two-Year,Credit Card,1
    CUST-10047,35,58.04,0.04,0,108,Month-to-Month,Electronic Check,1
    CUST-10048,36,66.51,0.51,1,1,Two-Year,Electronic Check,0
    CUST-10049,50,142.41,0.66,2,53,Month-to-Month,Electronic Check,1
    CUST-10050,4,112.45,0.23,2,96,Two-Year,Credit Card,1
    CUST-10051,2,58.43,0.2,1,80,One-Year,Credit Card,1
    CUST-10052,6,95.54,0.05,4,78,Month-to-Month,Electronic Check,1
    CUST-10053,54,142.75,0.08,1,33,One-Year,Credit Card,0
    CUST-10054,4,125.54,0.59,4,7,Month-to-Month,Credit Card,1
    CUST-10055,54,116.44,0.45,1,83,Month-to-Month,Credit Card,1
    CUST-10056,63,115.81,0.03,2,25,Month-to-Month,Credit Card,0
    CUST-10057,18,43.14,0.87,1,69,Month-to-Month,Credit Card,1
    CUST-10058,44,127.21,0.59,1,49,One-Year,Bank Transfer,0
    CUST-10059,34,55.9,0.46,1,74,Month-to-Month,Credit Card,1
    CUST-10060,62,140.95,0.25,4,4,Two-Year,Electronic Check,0
    CUST-10061,14,67.4,0.59,2,24,Month-to-Month,Credit Card,1
    CUST-10062,48,131.5,0.33,1,46,Two-Year,Credit Card,0
    CUST-10063,15,54.61,0.63,0,119,Two-Year,Electronic Check,1
    CUST-10064,62,86.89,0.61,2,70,Month-to-Month,Bank Transfer,1
    CUST-10065,40,33.9,0.08,4,12,Month-to-Month,Electronic Check,1
    CUST-10066,53,105.82,0.82,0,62,Month-to-Month,Electronic Check,1
    CUST-10067,24,128.69,0.44,1,84,Two-Year,Electronic Check,1
    CUST-10068,26,113.4,0.35,1,90,Two-Year,Credit Card,0
    CUST-10069,60,88.02,0.86,2,76,Month-to-Month,Credit Card,1
    CUST-10070,41,25.87,0.39,2,62,Month-to-Month,Credit Card,1
    CUST-10071,29,141.35,0.65,1,97,Two-Year,Electronic Check,1
    CUST-10072,15,111.71,0.59,1,62,One-Year,Credit Card,1
    CUST-10073,45,116.96,0.15,6,76,Month-to-Month,Bank Transfer,1
    CUST-10074,65,123.31,0.89,1,58,Two-Year,Credit Card,1
    CUST-10075,71,117.21,0.42,1,38,Two-Year,Credit Card,0
    CUST-10076,9,77.35,0.36,3,68,Month-to-Month,Electronic Check,1
    CUST-10077,1,115.37,0.83,0,17,Month-to-Month,Bank Transfer,1
    CUST-10078,8,101.25,0.48,1,10,Two-Year,Bank Transfer,1
    CUST-10079,63,131.02,0.63,1,83,One-Year,Bank Transfer,1
    CUST-10080,11,124.32,0.76,4,43,Two-Year,Credit Card,1
    CUST-10081,8,25.38,0.21,1,33,Two-Year,Bank Transfer,0
    CUST-10082,35,69.26,0.15,1,37,Month-to-Month,Electronic Check,1
    CUST-10083,35,24.51,0.06,3,28,One-Year,Bank Transfer,0
    CUST-10084,33,33.27,0.81,0,46,One-Year,Credit Card,1
    CUST-10085,5,98.18,0.18,5,109,Month-to-Month,Bank Transfer,1
    CUST-10086,41,133.6,0.28,1,2,Month-to-Month,Bank Transfer,1
    CUST-10087,28,35.58,0.26,4,46,One-Year,Electronic Check,1
    CUST-10088,7,78.64,0.27,2,38,Month-to-Month,Bank Transfer,1
    CUST-10089,12,138.41,0.6,3,38,Month-to-Month,Credit Card,1
    CUST-10090,34,125.86,0.86,3,21,Month-to-Month,Credit Card,1
    CUST-10091,33,87.56,0.3,3,23,One-Year,Bank Transfer,0
    CUST-10092,48,120.3,0.37,1,33,Month-to-Month,Electronic Check,0
    CUST-10093,23,87.95,0.69,1,90,Two-Year,Electronic Check,1
    CUST-10094,62,40.55,0.39,1,116,Month-to-Month,Credit Card,1
    CUST-10095,37,36.22,0.83,2,43,Two-Year,Electronic Check,1
    CUST-10096,44,44.49,0.45,3,118,Month-to-Month,Bank Transfer,1
    CUST-10097,35,65.62,0.31,1,94,One-Year,Electronic Check,0
    CUST-10098,65,140.97,0.87,1,68,Month-to-Month,Electronic Check,1
    CUST-10099,47,123.96,0.38,3,70,Two-Year,Credit Card,1
    CUST-10100,3,76.26,0.21,3,98,Two-Year,Bank Transfer,1
    CUST-10101,1,84.1,0.16,3,64,Two-Year,Credit Card,1
    CUST-10102,5,54.53,0.9,0,84,One-Year,Electronic Check,1
    CUST-10103,14,111.57,0.68,4,64,Month-to-Month,Credit Card,1
    CUST-10104,27,124.36,0.37,1,37,One-Year,Electronic Check,0
    CUST-10105,9,51.06,0.74,2,79,Two-Year,Credit Card,1
    CUST-10106,15,25.44,0.49,5,119,One-Year,Electronic Check,1
    CUST-10107,42,101.11,0.29,0,104,Two-Year,Credit Card,0
    CUST-10108,51,93.13,0.67,3,113,Month-to-Month,Electronic Check,1
    CUST-10109,63,72.28,0.67,2,23,Two-Year,Bank Transfer,0
    CUST-10110,52,103.71,0.45,4,106,One-Year,Credit Card,1
    CUST-10111,4,91.58,0.04,3,73,Two-Year,Electronic Check,1
    CUST-10112,23,52.58,0.07,2,34,One-Year,Electronic Check,0
    CUST-10113,15,71.7,0.71,0,107,Month-to-Month,Bank Transfer,1
    CUST-10114,43,75.65,0.74,3,34,One-Year,Electronic Check,1
    CUST-10115,29,134.43,0.61,1,27,Two-Year,Credit Card,1
    CUST-10116,36,144.92,0.76,1,80,Month-to-Month,Bank Transfer,1
    CUST-10117,13,136.09,0.65,4,4,Two-Year,Credit Card,1
    CUST-10118,32,113.49,0.81,2,92,Month-to-Month,Credit Card,1
    CUST-10119,71,96.05,0.14,3,81,Month-to-Month,Electronic Check,1
    CUST-10120,59,109.6,0.35,0,105,Month-to-Month,Electronic Check,1
    CUST-10121,28,142.08,0.42,3,76,Two-Year,Credit Card,1
    CUST-10122,66,52.5,0.27,0,69,Month-to-Month,Electronic Check,0
    CUST-10123,42,89.57,0.65,3,99,One-Year,Credit Card,1
    CUST-10124,45,109.65,0.82,3,102,Month-to-Month,Electronic Check,1
    CUST-10125,62,108.3,0.37,3,103,Month-to-Month,Credit Card,1
    CUST-10126,57,52.8,0.85,6,100,Month-to-Month,Electronic Check,1
    CUST-10127,6,96.28,0.47,2,94,Month-to-Month,Bank Transfer,1
    CUST-10128,28,123.47,0.47,5,63,Month-to-Month,Credit Card,1
    CUST-10129,28,81.76,0.54,4,78,Month-to-Month,Electronic Check,1
    CUST-10130,44,123.13,0.24,2,14,Month-to-Month,Bank Transfer,1
    CUST-10131,30,66.78,0.35,3,66,Two-Year,Credit Card,1
    CUST-10132,62,142.04,0.5,3,28,Two-Year,Bank Transfer,0
    CUST-10133,62,89.41,0.85,2,21,Month-to-Month,Bank Transfer,1
    CUST-10134,1,97.47,0.58,2,79,Month-to-Month,Bank Transfer,1
    CUST-10135,27,24.08,0.3,1,108,Month-to-Month,Bank Transfer,1
    CUST-10136,62,42.13,0.01,1,110,One-Year,Credit Card,0
    CUST-10137,3,102.28,0.88,2,87,Two-Year,Credit Card,1
    CUST-10138,70,74.58,0.44,1,10,Two-Year,Credit Card,0
    CUST-10139,27,86.06,0.84,3,26,Month-to-Month,Electronic Check,1
    CUST-10140,9,28.19,0.49,0,35,Month-to-Month,Bank Transfer,1
    CUST-10141,62,128.44,0.54,1,34,Two-Year,Electronic Check,0
    CUST-10142,37,121.99,0.64,2,2,Month-to-Month,Bank Transfer,1
    CUST-10143,51,44.1,0.29,3,95,One-Year,Electronic Check,1
    CUST-10144,44,102.46,0.63,0,43,Month-to-Month,Electronic Check,1
    CUST-10145,24,126.38,0.47,1,44,Two-Year,Credit Card,1
    CUST-10146,59,103.31,0.61,3,111,Month-to-Month,Bank Transfer,1
    CUST-10147,32,60.35,0.75,0,44,One-Year,Credit Card,0
    CUST-10148,52,105.29,0.17,2,43,Month-to-Month,Electronic Check,1
    CUST-10149,62,47.36,0.55,2,116,Month-to-Month,Electronic Check,1
    CUST-10150,58,61.37,0.05,1,52,Month-to-Month,Credit Card,0
    CUST-10151,52,51.21,0.09,2,110,Month-to-Month,Credit Card,1
    CUST-10152,12,92.4,0.61,2,5,Month-to-Month,Credit Card,1
    CUST-10153,39,34.07,0.06,3,19,Month-to-Month,Credit Card,1
    CUST-10154,2,141.33,0.54,4,30,Month-to-Month,Credit Card,1
    CUST-10155,3,63.36,0.2,0,49,Two-Year,Bank Transfer,1
    CUST-10156,56,48.47,0.27,0,111,Month-to-Month,Bank Transfer,1
    CUST-10157,59,84.55,0.12,2,63,Two-Year,Credit Card,0
    CUST-10158,2,56.01,0.22,1,116,Month-to-Month,Bank Transfer,1
    CUST-10159,2,89.54,0.74,2,81,Month-to-Month,Bank Transfer,1
    CUST-10160,54,65.31,0.57,1,29,One-Year,Electronic Check,0
    CUST-10161,1,37.17,0.85,1,76,Month-to-Month,Bank Transfer,1
    CUST-10162,19,54.57,0.04,2,72,One-Year,Bank Transfer,0
    CUST-10163,2,77.0,0.71,4,79,Month-to-Month,Electronic Check,1
    CUST-10164,53,23.94,0.63,2,53,One-Year,Credit Card,1
    CUST-10165,44,120.18,0.23,1,98,Two-Year,Bank Transfer,0
    CUST-10166,32,100.84,0.66,0,28,Two-Year,Electronic Check,1
    CUST-10167,70,98.18,0.64,0,85,Month-to-Month,Credit Card,1
    CUST-10168,32,90.99,0.41,1,53,Month-to-Month,Bank Transfer,1
    CUST-10169,68,96.74,0.62,3,17,Month-to-Month,Bank Transfer,1
    CUST-10170,55,141.5,0.4,2,117,One-Year,Bank Transfer,1
    CUST-10171,56,21.11,0.3,3,106,Two-Year,Electronic Check,1
    CUST-10172,17,26.21,0.42,1,82,Month-to-Month,Credit Card,1
    CUST-10173,38,44.89,0.81,2,24,One-Year,Credit Card,1
    CUST-10174,24,41.75,0.35,1,88,One-Year,Bank Transfer,1
    CUST-10175,69,43.56,0.36,2,76,One-Year,Electronic Check,0
    CUST-10176,70,107.35,0.55,4,65,One-Year,Credit Card,1
    CUST-10177,11,79.73,0.68,4,36,Month-to-Month,Credit Card,1
    CUST-10178,16,148.93,0.66,3,32,One-Year,Credit Card,1
    CUST-10179,59,49.5,0.02,5,69,Month-to-Month,Electronic Check,1
    CUST-10180,70,60.41,0.62,0,26,One-Year,Bank Transfer,0
    CUST-10181,3,147.95,0.41,2,56,Month-to-Month,Credit Card,1
    CUST-10182,20,128.13,0.47,1,67,Two-Year,Electronic Check,1
    CUST-10183,59,81.07,0.51,1,33,Two-Year,Bank Transfer,0
    CUST-10184,36,92.1,0.66,1,39,One-Year,Bank Transfer,1
    CUST-10185,19,129.61,0.75,2,84,Month-to-Month,Electronic Check,1
    CUST-10186,67,82.53,0.58,1,58,Two-Year,Bank Transfer,0
    CUST-10187,19,46.78,0.51,2,12,Two-Year,Bank Transfer,0
    CUST-10188,20,127.7,0.34,4,117,One-Year,Electronic Check,1
    CUST-10189,71,89.91,0.12,5,102,Two-Year,Bank Transfer,1
    CUST-10190,52,39.9,0.86,2,84,Month-to-Month,Electronic Check,1
    CUST-10191,33,85.73,0.42,0,81,One-Year,Credit Card,1
    CUST-10192,40,73.72,0.51,4,43,Month-to-Month,Electronic Check,1
    CUST-10193,39,133.99,0.68,3,72,Month-to-Month,Credit Card,1
    CUST-10194,1,36.39,0.06,1,107,One-Year,Credit Card,1
    CUST-10195,11,133.78,0.77,2,13,One-Year,Credit Card,1
    CUST-10196,57,86.59,0.72,2,73,Month-to-Month,Electronic Check,1
    CUST-10197,50,72.57,0.7,3,83,One-Year,Electronic Check,1
    CUST-10198,23,41.06,0.02,3,90,Month-to-Month,Electronic Check,1
    CUST-10199,31,111.11,0.47,4,116,One-Year,Credit Card,1
    CUST-10200,42,140.48,0.05,2,5,One-Year,Bank Transfer,0
    CUST-10201,7,68.8,0.5,2,106,Month-to-Month,Bank Transfer,1
    CUST-10202,16,51.41,0.65,7,45,One-Year,Electronic Check,1
    CUST-10203,60,92.13,0.11,1,89,Month-to-Month,Bank Transfer,0
    CUST-10204,2,123.5,0.63,5,5,One-Year,Credit Card,1
    CUST-10205,1,20.49,0.4,0,23,Month-to-Month,Credit Card,1
    CUST-10206,48,102.08,0.73,3,35,Month-to-Month,Bank Transfer,1
    CUST-10207,12,97.55,0.48,0,113,Month-to-Month,Bank Transfer,1
    CUST-10208,69,61.36,0.3,1,96,Two-Year,Credit Card,0
    CUST-10209,37,78.68,0.3,1,54,Month-to-Month,Electronic Check,1
    CUST-10210,32,52.11,0.81,5,106,Month-to-Month,Electronic Check,1
    CUST-10211,9,122.69,0.41,2,49,Month-to-Month,Bank Transfer,1
    CUST-10212,19,102.49,0.37,1,70,Month-to-Month,Bank Transfer,1
    CUST-10213,48,89.25,0.04,0,78,Month-to-Month,Electronic Check,1
    CUST-10214,3,71.03,0.33,2,105,Month-to-Month,Bank Transfer,1
    CUST-10215,20,57.88,0.76,1,93,Month-to-Month,Bank Transfer,1
    CUST-10216,24,126.96,0.68,2,37,Month-to-Month,Bank Transfer,1
    CUST-10217,54,78.68,0.2,0,119,Month-to-Month,Credit Card,1
    CUST-10218,33,85.19,0.37,4,22,Month-to-Month,Electronic Check,1
    CUST-10219,24,87.71,0.18,2,84,Month-to-Month,Bank Transfer,1
    CUST-10220,36,78.29,0.86,3,8,One-Year,Bank Transfer,1
    CUST-10221,38,53.29,0.54,1,91,One-Year,Bank Transfer,1
    CUST-10222,25,35.64,0.68,1,57,One-Year,Bank Transfer,1
    CUST-10223,18,32.81,0.64,3,112,Month-to-Month,Bank Transfer,1
    CUST-10224,66,118.47,0.79,2,71,One-Year,Bank Transfer,1
    CUST-10225,54,49.06,0.85,1,60,Two-Year,Credit Card,1
    CUST-10226,35,27.24,0.03,2,55,One-Year,Credit Card,0
    CUST-10227,61,123.68,0.88,3,34,Month-to-Month,Credit Card,1
    CUST-10228,41,40.03,0.78,1,41,One-Year,Credit Card,1
    CUST-10229,33,101.27,0.34,1,28,Month-to-Month,Bank Transfer,1
    CUST-10230,68,64.02,0.75,3,31,Month-to-Month,Bank Transfer,1
    CUST-10231,33,36.44,0.66,2,21,One-Year,Bank Transfer,1
    CUST-10232,14,73.88,0.71,5,74,One-Year,Credit Card,1
    CUST-10233,21,21.93,0.2,2,51,Month-to-Month,Credit Card,1
    CUST-10234,48,129.34,0.58,3,36,Month-to-Month,Credit Card,1
    CUST-10235,20,86.75,0.02,0,77,Two-Year,Electronic Check,0
    CUST-10236,8,38.09,0.76,2,26,Month-to-Month,Bank Transfer,1
    CUST-10237,7,50.81,0.86,1,98,Month-to-Month,Credit Card,1
    CUST-10238,67,78.24,0.6,3,19,One-Year,Credit Card,0
    CUST-10239,17,44.55,0.46,4,6,Two-Year,Bank Transfer,1
    CUST-10240,33,54.92,0.65,3,48,Two-Year,Electronic Check,1
    CUST-10241,48,89.47,0.29,3,15,Month-to-Month,Credit Card,1
    CUST-10242,59,128.24,0.56,0,110,Month-to-Month,Electronic Check,1
    CUST-10243,22,72.24,0.65,1,109,One-Year,Credit Card,1
    CUST-10244,30,113.21,0.13,1,49,One-Year,Credit Card,0
    CUST-10245,38,133.97,0.13,1,18,One-Year,Bank Transfer,0
    CUST-10246,51,48.12,0.64,4,84,Month-to-Month,Electronic Check,1
    CUST-10247,54,124.93,0.39,2,65,Two-Year,Credit Card,1
    CUST-10248,8,118.46,0.8,0,22,Two-Year,Bank Transfer,0
    CUST-10249,27,66.4,0.28,4,60,Month-to-Month,Credit Card,1
    CUST-10250,27,148.64,0.04,2,36,Month-to-Month,Bank Transfer,1
    CUST-10251,21,54.13,0.58,2,112,One-Year,Credit Card,1
    CUST-10252,30,53.12,0.62,4,82,Month-to-Month,Bank Transfer,1
    CUST-10253,28,120.39,0.5,3,10,One-Year,Credit Card,1
    CUST-10254,64,76.51,0.61,2,20,Month-to-Month,Bank Transfer,1
    CUST-10255,69,63.0,0.47,2,104,Month-to-Month,Bank Transfer,1
    CUST-10256,61,43.23,0.62,1,70,Two-Year,Electronic Check,0
    CUST-10257,48,119.49,0.04,2,113,One-Year,Bank Transfer,0
    CUST-10258,19,122.22,0.33,3,61,Month-to-Month,Electronic Check,1
    CUST-10259,4,93.65,0.19,5,101,One-Year,Bank Transfer,1
    CUST-10260,35,144.45,0.09,5,59,One-Year,Bank Transfer,1
    CUST-10261,64,61.36,0.21,1,22,Month-to-Month,Bank Transfer,0
    CUST-10262,49,48.55,0.17,1,68,Two-Year,Bank Transfer,0
    CUST-10263,17,108.07,0.88,0,4,Month-to-Month,Electronic Check,1
    CUST-10264,44,118.59,0.26,2,83,Two-Year,Bank Transfer,0
    CUST-10265,30,49.24,0.21,1,29,Month-to-Month,Bank Transfer,1
    CUST-10266,46,29.96,0.75,2,58,One-Year,Bank Transfer,1
    CUST-10267,6,125.37,0.38,1,58,Month-to-Month,Bank Transfer,1
    CUST-10268,37,146.95,0.38,0,54,Two-Year,Bank Transfer,0
    CUST-10269,24,103.81,0.4,4,28,Month-to-Month,Bank Transfer,1
    CUST-10270,46,56.12,0.37,2,105,Month-to-Month,Credit Card,1
    CUST-10271,53,149.57,0.29,1,77,Two-Year,Electronic Check,0
    CUST-10272,60,136.12,0.26,2,39,Month-to-Month,Electronic Check,0
    CUST-10273,63,86.74,0.79,1,57,Two-Year,Bank Transfer,1
    CUST-10274,32,127.29,0.15,1,64,Month-to-Month,Credit Card,0
    CUST-10275,33,126.06,0.16,2,92,One-Year,Credit Card,1
    CUST-10276,67,141.52,0.51,3,30,One-Year,Electronic Check,0
    CUST-10277,18,129.32,0.31,1,86,Month-to-Month,Credit Card,1
    CUST-10278,25,103.68,0.38,2,50,Two-Year,Credit Card,0
    CUST-10279,54,99.21,0.73,3,54,One-Year,Electronic Check,1
    CUST-10280,58,80.76,0.81,1,23,Month-to-Month,Electronic Check,1
    CUST-10281,67,101.44,0.71,1,18,Month-to-Month,Electronic Check,1
    CUST-10282,46,123.38,0.21,0,81,Month-to-Month,Bank Transfer,1
    CUST-10283,24,145.97,0.88,2,54,One-Year,Electronic Check,1
    CUST-10284,32,80.75,0.33,0,95,Month-to-Month,Electronic Check,1
    CUST-10285,47,94.57,0.15,2,28,Month-to-Month,Credit Card,1
    CUST-10286,23,77.82,0.45,0,8,Two-Year,Credit Card,0
    CUST-10287,66,106.9,0.65,2,32,Month-to-Month,Electronic Check,1
    CUST-10288,27,101.89,0.07,2,107,Two-Year,Electronic Check,1
    CUST-10289,2,22.32,0.57,7,6,Two-Year,Credit Card,1
    CUST-10290,17,90.35,0.77,2,72,Two-Year,Electronic Check,1
    CUST-10291,33,31.5,0.24,3,118,Month-to-Month,Bank Transfer,1
    CUST-10292,9,23.43,0.62,3,86,Two-Year,Electronic Check,1
    CUST-10293,43,122.86,0.36,1,40,Month-to-Month,Credit Card,1
    CUST-10294,48,53.62,0.37,2,51,Month-to-Month,Bank Transfer,1
    CUST-10295,39,64.29,0.25,1,47,Two-Year,Electronic Check,0
    CUST-10296,42,28.33,0.56,1,95,Month-to-Month,Credit Card,1
    CUST-10297,26,43.34,0.32,1,115,One-Year,Credit Card,1
    CUST-10298,50,119.53,0.75,1,70,Month-to-Month,Credit Card,1
    CUST-10299,25,84.16,0.87,5,68,Month-to-Month,Credit Card,1
    CUST-10300,24,134.49,0.84,3,119,One-Year,Bank Transfer,1
    CUST-10301,13,71.64,0.15,0,7,Two-Year,Electronic Check,0
    CUST-10302,60,54.93,0.01,1,98,Month-to-Month,Electronic Check,1
    CUST-10303,7,65.19,0.39,0,27,Month-to-Month,Electronic Check,1
    CUST-10304,57,112.66,0.66,2,66,Month-to-Month,Electronic Check,1
    CUST-10305,36,92.15,0.88,2,54,Month-to-Month,Credit Card,1
    CUST-10306,45,137.54,0.71,1,14,Month-to-Month,Bank Transfer,1
    CUST-10307,20,98.28,0.52,3,105,Month-to-Month,Credit Card,1
    CUST-10308,65,84.09,0.02,2,93,One-Year,Bank Transfer,0
    CUST-10309,8,122.15,0.74,2,103,Month-to-Month,Electronic Check,1
    CUST-10310,16,143.18,0.16,1,22,Month-to-Month,Credit Card,1
    CUST-10311,14,66.26,0.05,1,69,Month-to-Month,Credit Card,1
    CUST-10312,15,52.48,0.77,0,56,Two-Year,Electronic Check,1
    CUST-10313,66,100.11,0.51,4,108,Month-to-Month,Bank Transfer,1
    CUST-10314,32,84.85,0.12,2,82,Month-to-Month,Bank Transfer,1
    CUST-10315,63,148.59,0.35,2,60,Two-Year,Bank Transfer,0
    CUST-10316,51,80.11,0.08,1,51,Month-to-Month,Credit Card,0
    CUST-10317,25,29.66,0.57,4,16,Two-Year,Credit Card,1
    CUST-10318,58,147.06,0.25,2,108,Month-to-Month,Credit Card,1
    CUST-10319,63,129.67,0.78,4,6,Month-to-Month,Bank Transfer,1
    CUST-10320,62,43.17,0.32,0,1,Month-to-Month,Credit Card,0
    CUST-10321,22,137.6,0.45,3,12,One-Year,Bank Transfer,0
    CUST-10322,58,64.29,0.06,4,24,Month-to-Month,Electronic Check,1
    CUST-10323,58,69.02,0.25,3,75,Month-to-Month,Credit Card,1
    CUST-10324,49,137.83,0.61,6,43,One-Year,Credit Card,1
    CUST-10325,52,88.92,0.66,1,105,Month-to-Month,Electronic Check,1
    CUST-10326,42,37.91,0.22,3,34,One-Year,Electronic Check,0
    CUST-10327,70,67.98,0.45,1,93,One-Year,Bank Transfer,1
    CUST-10328,15,113.87,0.74,2,96,One-Year,Electronic Check,1
    CUST-10329,54,42.64,0.34,2,57,Month-to-Month,Credit Card,1
    CUST-10330,60,96.73,0.12,0,21,Month-to-Month,Electronic Check,0
    CUST-10331,8,110.39,0.39,4,40,One-Year,Electronic Check,1
    CUST-10332,53,64.7,0.54,1,33,Two-Year,Credit Card,0
    CUST-10333,60,110.2,0.01,3,33,One-Year,Bank Transfer,0
    CUST-10334,5,134.95,0.31,0,28,Month-to-Month,Credit Card,1
    CUST-10335,68,81.38,0.55,3,108,One-Year,Credit Card,1
    CUST-10336,6,69.78,0.86,3,100,One-Year,Electronic Check,1
    CUST-10337,47,52.65,0.37,2,65,Two-Year,Electronic Check,0
    CUST-10338,55,98.55,0.15,1,76,Month-to-Month,Credit Card,1
    CUST-10339,40,134.38,0.48,0,46,Month-to-Month,Electronic Check,1
    CUST-10340,52,62.21,0.26,2,33,Two-Year,Bank Transfer,0
    CUST-10341,16,71.51,0.19,2,108,Month-to-Month,Electronic Check,1
    CUST-10342,13,72.86,0.53,5,69,One-Year,Bank Transfer,1
    CUST-10343,30,92.91,0.82,4,66,One-Year,Credit Card,1
    CUST-10344,19,49.69,0.75,3,36,One-Year,Electronic Check,1
    CUST-10345,17,126.89,0.16,0,88,One-Year,Electronic Check,1
    CUST-10346,63,58.43,0.69,4,107,Month-to-Month,Bank Transfer,1
    CUST-10347,19,111.7,0.21,0,54,One-Year,Bank Transfer,0
    CUST-10348,58,86.72,0.26,1,50,One-Year,Credit Card,0
    CUST-10349,55,96.17,0.83,2,51,Two-Year,Credit Card,1
    CUST-10350,62,43.35,0.82,2,114,Month-to-Month,Credit Card,1
    CUST-10351,23,115.55,0.15,1,52,Month-to-Month,Credit Card,1
    CUST-10352,9,44.52,0.06,3,111,Month-to-Month,Bank Transfer,1
    CUST-10353,12,34.75,0.26,2,21,One-Year,Electronic Check,0
    CUST-10354,1,91.07,0.52,1,30,Month-to-Month,Electronic Check,1
    CUST-10355,58,112.21,0.79,4,15,Month-to-Month,Credit Card,1
    CUST-10356,1,26.5,0.11,6,9,Month-to-Month,Electronic Check,1
    CUST-10357,34,29.02,0.37,6,119,Two-Year,Credit Card,1
    CUST-10358,48,124.35,0.24,1,32,Month-to-Month,Electronic Check,0
    CUST-10359,1,125.17,0.01,3,72,Month-to-Month,Electronic Check,1
    CUST-10360,16,51.89,0.71,3,23,Month-to-Month,Electronic Check,1
    CUST-10361,61,99.98,0.73,4,27,Month-to-Month,Electronic Check,1
    CUST-10362,64,77.61,0.2,1,42,Month-to-Month,Bank Transfer,0
    CUST-10363,63,102.25,0.14,3,8,One-Year,Electronic Check,0
    CUST-10364,69,132.17,0.13,2,93,One-Year,Bank Transfer,0
    CUST-10365,22,30.38,0.42,3,11,One-Year,Bank Transfer,0
    CUST-10366,67,121.14,0.22,6,21,Month-to-Month,Bank Transfer,1
    CUST-10367,26,84.09,0.46,1,115,Month-to-Month,Electronic Check,1
    CUST-10368,16,93.34,0.35,1,44,Two-Year,Credit Card,0
    CUST-10369,51,105.01,0.19,1,39,Month-to-Month,Credit Card,1
    CUST-10370,57,139.94,0.68,2,94,One-Year,Bank Transfer,1
    CUST-10371,29,27.37,0.14,7,33,Two-Year,Bank Transfer,1
    CUST-10372,69,23.83,0.72,2,67,Month-to-Month,Electronic Check,1
    CUST-10373,47,43.17,0.51,2,55,Month-to-Month,Credit Card,1
    CUST-10374,62,148.24,0.75,3,13,Month-to-Month,Bank Transfer,1
    CUST-10375,69,112.96,0.0,1,36,Month-to-Month,Credit Card,0
    CUST-10376,16,99.9,0.67,2,87,Two-Year,Credit Card,1
    CUST-10377,48,26.12,0.05,1,26,Month-to-Month,Electronic Check,0
    CUST-10378,39,134.28,0.86,2,74,Month-to-Month,Bank Transfer,1
    CUST-10379,33,125.66,0.63,2,38,Two-Year,Electronic Check,1
    CUST-10380,23,106.42,0.29,2,100,Month-to-Month,Credit Card,1
    CUST-10381,10,64.09,0.29,2,23,Two-Year,Credit Card,0
    CUST-10382,69,29.17,0.78,1,8,Month-to-Month,Bank Transfer,1
    CUST-10383,34,95.41,0.81,1,14,Two-Year,Bank Transfer,1
    CUST-10384,52,113.56,0.8,3,24,Month-to-Month,Electronic Check,1
    CUST-10385,10,32.25,0.73,2,119,Month-to-Month,Electronic Check,1
    CUST-10386,19,102.39,0.74,5,82,Month-to-Month,Electronic Check,1
    CUST-10387,58,57.23,0.52,2,40,Month-to-Month,Bank Transfer,1
    CUST-10388,1,119.35,0.03,2,101,Month-to-Month,Bank Transfer,1
    CUST-10389,69,90.15,0.08,2,110,Month-to-Month,Bank Transfer,1
    CUST-10390,4,36.77,0.58,1,25,One-Year,Credit Card,1
    CUST-10391,16,88.45,0.36,2,118,Two-Year,Electronic Check,1
    CUST-10392,24,71.45,0.51,1,111,Two-Year,Electronic Check,1
    CUST-10393,2,43.45,0.21,3,84,One-Year,Bank Transfer,1
    CUST-10394,32,129.4,0.58,2,25,Month-to-Month,Bank Transfer,1
    CUST-10395,24,21.43,0.22,1,17,Month-to-Month,Electronic Check,1
    CUST-10396,12,60.58,0.41,0,4,Month-to-Month,Credit Card,1
    CUST-10397,50,21.64,0.43,2,85,Month-to-Month,Electronic Check,1
    CUST-10398,35,32.48,0.16,3,84,One-Year,Bank Transfer,1
    CUST-10399,33,58.62,0.79,0,109,One-Year,Electronic Check,1
    CUST-10400,33,27.06,0.47,1,111,Two-Year,Electronic Check,1
    CUST-10401,61,97.56,0.78,0,105,Two-Year,Electronic Check,0
    CUST-10402,51,31.29,0.24,1,81,One-Year,Credit Card,0
    CUST-10403,43,111.22,0.16,2,99,Two-Year,Bank Transfer,1
    CUST-10404,12,26.84,0.02,5,41,Month-to-Month,Electronic Check,1
    CUST-10405,67,27.71,0.08,1,60,Two-Year,Credit Card,0
    CUST-10406,65,59.69,0.13,3,87,Month-to-Month,Electronic Check,1
    CUST-10407,33,136.55,0.07,0,85,Month-to-Month,Credit Card,1
    CUST-10408,40,103.38,0.81,3,43,One-Year,Bank Transfer,1
    CUST-10409,43,120.12,0.82,1,54,Month-to-Month,Bank Transfer,1
    CUST-10410,44,38.4,0.84,2,52,Month-to-Month,Credit Card,1
    CUST-10411,29,128.44,0.86,1,21,Month-to-Month,Credit Card,1
    CUST-10412,13,21.06,0.44,3,24,One-Year,Electronic Check,1
    CUST-10413,12,47.7,0.48,2,37,Two-Year,Credit Card,1
    CUST-10414,46,100.09,0.12,2,82,Month-to-Month,Bank Transfer,1
    CUST-10415,2,68.78,0.12,1,44,Two-Year,Bank Transfer,0
    CUST-10416,35,147.95,0.7,2,83,Two-Year,Bank Transfer,1
    CUST-10417,8,23.94,0.77,2,5,Month-to-Month,Bank Transfer,1
    CUST-10418,26,149.82,0.71,2,61,One-Year,Bank Transfer,1
    CUST-10419,34,101.07,0.75,1,44,Two-Year,Bank Transfer,1
    CUST-10420,7,92.63,0.25,1,91,Two-Year,Bank Transfer,1
    CUST-10421,68,27.74,0.42,1,6,Month-to-Month,Electronic Check,0
    CUST-10422,58,55.53,0.41,1,113,Month-to-Month,Bank Transfer,1
    CUST-10423,29,140.21,0.9,3,78,Two-Year,Credit Card,1
    CUST-10424,36,66.05,0.85,1,3,Month-to-Month,Credit Card,1
    CUST-10425,21,106.01,0.54,2,65,Month-to-Month,Electronic Check,1
    CUST-10426,36,149.93,0.12,0,31,Month-to-Month,Bank Transfer,0
    CUST-10427,10,54.2,0.23,2,55,One-Year,Bank Transfer,1
    CUST-10428,24,94.89,0.33,1,45,Month-to-Month,Bank Transfer,1
    CUST-10429,64,110.54,0.79,3,114,One-Year,Bank Transfer,1
    CUST-10430,49,41.4,0.15,1,74,One-Year,Bank Transfer,0
    CUST-10431,36,39.33,0.2,4,55,Month-to-Month,Bank Transfer,1
    CUST-10432,24,79.32,0.31,2,60,Month-to-Month,Electronic Check,1
    CUST-10433,23,70.16,0.83,6,31,Two-Year,Electronic Check,1
    CUST-10434,62,112.85,0.45,6,115,One-Year,Credit Card,1
    CUST-10435,37,29.04,0.58,3,115,One-Year,Credit Card,1
    CUST-10436,12,146.38,0.35,1,81,Month-to-Month,Credit Card,1
    CUST-10437,55,21.86,0.17,0,39,Month-to-Month,Bank Transfer,0
    CUST-10438,13,98.17,0.2,2,104,One-Year,Electronic Check,1
    CUST-10439,23,93.14,0.72,2,48,One-Year,Electronic Check,1
    CUST-10440,30,37.51,0.8,2,80,Month-to-Month,Bank Transfer,1
    CUST-10441,17,39.62,0.44,2,27,Month-to-Month,Bank Transfer,1
    CUST-10442,62,123.05,0.32,2,16,Month-to-Month,Electronic Check,0
    CUST-10443,13,135.38,0.73,2,52,Month-to-Month,Credit Card,1
    CUST-10444,59,56.79,0.61,0,105,Two-Year,Credit Card,1
    CUST-10445,19,76.94,0.04,0,109,Month-to-Month,Credit Card,1
    CUST-10446,49,66.15,0.32,3,4,Month-to-Month,Credit Card,1
    CUST-10447,12,29.43,0.61,4,42,Two-Year,Credit Card,1
    CUST-10448,61,107.52,0.52,3,117,One-Year,Credit Card,1
    CUST-10449,19,127.28,0.88,1,91,One-Year,Electronic Check,1
    CUST-10450,9,59.63,0.78,1,54,One-Year,Bank Transfer,1
    CUST-10451,71,148.72,0.05,2,9,Month-to-Month,Electronic Check,0
    CUST-10452,28,29.86,0.65,0,25,Two-Year,Electronic Check,1
    CUST-10453,52,106.03,0.3,1,88,Month-to-Month,Bank Transfer,1
    CUST-10454,16,78.27,0.61,10,58,Month-to-Month,Credit Card,1
    CUST-10455,69,78.06,0.56,3,92,Month-to-Month,Credit Card,1
    CUST-10456,12,79.49,0.45,2,18,One-Year,Bank Transfer,1
    CUST-10457,25,53.63,0.77,1,44,Month-to-Month,Electronic Check,1
    CUST-10458,52,113.02,0.64,2,90,Month-to-Month,Bank Transfer,1
    CUST-10459,53,113.8,0.8,0,74,Month-to-Month,Electronic Check,1
    CUST-10460,23,56.71,0.25,2,49,Month-to-Month,Bank Transfer,1
    CUST-10461,16,128.59,0.31,2,44,Month-to-Month,Bank Transfer,1
    CUST-10462,57,61.19,0.56,5,98,Month-to-Month,Electronic Check,1
    CUST-10463,39,114.26,0.87,0,110,Month-to-Month,Credit Card,1
    CUST-10464,53,35.73,0.33,5,102,Month-to-Month,Electronic Check,1
    CUST-10465,42,41.93,0.03,6,75,Month-to-Month,Electronic Check,1
    CUST-10466,58,61.05,0.4,2,78,One-Year,Credit Card,0
    CUST-10467,39,97.2,0.49,3,119,Month-to-Month,Credit Card,1
    CUST-10468,14,103.92,0.72,1,110,Month-to-Month,Credit Card,1
    CUST-10469,5,71.53,0.66,4,38,Two-Year,Electronic Check,1
    CUST-10470,35,30.12,0.87,3,65,Two-Year,Bank Transfer,1
    CUST-10471,18,68.57,0.7,0,81,One-Year,Credit Card,1
    CUST-10472,9,109.54,0.27,4,113,Month-to-Month,Bank Transfer,1
    CUST-10473,58,107.23,0.58,2,81,One-Year,Electronic Check,1
    CUST-10474,17,40.83,0.61,3,10,Month-to-Month,Credit Card,1
    CUST-10475,7,21.01,0.9,1,63,Month-to-Month,Electronic Check,1
    CUST-10476,46,117.89,0.12,3,94,Month-to-Month,Bank Transfer,1
    CUST-10477,13,33.83,0.17,0,106,Two-Year,Electronic Check,0
    CUST-10478,40,30.71,0.14,2,46,One-Year,Credit Card,0
    CUST-10479,42,20.35,0.53,1,97,Month-to-Month,Credit Card,1
    CUST-10480,9,76.24,0.12,3,2,Two-Year,Electronic Check,0
    CUST-10481,50,85.42,0.59,2,114,Month-to-Month,Bank Transfer,1
    CUST-10482,27,102.9,0.72,3,20,Month-to-Month,Electronic Check,1
    CUST-10483,66,58.49,0.39,3,96,One-Year,Electronic Check,1
    CUST-10484,5,112.36,0.5,1,3,One-Year,Credit Card,1
    CUST-10485,29,42.01,0.82,5,36,Month-to-Month,Credit Card,1
    CUST-10486,37,128.16,0.51,1,5,Month-to-Month,Credit Card,1
    CUST-10487,38,94.34,0.19,1,20,Month-to-Month,Electronic Check,0
    CUST-10488,8,95.91,0.31,1,3,One-Year,Electronic Check,1
    CUST-10489,65,47.27,0.48,2,3,Month-to-Month,Bank Transfer,1
    CUST-10490,17,29.63,0.14,0,100,One-Year,Electronic Check,0
    CUST-10491,71,80.41,0.55,1,70,Month-to-Month,Electronic Check,1
    CUST-10492,45,100.03,0.9,3,103,Month-to-Month,Bank Transfer,1
    CUST-10493,4,32.36,0.59,2,100,Month-to-Month,Credit Card,1
    CUST-10494,36,143.57,0.34,2,88,Two-Year,Credit Card,1
    CUST-10495,70,147.45,0.3,2,47,One-Year,Bank Transfer,0
    CUST-10496,31,90.91,0.84,3,102,One-Year,Bank Transfer,1
    CUST-10497,19,143.51,0.78,2,37,One-Year,Bank Transfer,1
    CUST-10498,61,43.33,0.43,0,8,Two-Year,Electronic Check,0
    CUST-10499,54,23.3,0.32,2,102,Month-to-Month,Credit Card,1
    CUST-10500,39,25.12,0.64,5,113,One-Year,Bank Transfer,1
    CUST-10501,19,96.38,0.28,4,80,One-Year,Electronic Check,1
    CUST-10502,39,28.01,0.11,3,107,One-Year,Credit Card,1
    CUST-10503,67,144.61,0.28,2,1,Two-Year,Electronic Check,0
    CUST-10504,45,38.45,0.39,1,78,One-Year,Bank Transfer,1
    CUST-10505,13,59.61,0.23,1,45,Two-Year,Bank Transfer,0
    CUST-10506,58,126.93,0.2,0,74,Month-to-Month,Bank Transfer,0
    CUST-10507,20,48.44,0.01,2,10,Month-to-Month,Bank Transfer,1
    CUST-10508,61,51.59,0.57,2,86,Month-to-Month,Bank Transfer,1
    CUST-10509,39,103.5,0.55,2,104,Two-Year,Bank Transfer,1
    CUST-10510,1,55.89,0.17,1,105,Month-to-Month,Electronic Check,1
    CUST-10511,3,48.27,0.85,2,95,One-Year,Credit Card,1
    CUST-10512,62,53.04,0.37,2,68,Month-to-Month,Credit Card,1
    CUST-10513,63,83.78,0.02,1,43,Two-Year,Credit Card,0
    CUST-10514,25,145.59,0.2,4,87,Month-to-Month,Electronic Check,1
    CUST-10515,56,128.19,0.62,4,41,One-Year,Electronic Check,1
    CUST-10516,33,57.0,0.18,1,12,One-Year,Bank Transfer,0
    CUST-10517,38,67.24,0.05,4,109,Month-to-Month,Credit Card,1
    CUST-10518,6,80.39,0.56,3,8,One-Year,Electronic Check,1
    CUST-10519,58,147.26,0.47,0,45,Month-to-Month,Electronic Check,1
    CUST-10520,44,42.41,0.69,0,88,Two-Year,Credit Card,1
    CUST-10521,45,66.47,0.7,6,1,Month-to-Month,Electronic Check,1
    CUST-10522,32,114.83,0.86,3,26,One-Year,Bank Transfer,1
    CUST-10523,45,145.31,0.05,1,86,Month-to-Month,Credit Card,0
    CUST-10524,61,40.24,0.04,2,107,Month-to-Month,Bank Transfer,1
    CUST-10525,47,49.56,0.89,4,89,Month-to-Month,Electronic Check,1
    CUST-10526,21,49.34,0.58,2,31,One-Year,Electronic Check,1
    CUST-10527,36,22.72,0.64,5,56,One-Year,Electronic Check,1
    CUST-10528,19,98.54,0.09,1,98,Month-to-Month,Credit Card,1
    CUST-10529,20,107.19,0.06,4,37,Two-Year,Electronic Check,1
    CUST-10530,57,98.33,0.14,0,75,Month-to-Month,Credit Card,1
    CUST-10531,18,29.27,0.38,2,4,Month-to-Month,Electronic Check,1
    CUST-10532,47,29.0,0.1,2,72,Month-to-Month,Bank Transfer,1
    CUST-10533,49,47.35,0.4,1,44,Month-to-Month,Bank Transfer,1
    CUST-10534,14,57.74,0.51,1,99,Month-to-Month,Credit Card,1
    CUST-10535,15,122.25,0.0,2,89,Month-to-Month,Electronic Check,1
    CUST-10536,31,40.72,0.1,2,95,Month-to-Month,Credit Card,1
    CUST-10537,1,25.73,0.34,3,49,Two-Year,Electronic Check,1
    CUST-10538,54,71.22,0.05,0,87,Month-to-Month,Credit Card,1
    CUST-10539,3,74.13,0.12,2,40,Month-to-Month,Bank Transfer,1
    CUST-10540,16,78.62,0.21,1,102,Month-to-Month,Credit Card,1
    CUST-10541,57,127.5,0.39,1,68,Month-to-Month,Electronic Check,1
    CUST-10542,12,32.74,0.64,4,100,Month-to-Month,Credit Card,1
    CUST-10543,16,111.51,0.12,0,71,One-Year,Bank Transfer,0
    CUST-10544,24,63.93,0.66,5,10,One-Year,Electronic Check,1
    CUST-10545,28,60.3,0.77,0,70,Month-to-Month,Bank Transfer,1
    CUST-10546,8,141.23,0.59,1,95,Month-to-Month,Electronic Check,1
    CUST-10547,36,52.3,0.04,5,4,One-Year,Electronic Check,0
    CUST-10548,8,103.53,0.4,6,21,One-Year,Bank Transfer,1
    CUST-10549,58,55.77,0.59,2,42,Month-to-Month,Electronic Check,1
    CUST-10550,60,85.93,0.88,2,84,Month-to-Month,Credit Card,1
    CUST-10551,50,122.22,0.86,4,81,One-Year,Electronic Check,1
    CUST-10552,28,134.62,0.36,3,116,Month-to-Month,Credit Card,1
    CUST-10553,41,129.03,0.55,2,6,Two-Year,Electronic Check,0
    CUST-10554,64,95.68,0.8,5,11,Month-to-Month,Bank Transfer,1
    CUST-10555,27,52.35,0.75,0,82,One-Year,Credit Card,1
    CUST-10556,63,105.96,0.43,3,119,Month-to-Month,Electronic Check,1
    CUST-10557,17,112.29,0.24,2,73,One-Year,Bank Transfer,1
    CUST-10558,33,21.39,0.12,1,12,Month-to-Month,Electronic Check,0
    CUST-10559,29,77.1,0.44,3,31,Month-to-Month,Credit Card,1
    CUST-10560,13,129.62,0.65,3,31,One-Year,Credit Card,1
    CUST-10561,46,83.65,0.87,2,43,Month-to-Month,Electronic Check,1
    CUST-10562,35,60.48,0.78,0,58,Month-to-Month,Credit Card,1
    CUST-10563,6,133.33,0.18,3,50,One-Year,Bank Transfer,1
    CUST-10564,69,40.26,0.65,1,119,Month-to-Month,Credit Card,1
    CUST-10565,47,46.84,0.26,2,98,One-Year,Electronic Check,0
    CUST-10566,25,109.36,0.62,3,80,Month-to-Month,Credit Card,1
    CUST-10567,66,65.82,0.6,0,41,One-Year,Credit Card,0
    CUST-10568,10,112.69,0.25,1,112,One-Year,Credit Card,1
    CUST-10569,56,40.5,0.21,2,76,Month-to-Month,Electronic Check,1
    CUST-10570,30,52.79,0.09,1,113,Month-to-Month,Electronic Check,1
    CUST-10571,5,40.36,0.05,1,77,Month-to-Month,Credit Card,1
    CUST-10572,33,143.88,0.77,3,36,Month-to-Month,Credit Card,1
    CUST-10573,65,72.7,0.04,4,77,Month-to-Month,Credit Card,1
    CUST-10574,18,63.84,0.08,3,44,Two-Year,Bank Transfer,0
    CUST-10575,49,21.85,0.21,2,66,Two-Year,Electronic Check,0
    CUST-10576,11,39.94,0.8,2,113,Month-to-Month,Electronic Check,1
    CUST-10577,26,74.75,0.3,6,15,Month-to-Month,Electronic Check,1
    CUST-10578,63,28.91,0.17,3,77,Two-Year,Electronic Check,0
    CUST-10579,59,86.4,0.64,0,34,One-Year,Bank Transfer,0
    CUST-10580,27,79.15,0.29,3,90,Month-to-Month,Electronic Check,1
    CUST-10581,49,119.73,0.3,2,70,Month-to-Month,Credit Card,1
    CUST-10582,33,105.77,0.67,1,85,One-Year,Electronic Check,1
    CUST-10583,1,77.97,0.23,3,44,Month-to-Month,Credit Card,1
    CUST-10584,21,49.21,0.81,1,33,Month-to-Month,Electronic Check,1
    CUST-10585,55,114.49,0.51,4,79,Month-to-Month,Bank Transfer,1
    CUST-10586,6,112.02,0.48,2,99,Month-to-Month,Bank Transfer,1
    CUST-10587,69,39.93,0.24,1,92,Month-to-Month,Bank Transfer,1
    CUST-10588,5,138.92,0.75,3,106,Month-to-Month,Bank Transfer,1
    CUST-10589,3,28.37,0.52,1,6,Two-Year,Bank Transfer,1
    CUST-10590,53,27.15,0.14,1,101,One-Year,Electronic Check,0
    CUST-10591,23,44.36,0.19,1,118,Month-to-Month,Credit Card,1
    CUST-10592,53,138.23,0.42,3,40,Month-to-Month,Credit Card,1
    CUST-10593,37,87.6,0.7,1,6,One-Year,Electronic Check,1
    CUST-10594,17,122.43,0.85,1,75,Month-to-Month,Credit Card,1
    CUST-10595,1,49.62,0.6,0,14,Month-to-Month,Credit Card,1
    CUST-10596,51,83.73,0.46,2,85,One-Year,Credit Card,1
    CUST-10597,45,66.58,0.23,1,84,Month-to-Month,Electronic Check,1
    CUST-10598,4,127.62,0.61,3,5,Month-to-Month,Electronic Check,1
    CUST-10599,62,22.94,0.88,2,45,Two-Year,Credit Card,1
    CUST-10600,65,51.7,0.43,1,59,Month-to-Month,Electronic Check,1
    CUST-10601,32,39.83,0.15,3,73,One-Year,Bank Transfer,1
    CUST-10602,34,131.69,0.09,1,94,Month-to-Month,Bank Transfer,1
    CUST-10603,39,80.78,0.24,1,106,Two-Year,Credit Card,1
    CUST-10604,26,72.55,0.51,2,43,One-Year,Bank Transfer,1
    CUST-10605,34,78.43,0.85,2,102,Two-Year,Bank Transfer,1
    CUST-10606,54,146.35,0.27,1,53,One-Year,Electronic Check,0
    CUST-10607,3,130.53,0.27,2,27,Month-to-Month,Bank Transfer,1
    CUST-10608,50,111.83,0.43,1,69,Two-Year,Credit Card,0
    CUST-10609,12,57.76,0.83,1,69,One-Year,Bank Transfer,1
    CUST-10610,65,41.47,0.38,1,48,One-Year,Bank Transfer,0
    CUST-10611,54,139.79,0.2,2,104,Month-to-Month,Bank Transfer,1
    CUST-10612,5,75.0,0.15,1,79,Month-to-Month,Electronic Check,1
    CUST-10613,57,56.24,0.41,0,111,Month-to-Month,Electronic Check,1
    CUST-10614,17,81.22,0.72,2,73,Month-to-Month,Electronic Check,1
    CUST-10615,47,139.32,0.26,3,111,Two-Year,Bank Transfer,1
    CUST-10616,23,70.32,0.46,2,25,Month-to-Month,Electronic Check,1
    CUST-10617,14,93.14,0.54,4,8,Month-to-Month,Electronic Check,1
    CUST-10618,66,124.39,0.41,0,78,Two-Year,Electronic Check,0
    CUST-10619,51,75.53,0.17,1,103,Month-to-Month,Credit Card,1
    CUST-10620,38,50.36,0.83,0,32,Month-to-Month,Credit Card,1
    CUST-10621,64,149.29,0.51,1,95,Month-to-Month,Bank Transfer,1
    CUST-10622,38,144.35,0.66,3,61,One-Year,Bank Transfer,1
    CUST-10623,50,129.65,0.57,3,87,Month-to-Month,Electronic Check,1
    CUST-10624,30,109.49,0.9,2,108,Two-Year,Credit Card,1
    CUST-10625,51,58.33,0.41,1,1,One-Year,Bank Transfer,0
    CUST-10626,63,138.74,0.38,1,111,One-Year,Bank Transfer,0
    CUST-10627,52,55.82,0.32,1,31,Two-Year,Electronic Check,0
    CUST-10628,38,124.11,0.33,4,71,Month-to-Month,Credit Card,1
    CUST-10629,30,139.37,0.25,2,15,One-Year,Credit Card,0
    CUST-10630,51,98.39,0.88,3,106,Month-to-Month,Bank Transfer,1
    CUST-10631,5,124.4,0.78,0,70,Month-to-Month,Electronic Check,1
    CUST-10632,29,122.92,0.29,1,16,Two-Year,Bank Transfer,0
    CUST-10633,4,45.11,0.27,0,78,One-Year,Electronic Check,1
    CUST-10634,10,106.83,0.09,1,108,Two-Year,Credit Card,1
    CUST-10635,56,32.15,0.79,3,81,Two-Year,Bank Transfer,1
    CUST-10636,17,86.02,0.33,2,74,Month-to-Month,Electronic Check,1
    CUST-10637,17,41.09,0.52,3,93,Two-Year,Electronic Check,1
    CUST-10638,69,74.13,0.81,5,106,One-Year,Electronic Check,1
    CUST-10639,34,128.29,0.37,3,72,Two-Year,Bank Transfer,1
    CUST-10640,6,148.33,0.73,0,57,Month-to-Month,Bank Transfer,1
    CUST-10641,53,61.33,0.39,2,11,Month-to-Month,Bank Transfer,0
    CUST-10642,66,89.15,0.63,4,18,Month-to-Month,Credit Card,1
    CUST-10643,43,86.47,0.39,1,45,Month-to-Month,Electronic Check,1
    CUST-10644,23,144.07,0.35,1,20,Month-to-Month,Electronic Check,1
    CUST-10645,55,82.22,0.89,1,80,Month-to-Month,Electronic Check,1
    CUST-10646,16,110.88,0.55,3,91,Month-to-Month,Electronic Check,1
    CUST-10647,8,139.83,0.33,0,87,Month-to-Month,Credit Card,1
    CUST-10648,4,68.54,0.23,5,14,Month-to-Month,Electronic Check,1
    CUST-10649,4,137.28,0.04,1,76,Month-to-Month,Credit Card,1
    CUST-10650,56,139.27,0.64,2,109,Month-to-Month,Bank Transfer,1
    CUST-10651,25,140.99,0.33,1,27,Month-to-Month,Bank Transfer,1
    CUST-10652,67,55.16,0.74,1,77,Month-to-Month,Electronic Check,1
    CUST-10653,67,72.05,0.33,2,80,Month-to-Month,Bank Transfer,1
    CUST-10654,27,133.15,0.34,2,97,Month-to-Month,Electronic Check,1
    CUST-10655,32,66.69,0.7,1,88,Month-to-Month,Credit Card,1
    CUST-10656,50,98.03,0.44,2,76,Two-Year,Bank Transfer,0
    CUST-10657,61,35.35,0.8,1,9,One-Year,Bank Transfer,0
    CUST-10658,51,27.32,0.53,1,13,Two-Year,Credit Card,0
    CUST-10659,19,73.56,0.22,2,45,Month-to-Month,Credit Card,1
    CUST-10660,21,95.26,0.51,1,8,Month-to-Month,Credit Card,1
    CUST-10661,5,71.05,0.0,4,114,Two-Year,Electronic Check,1
    CUST-10662,42,95.11,0.28,1,56,Month-to-Month,Electronic Check,1
    CUST-10663,61,86.96,0.19,1,82,Month-to-Month,Bank Transfer,1
    CUST-10664,22,109.14,0.59,2,91,Two-Year,Bank Transfer,1
    CUST-10665,21,104.44,0.12,1,105,Month-to-Month,Credit Card,1
    CUST-10666,70,75.15,0.26,1,97,One-Year,Electronic Check,0
    CUST-10667,1,75.25,0.3,3,7,Month-to-Month,Credit Card,1
    CUST-10668,5,38.3,0.0,1,77,Month-to-Month,Credit Card,1
    CUST-10669,12,86.72,0.04,2,15,Month-to-Month,Electronic Check,1
    CUST-10670,46,96.33,0.28,3,98,Month-to-Month,Bank Transfer,1
    CUST-10671,34,81.94,0.2,2,56,Two-Year,Bank Transfer,0
    CUST-10672,49,62.34,0.11,0,104,One-Year,Bank Transfer,0
    CUST-10673,45,113.81,0.14,1,84,Month-to-Month,Bank Transfer,1
    CUST-10674,27,29.71,0.75,3,56,One-Year,Bank Transfer,1
    CUST-10675,26,138.88,0.61,2,37,One-Year,Electronic Check,1
    CUST-10676,47,22.68,0.44,2,64,One-Year,Electronic Check,1
    CUST-10677,56,145.11,0.82,2,105,Month-to-Month,Credit Card,1
    CUST-10678,63,80.11,0.03,3,17,Two-Year,Bank Transfer,0
    CUST-10679,48,73.65,0.31,0,93,Two-Year,Bank Transfer,1
    CUST-10680,61,53.34,0.74,3,21,Month-to-Month,Electronic Check,1
    CUST-10681,26,21.31,0.57,4,78,Two-Year,Credit Card,1
    CUST-10682,36,55.72,0.88,2,93,One-Year,Electronic Check,1
    CUST-10683,1,34.22,0.85,4,105,Two-Year,Electronic Check,1
    CUST-10684,8,105.78,0.15,1,111,Month-to-Month,Bank Transfer,1
    CUST-10685,52,61.48,0.87,2,86,One-Year,Electronic Check,1
    CUST-10686,47,119.73,0.85,2,52,Month-to-Month,Electronic Check,1
    CUST-10687,56,46.9,0.34,2,33,One-Year,Bank Transfer,0
    CUST-10688,14,137.03,0.88,2,77,One-Year,Bank Transfer,1
    CUST-10689,28,87.99,0.03,3,106,Month-to-Month,Bank Transfer,1
    CUST-10690,2,34.89,0.59,1,95,One-Year,Bank Transfer,1
    CUST-10691,26,72.11,0.24,1,12,One-Year,Electronic Check,0
    CUST-10692,14,46.88,0.12,4,96,One-Year,Electronic Check,1
    CUST-10693,59,45.96,0.52,0,46,Two-Year,Bank Transfer,0
    CUST-10694,56,85.83,0.28,3,70,Two-Year,Electronic Check,0
    CUST-10695,7,107.35,0.6,4,75,Month-to-Month,Electronic Check,1
    CUST-10696,3,138.51,0.49,4,87,Two-Year,Credit Card,1
    CUST-10697,23,85.28,0.35,1,71,One-Year,Credit Card,0
    CUST-10698,18,145.56,0.16,3,57,Month-to-Month,Credit Card,1
    CUST-10699,38,142.41,0.54,2,20,Month-to-Month,Electronic Check,1
    CUST-10700,15,132.46,0.75,2,68,Two-Year,Bank Transfer,1
    CUST-10701,64,85.0,0.54,3,85,One-Year,Electronic Check,1
    CUST-10702,28,38.32,0.55,1,44,Month-to-Month,Credit Card,1
    CUST-10703,39,48.33,0.46,5,30,Month-to-Month,Electronic Check,1
    CUST-10704,57,104.2,0.35,1,25,Month-to-Month,Credit Card,0
    CUST-10705,17,74.83,0.41,6,31,Two-Year,Bank Transfer,1
    CUST-10706,44,39.08,0.89,2,2,Month-to-Month,Bank Transfer,1
    CUST-10707,25,82.27,0.67,0,84,Month-to-Month,Bank Transfer,1
    CUST-10708,17,22.27,0.39,3,110,One-Year,Bank Transfer,1
    CUST-10709,13,115.41,0.41,4,105,Month-to-Month,Credit Card,1
    CUST-10710,25,29.57,0.45,3,54,Month-to-Month,Credit Card,1
    CUST-10711,68,101.78,0.59,3,14,One-Year,Credit Card,0
    CUST-10712,10,123.09,0.42,3,102,Two-Year,Electronic Check,1
    CUST-10713,67,37.24,0.62,3,23,Month-to-Month,Credit Card,1
    CUST-10714,18,87.42,0.3,0,69,Two-Year,Bank Transfer,0
    CUST-10715,34,121.28,0.37,1,52,Month-to-Month,Credit Card,1
    CUST-10716,8,53.88,0.78,3,83,Month-to-Month,Credit Card,1
    CUST-10717,40,41.18,0.3,3,50,Month-to-Month,Electronic Check,1
    CUST-10718,42,63.79,0.87,0,71,Month-to-Month,Electronic Check,1
    CUST-10719,41,92.11,0.16,2,85,Month-to-Month,Electronic Check,1
    CUST-10720,6,94.79,0.22,2,33,Month-to-Month,Electronic Check,1
    CUST-10721,52,37.01,0.42,0,84,Month-to-Month,Credit Card,1
    CUST-10722,26,79.48,0.72,4,9,One-Year,Credit Card,1
    CUST-10723,64,54.88,0.66,3,95,One-Year,Bank Transfer,1
    CUST-10724,59,129.46,0.16,3,8,One-Year,Bank Transfer,0
    CUST-10725,56,60.76,0.21,1,75,Month-to-Month,Electronic Check,1
    CUST-10726,59,129.03,0.52,2,7,Month-to-Month,Credit Card,1
    CUST-10727,70,75.71,0.27,1,21,Month-to-Month,Bank Transfer,0
    CUST-10728,33,114.46,0.38,1,113,Month-to-Month,Credit Card,1
    CUST-10729,53,86.31,0.44,4,92,One-Year,Credit Card,1
    CUST-10730,22,100.86,0.53,0,53,Month-to-Month,Credit Card,1
    CUST-10731,21,71.4,0.23,3,15,Two-Year,Credit Card,0
    CUST-10732,70,119.87,0.15,2,72,Month-to-Month,Electronic Check,1
    CUST-10733,70,75.27,0.36,3,52,Month-to-Month,Bank Transfer,1
    CUST-10734,4,79.47,0.07,3,76,Month-to-Month,Credit Card,1
    CUST-10735,62,87.3,0.47,2,69,Month-to-Month,Credit Card,1
    CUST-10736,62,128.14,0.76,3,72,One-Year,Credit Card,1
    CUST-10737,24,105.72,0.11,0,37,Month-to-Month,Bank Transfer,0
    CUST-10738,55,65.39,0.1,2,78,One-Year,Electronic Check,0
    CUST-10739,9,107.14,0.07,1,4,Month-to-Month,Electronic Check,1
    CUST-10740,3,103.52,0.76,2,91,Two-Year,Credit Card,1
    CUST-10741,31,141.03,0.07,1,79,Month-to-Month,Credit Card,1
    CUST-10742,40,129.38,0.89,1,84,Month-to-Month,Electronic Check,1
    CUST-10743,36,104.17,0.32,1,61,Month-to-Month,Bank Transfer,1
    CUST-10744,24,64.4,0.3,4,22,Month-to-Month,Credit Card,1
    CUST-10745,6,121.34,0.08,1,106,One-Year,Bank Transfer,1
    CUST-10746,66,94.78,0.53,2,49,One-Year,Electronic Check,1
    CUST-10747,4,148.09,0.53,3,36,One-Year,Credit Card,1
    CUST-10748,6,52.18,0.44,0,94,Month-to-Month,Credit Card,1
    CUST-10749,51,30.36,0.28,1,97,Two-Year,Bank Transfer,1
    CUST-10750,62,29.09,0.33,1,63,Month-to-Month,Bank Transfer,1
    CUST-10751,57,103.2,0.29,0,92,Month-to-Month,Bank Transfer,1
    CUST-10752,66,142.1,0.38,1,38,Two-Year,Credit Card,0
    CUST-10753,8,20.25,0.31,4,40,Two-Year,Electronic Check,1
    CUST-10754,26,114.35,0.61,2,64,One-Year,Electronic Check,1
    CUST-10755,51,105.42,0.27,2,68,Month-to-Month,Electronic Check,1
    CUST-10756,45,115.2,0.32,2,56,Month-to-Month,Bank Transfer,1
    CUST-10757,44,66.2,0.39,2,14,Month-to-Month,Bank Transfer,1
    CUST-10758,5,126.66,0.0,1,2,One-Year,Electronic Check,0
    CUST-10759,70,25.81,0.44,2,101,Month-to-Month,Credit Card,1
    CUST-10760,26,118.21,0.23,0,111,One-Year,Electronic Check,1
    CUST-10761,68,54.72,0.05,2,63,Month-to-Month,Bank Transfer,0
    CUST-10762,19,81.99,0.82,2,19,Two-Year,Bank Transfer,1
    CUST-10763,20,126.94,0.29,4,78,Month-to-Month,Bank Transfer,1
    CUST-10764,12,55.28,0.38,2,71,Two-Year,Bank Transfer,1
    CUST-10765,47,44.08,0.74,2,9,One-Year,Electronic Check,1
    CUST-10766,1,108.57,0.15,3,33,Month-to-Month,Electronic Check,1
    CUST-10767,14,89.34,0.77,6,88,Month-to-Month,Credit Card,1
    CUST-10768,64,86.87,0.22,2,116,Month-to-Month,Bank Transfer,1
    CUST-10769,38,53.38,0.53,1,61,Month-to-Month,Electronic Check,1
    CUST-10770,37,24.53,0.62,3,106,Two-Year,Bank Transfer,1
    CUST-10771,11,73.33,0.81,3,107,Month-to-Month,Bank Transfer,1
    CUST-10772,3,33.85,0.55,2,85,Two-Year,Bank Transfer,1
    CUST-10773,33,137.78,0.41,1,44,Month-to-Month,Credit Card,1
    CUST-10774,6,25.36,0.52,4,65,Month-to-Month,Bank Transfer,1
    CUST-10775,50,76.11,0.18,1,85,Month-to-Month,Bank Transfer,1
    CUST-10776,10,26.79,0.62,2,57,One-Year,Electronic Check,1
    CUST-10777,5,32.42,0.17,4,104,Month-to-Month,Bank Transfer,1
    CUST-10778,23,105.65,0.5,3,24,Month-to-Month,Credit Card,1
    CUST-10779,10,104.12,0.58,0,102,Month-to-Month,Credit Card,1
    CUST-10780,44,24.3,0.81,4,44,Month-to-Month,Bank Transfer,1
    CUST-10781,2,20.15,0.41,1,105,Month-to-Month,Credit Card,1
    CUST-10782,13,30.25,0.7,5,68,Two-Year,Credit Card,1
    CUST-10783,40,119.19,0.15,2,6,One-Year,Credit Card,0
    CUST-10784,2,95.99,0.14,3,67,Month-to-Month,Credit Card,1
    CUST-10785,65,24.96,0.47,3,34,Month-to-Month,Electronic Check,1
    CUST-10786,63,83.45,0.54,3,25,Month-to-Month,Bank Transfer,1
    CUST-10787,17,112.56,0.57,0,117,One-Year,Electronic Check,1
    CUST-10788,9,132.96,0.67,3,27,Two-Year,Electronic Check,1
    CUST-10789,15,141.42,0.27,0,18,One-Year,Electronic Check,0
    CUST-10790,24,62.57,0.56,2,5,One-Year,Credit Card,0
    CUST-10791,38,37.66,0.17,1,118,Month-to-Month,Credit Card,1
    CUST-10792,35,50.8,0.2,0,88,Two-Year,Credit Card,0
    CUST-10793,49,120.9,0.06,0,96,Month-to-Month,Bank Transfer,1
    CUST-10794,69,146.29,0.67,3,85,Two-Year,Bank Transfer,1
    CUST-10795,62,80.63,0.46,2,44,Month-to-Month,Bank Transfer,1
    CUST-10796,60,59.7,0.21,2,98,Month-to-Month,Credit Card,1
    CUST-10797,50,75.79,0.5,4,93,Month-to-Month,Credit Card,1
    CUST-10798,9,59.63,0.32,4,119,Month-to-Month,Credit Card,1
    CUST-10799,34,53.34,0.75,5,5,Month-to-Month,Electronic Check,1
    CUST-10800,35,97.19,0.48,2,61,Month-to-Month,Electronic Check,1
    CUST-10801,1,22.05,0.03,2,114,One-Year,Credit Card,1
    CUST-10802,40,53.74,0.89,2,92,One-Year,Electronic Check,1
    CUST-10803,64,105.98,0.07,1,6,Month-to-Month,Credit Card,0
    CUST-10804,22,24.17,0.63,0,75,Month-to-Month,Credit Card,1
    CUST-10805,60,30.82,0.39,1,39,One-Year,Electronic Check,0
    CUST-10806,64,58.14,0.22,3,112,Month-to-Month,Credit Card,1
    CUST-10807,11,134.11,0.61,2,8,Month-to-Month,Bank Transfer,1
    CUST-10808,14,119.44,0.11,0,99,Two-Year,Bank Transfer,0
    CUST-10809,60,22.88,0.77,2,75,Month-to-Month,Electronic Check,1
    CUST-10810,30,85.22,0.23,0,84,Month-to-Month,Credit Card,1
    CUST-10811,35,55.71,0.33,0,118,One-Year,Credit Card,1
    CUST-10812,37,104.32,0.57,3,115,Two-Year,Credit Card,1
    CUST-10813,5,113.8,0.0,2,43,Month-to-Month,Electronic Check,1
    CUST-10814,26,132.17,0.43,1,86,One-Year,Credit Card,1
    CUST-10815,62,81.8,0.8,6,41,Month-to-Month,Bank Transfer,1
    CUST-10816,4,149.28,0.61,4,76,Month-to-Month,Bank Transfer,1
    CUST-10817,42,147.4,0.35,2,112,Month-to-Month,Bank Transfer,1
    CUST-10818,18,134.68,0.59,2,69,Month-to-Month,Electronic Check,1
    CUST-10819,40,94.73,0.84,2,98,Month-to-Month,Bank Transfer,1
    CUST-10820,39,71.74,0.17,3,106,Month-to-Month,Bank Transfer,1
    CUST-10821,14,67.37,0.48,2,98,Two-Year,Electronic Check,1
    CUST-10822,32,21.58,0.21,0,30,Month-to-Month,Credit Card,0
    CUST-10823,51,52.39,0.77,6,59,Month-to-Month,Credit Card,1
    CUST-10824,38,113.45,0.65,1,23,Month-to-Month,Credit Card,1
    CUST-10825,23,98.47,0.72,4,100,One-Year,Bank Transfer,1
    CUST-10826,63,139.13,0.85,5,57,One-Year,Credit Card,1
    CUST-10827,15,26.5,0.21,0,25,One-Year,Bank Transfer,0
    CUST-10828,25,40.19,0.04,0,48,Month-to-Month,Credit Card,0
    CUST-10829,17,122.6,0.26,0,70,Month-to-Month,Bank Transfer,1
    CUST-10830,66,66.61,0.36,1,42,One-Year,Electronic Check,0
    CUST-10831,53,35.38,0.56,1,29,One-Year,Bank Transfer,0
    CUST-10832,51,149.54,0.72,2,85,Month-to-Month,Electronic Check,1
    CUST-10833,39,122.34,0.31,3,71,Month-to-Month,Electronic Check,1
    CUST-10834,51,73.14,0.43,2,101,Two-Year,Electronic Check,1
    CUST-10835,70,127.04,0.71,1,45,Month-to-Month,Credit Card,1
    CUST-10836,6,108.48,0.2,0,41,Two-Year,Credit Card,0
    CUST-10837,67,122.7,0.2,4,73,Month-to-Month,Credit Card,1
    CUST-10838,7,125.98,0.53,2,63,Month-to-Month,Electronic Check,1
    CUST-10839,51,31.01,0.39,1,119,Month-to-Month,Electronic Check,1
    CUST-10840,42,100.99,0.85,0,47,Month-to-Month,Bank Transfer,1
    CUST-10841,64,20.88,0.32,1,100,One-Year,Bank Transfer,1
    CUST-10842,15,25.65,0.68,1,1,One-Year,Electronic Check,1
    CUST-10843,29,137.52,0.52,0,95,Month-to-Month,Electronic Check,1
    CUST-10844,33,88.58,0.05,4,20,Month-to-Month,Credit Card,0
    CUST-10845,27,115.67,0.08,3,92,Month-to-Month,Credit Card,1
    CUST-10846,36,129.01,0.18,2,110,Two-Year,Bank Transfer,1
    CUST-10847,29,143.45,0.13,4,19,Month-to-Month,Electronic Check,1
    CUST-10848,38,133.02,0.3,3,65,Month-to-Month,Credit Card,1
    CUST-10849,57,82.83,0.52,3,93,Month-to-Month,Credit Card,1
    CUST-10850,27,63.68,0.54,0,74,One-Year,Bank Transfer,1
    CUST-10851,55,40.08,0.53,1,36,Two-Year,Credit Card,0
    CUST-10852,33,72.04,0.11,4,23,Month-to-Month,Bank Transfer,1
    CUST-10853,68,67.64,0.54,1,82,Month-to-Month,Credit Card,1
    CUST-10854,66,92.74,0.37,0,29,Month-to-Month,Electronic Check,0
    CUST-10855,10,106.52,0.81,0,92,Month-to-Month,Credit Card,1
    CUST-10856,5,147.18,0.82,2,44,Month-to-Month,Bank Transfer,1
    CUST-10857,38,114.69,0.69,1,7,Month-to-Month,Electronic Check,1
    CUST-10858,13,103.69,0.63,0,31,Two-Year,Credit Card,1
    CUST-10859,31,63.56,0.1,1,38,Two-Year,Bank Transfer,0
    CUST-10860,47,24.49,0.08,2,105,Two-Year,Credit Card,1
    CUST-10861,52,57.46,0.76,1,66,One-Year,Bank Transfer,1
    CUST-10862,56,119.9,0.38,3,79,Month-to-Month,Bank Transfer,1
    CUST-10863,15,46.69,0.41,2,22,Month-to-Month,Bank Transfer,1
    CUST-10864,29,112.58,0.76,2,109,One-Year,Credit Card,1
    CUST-10865,8,95.37,0.56,3,75,One-Year,Credit Card,1
    CUST-10866,5,42.34,0.16,2,54,One-Year,Bank Transfer,1
    CUST-10867,29,54.01,0.19,2,54,One-Year,Bank Transfer,1
    CUST-10868,47,84.52,0.01,1,83,Two-Year,Bank Transfer,0
    CUST-10869,68,74.39,0.64,3,6,One-Year,Bank Transfer,0
    CUST-10870,45,121.21,0.44,2,73,Month-to-Month,Bank Transfer,1
    CUST-10871,2,115.47,0.85,1,62,Month-to-Month,Bank Transfer,1
    CUST-10872,27,94.69,0.64,3,108,Month-to-Month,Bank Transfer,1
    CUST-10873,36,126.9,0.09,0,29,One-Year,Bank Transfer,0
    CUST-10874,36,93.15,0.15,0,43,Month-to-Month,Credit Card,1
    CUST-10875,26,145.37,0.45,0,67,Month-to-Month,Electronic Check,1
    CUST-10876,43,48.24,0.83,3,114,Two-Year,Electronic Check,1
    CUST-10877,27,112.84,0.22,1,109,Month-to-Month,Credit Card,1
    CUST-10878,69,68.09,0.74,1,62,Month-to-Month,Bank Transfer,1
    CUST-10879,20,56.27,0.28,1,13,Month-to-Month,Credit Card,1
    CUST-10880,11,43.45,0.24,1,111,Two-Year,Bank Transfer,1
    CUST-10881,38,91.83,0.81,5,115,Two-Year,Electronic Check,1
    CUST-10882,6,48.01,0.04,1,64,One-Year,Credit Card,0
    CUST-10883,23,46.05,0.59,2,47,Month-to-Month,Electronic Check,1
    CUST-10884,47,148.77,0.04,0,60,Two-Year,Credit Card,0
    CUST-10885,46,124.23,0.72,2,15,Month-to-Month,Credit Card,1
    CUST-10886,12,117.28,0.75,2,5,Month-to-Month,Electronic Check,1
    CUST-10887,13,123.23,0.8,3,69,Month-to-Month,Electronic Check,1
    CUST-10888,62,145.96,0.17,3,2,Month-to-Month,Electronic Check,0
    CUST-10889,60,94.53,0.11,1,114,Month-to-Month,Bank Transfer,1
    CUST-10890,43,48.63,0.45,0,38,Two-Year,Electronic Check,0
    CUST-10891,68,132.09,0.24,2,114,Month-to-Month,Electronic Check,1
    CUST-10892,5,116.55,0.55,2,94,Two-Year,Electronic Check,1
    CUST-10893,37,73.86,0.46,6,54,One-Year,Credit Card,1
    CUST-10894,31,81.56,0.13,3,92,Month-to-Month,Bank Transfer,1
    CUST-10895,9,73.46,0.67,2,39,Two-Year,Credit Card,1
    CUST-10896,51,140.89,0.72,4,96,One-Year,Bank Transfer,1
    CUST-10897,29,64.66,0.87,4,20,One-Year,Electronic Check,1
    CUST-10898,40,145.25,0.36,1,20,Month-to-Month,Credit Card,0
    CUST-10899,41,138.34,0.3,3,29,One-Year,Credit Card,0
    CUST-10900,11,101.97,0.17,2,35,Month-to-Month,Bank Transfer,1
    CUST-10901,23,95.38,0.16,3,32,Month-to-Month,Bank Transfer,1
    CUST-10902,1,68.11,0.29,0,17,Month-to-Month,Electronic Check,1
    CUST-10903,46,22.38,0.88,1,116,Month-to-Month,Electronic Check,1
    CUST-10904,21,36.59,0.08,4,51,One-Year,Electronic Check,1
    CUST-10905,36,118.05,0.23,3,8,One-Year,Credit Card,0
    CUST-10906,54,81.3,0.08,3,21,Month-to-Month,Electronic Check,1
    CUST-10907,57,39.48,0.25,1,23,One-Year,Electronic Check,0
    CUST-10908,1,54.31,0.08,1,115,Month-to-Month,Electronic Check,1
    CUST-10909,63,143.22,0.46,2,51,Month-to-Month,Credit Card,1
    CUST-10910,54,67.73,0.39,2,91,Month-to-Month,Bank Transfer,1
    CUST-10911,55,138.0,0.16,7,6,One-Year,Credit Card,0
    CUST-10912,40,59.6,0.16,1,52,One-Year,Electronic Check,0
    CUST-10913,15,90.62,0.56,2,8,Month-to-Month,Bank Transfer,1
    CUST-10914,21,22.66,0.35,3,99,Month-to-Month,Credit Card,1
    CUST-10915,47,87.84,0.05,4,69,Month-to-Month,Electronic Check,1
    CUST-10916,53,102.8,0.83,2,33,One-Year,Credit Card,1
    CUST-10917,9,50.46,0.36,1,62,Two-Year,Credit Card,0
    CUST-10918,52,95.26,0.53,2,65,One-Year,Electronic Check,1
    CUST-10919,57,104.13,0.8,0,63,Month-to-Month,Electronic Check,1
    CUST-10920,26,109.3,0.36,2,88,Month-to-Month,Bank Transfer,1
    CUST-10921,41,120.93,0.74,1,32,Two-Year,Bank Transfer,1
    CUST-10922,35,60.47,0.82,4,55,Two-Year,Bank Transfer,1
    CUST-10923,63,93.81,0.16,1,33,Two-Year,Electronic Check,0
    CUST-10924,25,147.61,0.8,2,38,One-Year,Credit Card,1
    CUST-10925,38,136.76,0.11,2,2,Month-to-Month,Bank Transfer,0
    CUST-10926,2,143.85,0.25,3,108,Two-Year,Electronic Check,1
    CUST-10927,7,70.2,0.73,2,81,Two-Year,Bank Transfer,1
    CUST-10928,34,122.3,0.81,3,10,Month-to-Month,Electronic Check,1
    CUST-10929,17,100.59,0.62,1,101,One-Year,Credit Card,1
    CUST-10930,43,30.76,0.09,0,101,Two-Year,Electronic Check,0
    CUST-10931,59,127.12,0.47,1,66,Two-Year,Bank Transfer,0
    CUST-10932,51,108.02,0.52,2,76,One-Year,Electronic Check,1
    CUST-10933,54,45.86,0.25,2,101,Month-to-Month,Credit Card,1
    CUST-10934,24,30.37,0.89,1,94,One-Year,Bank Transfer,1
    CUST-10935,25,128.81,0.3,0,15,Month-to-Month,Bank Transfer,1
    CUST-10936,71,30.26,0.19,1,87,Month-to-Month,Credit Card,1
    CUST-10937,52,31.88,0.1,1,116,Month-to-Month,Electronic Check,1
    CUST-10938,70,75.56,0.34,0,82,Month-to-Month,Credit Card,0
    CUST-10939,33,37.52,0.62,3,61,Month-to-Month,Credit Card,1
    CUST-10940,49,138.78,0.21,0,31,Month-to-Month,Credit Card,0
    CUST-10941,29,81.14,0.69,0,117,Month-to-Month,Electronic Check,1
    CUST-10942,63,93.99,0.12,1,38,One-Year,Bank Transfer,0
    CUST-10943,22,140.65,0.4,0,29,One-Year,Credit Card,0
    CUST-10944,26,88.93,0.63,2,78,Two-Year,Electronic Check,1
    CUST-10945,28,65.97,0.12,2,43,One-Year,Bank Transfer,0
    CUST-10946,49,123.63,0.54,0,104,One-Year,Electronic Check,1
    CUST-10947,71,77.57,0.72,2,23,Month-to-Month,Credit Card,1
    CUST-10948,49,61.4,0.54,1,25,Month-to-Month,Credit Card,1
    CUST-10949,20,114.02,0.46,1,105,Month-to-Month,Electronic Check,1
    CUST-10950,63,124.21,0.75,3,102,Two-Year,Electronic Check,1
    CUST-10951,61,122.92,0.89,1,28,One-Year,Credit Card,1
    CUST-10952,49,147.1,0.16,2,99,Month-to-Month,Electronic Check,1
    CUST-10953,71,122.27,0.62,2,94,One-Year,Credit Card,1
    CUST-10954,1,120.09,0.07,1,91,Month-to-Month,Electronic Check,1
    CUST-10955,13,131.47,0.04,0,72,Month-to-Month,Bank Transfer,1
    CUST-10956,51,20.02,0.25,0,112,Month-to-Month,Electronic Check,1
    CUST-10957,56,67.12,0.87,2,83,Month-to-Month,Bank Transfer,1
    CUST-10958,62,115.89,0.5,5,1,Month-to-Month,Electronic Check,1
    CUST-10959,32,97.96,0.24,3,109,Two-Year,Electronic Check,1
    CUST-10960,30,43.08,0.12,3,108,One-Year,Bank Transfer,1
    CUST-10961,29,59.49,0.83,0,20,One-Year,Credit Card,1
    CUST-10962,49,63.78,0.33,2,94,One-Year,Bank Transfer,1
    CUST-10963,45,93.82,0.28,3,29,Month-to-Month,Electronic Check,1
    CUST-10964,30,128.11,0.77,2,8,Two-Year,Credit Card,1
    CUST-10965,16,141.22,0.54,3,62,Two-Year,Credit Card,1
    CUST-10966,40,117.51,0.15,3,14,One-Year,Electronic Check,0
    CUST-10967,19,129.58,0.38,3,38,Month-to-Month,Bank Transfer,1
    CUST-10968,18,81.11,0.84,3,3,Two-Year,Credit Card,1
    CUST-10969,1,70.67,0.81,4,3,Month-to-Month,Bank Transfer,1
    CUST-10970,47,71.05,0.06,1,55,One-Year,Credit Card,0
    CUST-10971,66,100.09,0.24,1,78,Month-to-Month,Electronic Check,1
    CUST-10972,38,36.15,0.14,4,21,Month-to-Month,Credit Card,1
    CUST-10973,51,95.33,0.48,2,35,Two-Year,Electronic Check,0
    CUST-10974,63,106.47,0.67,3,44,Two-Year,Electronic Check,1
    CUST-10975,4,77.06,0.27,0,44,Two-Year,Electronic Check,0
    CUST-10976,1,143.91,0.68,3,113,Month-to-Month,Credit Card,1
    CUST-10977,8,99.07,0.6,2,43,Month-to-Month,Bank Transfer,1
    CUST-10978,29,48.6,0.66,2,41,Two-Year,Bank Transfer,1
    CUST-10979,55,82.3,0.85,2,27,Month-to-Month,Credit Card,1
    CUST-10980,3,107.8,0.38,1,92,One-Year,Bank Transfer,1
    CUST-10981,32,62.07,0.31,3,28,Month-to-Month,Bank Transfer,1
    CUST-10982,10,30.35,0.62,6,5,Month-to-Month,Bank Transfer,1
    CUST-10983,34,95.85,0.73,3,43,Two-Year,Electronic Check,1
    CUST-10984,55,143.22,0.17,2,63,Month-to-Month,Credit Card,1
    CUST-10985,32,83.06,0.76,1,39,One-Year,Credit Card,1
    CUST-10986,50,137.79,0.05,3,10,Month-to-Month,Electronic Check,0
    CUST-10987,7,128.55,0.01,2,63,Month-to-Month,Credit Card,1
    CUST-10988,8,39.16,0.14,2,9,Month-to-Month,Electronic Check,1
    CUST-10989,65,112.06,0.88,2,84,One-Year,Bank Transfer,1
    CUST-10990,57,76.61,0.47,1,93,Two-Year,Electronic Check,1
    CUST-10991,67,52.53,0.04,0,111,Two-Year,Electronic Check,0
    CUST-10992,59,109.3,0.9,2,29,One-Year,Bank Transfer,1
    CUST-10993,54,116.55,0.67,1,28,One-Year,Credit Card,0
    CUST-10994,67,43.39,0.75,2,11,Two-Year,Bank Transfer,0
    CUST-10995,51,138.88,0.19,1,85,Month-to-Month,Electronic Check,1
    CUST-10996,8,117.65,0.09,5,99,One-Year,Credit Card,1
    CUST-10997,34,141.34,0.46,2,87,Two-Year,Electronic Check,1
    CUST-10998,35,61.22,0.69,2,93,One-Year,Credit Card,1
    CUST-10999,32,142.11,0.57,1,15,Month-to-Month,Bank Transfer,1
    CUST-11000,46,67.91,0.57,1,81,One-Year,Credit Card,1
    CUST-11001,16,27.02,0.68,2,24,Month-to-Month,Bank Transfer,1
    CUST-11002,68,119.19,0.2,3,35,Two-Year,Credit Card,0
    CUST-11003,37,111.46,0.6,2,61,One-Year,Electronic Check,1
    CUST-11004,54,97.73,0.35,6,20,Two-Year,Credit Card,0
    CUST-11005,14,83.69,0.06,1,58,Month-to-Month,Credit Card,1
    CUST-11006,55,24.18,0.18,0,63,Two-Year,Bank Transfer,0
    CUST-11007,48,101.2,0.71,6,100,One-Year,Bank Transfer,1
    CUST-11008,7,74.19,0.81,0,75,Two-Year,Credit Card,1
    CUST-11009,7,92.83,0.25,2,119,One-Year,Electronic Check,1
    CUST-11010,33,75.81,0.17,4,94,Month-to-Month,Credit Card,1
    CUST-11011,23,145.59,0.02,0,60,Month-to-Month,Credit Card,0
    CUST-11012,19,98.53,0.85,1,39,Month-to-Month,Electronic Check,1
    CUST-11013,19,117.4,0.62,3,20,Month-to-Month,Bank Transfer,1
    CUST-11014,36,141.73,0.86,1,86,Month-to-Month,Credit Card,1
    CUST-11015,29,96.91,0.78,2,88,One-Year,Credit Card,1
    CUST-11016,60,21.57,0.31,3,58,One-Year,Credit Card,0
    CUST-11017,2,24.46,0.1,5,64,Month-to-Month,Bank Transfer,1
    CUST-11018,1,111.3,0.45,2,14,Month-to-Month,Electronic Check,1
    CUST-11019,47,56.28,0.02,2,36,Month-to-Month,Electronic Check,0
    CUST-11020,69,95.32,0.13,2,13,Two-Year,Electronic Check,0
    CUST-11021,20,46.3,0.21,1,1,Month-to-Month,Credit Card,1
    CUST-11022,11,55.13,0.6,2,119,Month-to-Month,Bank Transfer,1
    CUST-11023,2,85.6,0.46,4,114,One-Year,Electronic Check,1
    CUST-11024,67,146.82,0.27,2,91,One-Year,Credit Card,0
    CUST-11025,12,100.12,0.51,0,13,Month-to-Month,Credit Card,1
    CUST-11026,20,141.7,0.11,0,35,Month-to-Month,Credit Card,0
    CUST-11027,5,144.72,0.68,1,8,Month-to-Month,Electronic Check,1
    CUST-11028,37,47.05,0.64,1,18,Month-to-Month,Bank Transfer,1
    CUST-11029,38,60.46,0.19,1,34,Month-to-Month,Bank Transfer,1
    CUST-11030,9,120.1,0.55,5,52,Month-to-Month,Credit Card,1
    CUST-11031,53,132.68,0.45,1,70,Month-to-Month,Credit Card,1
    CUST-11032,44,87.5,0.05,1,58,Month-to-Month,Credit Card,0
    CUST-11033,24,149.12,0.25,2,27,One-Year,Credit Card,0
    CUST-11034,30,21.5,0.9,3,18,Month-to-Month,Credit Card,1
    CUST-11035,59,58.95,0.09,0,57,Two-Year,Bank Transfer,0
    CUST-11036,14,101.01,0.46,3,114,Two-Year,Bank Transfer,1
    CUST-11037,9,81.01,0.76,3,9,Two-Year,Electronic Check,1
    CUST-11038,40,35.16,0.27,2,64,Month-to-Month,Credit Card,1
    CUST-11039,66,67.81,0.23,1,79,Month-to-Month,Bank Transfer,1
    CUST-11040,25,23.31,0.8,1,23,Month-to-Month,Bank Transfer,1
    CUST-11041,22,103.56,0.27,0,59,Two-Year,Electronic Check,1
    CUST-11042,4,136.06,0.59,3,67,One-Year,Electronic Check,1
    CUST-11043,26,135.03,0.67,2,73,Month-to-Month,Bank Transfer,1
    CUST-11044,58,110.94,0.71,2,22,Month-to-Month,Electronic Check,1
    CUST-11045,29,80.55,0.9,0,50,Month-to-Month,Bank Transfer,1
    CUST-11046,37,86.56,0.72,2,23,Two-Year,Electronic Check,0
    CUST-11047,70,37.8,0.59,2,84,One-Year,Bank Transfer,1
    CUST-11048,18,64.33,0.81,3,52,One-Year,Bank Transfer,1
    CUST-11049,42,44.4,0.82,1,7,Month-to-Month,Bank Transfer,1
    CUST-11050,41,126.76,0.88,1,117,One-Year,Credit Card,1
    CUST-11051,38,138.92,0.7,1,17,Month-to-Month,Credit Card,1
    CUST-11052,34,89.8,0.18,1,3,One-Year,Bank Transfer,0
    CUST-11053,17,114.61,0.64,2,7,Two-Year,Electronic Check,1
    CUST-11054,37,35.79,0.07,3,77,One-Year,Credit Card,0
    CUST-11055,25,99.11,0.29,0,41,Month-to-Month,Credit Card,1
    CUST-11056,27,111.36,0.1,1,105,Two-Year,Credit Card,1
    CUST-11057,57,78.86,0.85,2,23,Month-to-Month,Credit Card,1
    CUST-11058,31,51.63,0.3,2,37,Month-to-Month,Electronic Check,1
    CUST-11059,6,134.06,0.64,2,68,One-Year,Electronic Check,1
    CUST-11060,40,116.58,0.51,1,73,Month-to-Month,Credit Card,1
    CUST-11061,12,136.98,0.1,5,70,Month-to-Month,Credit Card,1
    CUST-11062,53,126.39,0.51,1,106,Month-to-Month,Electronic Check,1
    CUST-11063,71,148.75,0.59,2,64,One-Year,Electronic Check,1
    CUST-11064,10,44.98,0.79,5,18,Month-to-Month,Electronic Check,1
    CUST-11065,45,31.28,0.06,2,35,Month-to-Month,Bank Transfer,1
    CUST-11066,17,63.81,0.27,2,23,Month-to-Month,Electronic Check,1
    CUST-11067,26,36.77,0.62,2,95,One-Year,Credit Card,1
    CUST-11068,62,88.01,0.03,3,84,Month-to-Month,Electronic Check,0
    CUST-11069,46,102.29,0.18,3,7,Two-Year,Credit Card,0
    CUST-11070,64,95.18,0.2,1,61,One-Year,Bank Transfer,0
    CUST-11071,2,53.7,0.6,0,76,Month-to-Month,Credit Card,1
    CUST-11072,54,138.15,0.26,0,101,One-Year,Electronic Check,0
    CUST-11073,65,22.75,0.54,3,49,Month-to-Month,Bank Transfer,1
    CUST-11074,51,65.24,0.87,4,115,Two-Year,Bank Transfer,1
    CUST-11075,53,113.47,0.71,4,57,Month-to-Month,Electronic Check,1
    CUST-11076,36,119.7,0.3,2,68,Month-to-Month,Bank Transfer,1
    CUST-11077,26,74.1,0.43,3,12,One-Year,Credit Card,1
    CUST-11078,29,22.2,0.18,1,117,Month-to-Month,Electronic Check,1
    CUST-11079,21,100.35,0.01,1,15,One-Year,Bank Transfer,0
    CUST-11080,11,28.2,0.26,1,2,Two-Year,Credit Card,0
    CUST-11081,40,34.02,0.33,3,47,One-Year,Credit Card,1
    CUST-11082,11,104.53,0.51,2,75,Month-to-Month,Bank Transfer,1
    CUST-11083,36,60.62,0.85,1,56,Two-Year,Electronic Check,1
    CUST-11084,59,65.24,0.85,1,97,Month-to-Month,Credit Card,1
    CUST-11085,39,83.28,0.06,1,14,Month-to-Month,Bank Transfer,0
    CUST-11086,54,147.22,0.55,3,27,One-Year,Electronic Check,0
    CUST-11087,55,145.51,0.04,3,4,Month-to-Month,Electronic Check,0
    CUST-11088,24,74.11,0.58,4,38,One-Year,Credit Card,1
    CUST-11089,22,54.51,0.11,3,104,One-Year,Electronic Check,1
    CUST-11090,69,59.34,0.85,3,84,Two-Year,Credit Card,1
    CUST-11091,56,54.94,0.78,3,2,Month-to-Month,Electronic Check,1
    CUST-11092,33,89.19,0.02,1,4,Month-to-Month,Credit Card,0
    CUST-11093,36,98.89,0.7,1,113,Month-to-Month,Bank Transfer,1
    CUST-11094,20,83.54,0.57,3,24,One-Year,Electronic Check,1
    CUST-11095,62,73.04,0.45,0,9,One-Year,Credit Card,0
    CUST-11096,26,47.47,0.54,1,19,Month-to-Month,Electronic Check,1
    CUST-11097,66,82.73,0.61,2,62,Month-to-Month,Bank Transfer,1
    CUST-11098,40,64.34,0.8,3,72,Month-to-Month,Electronic Check,1
    CUST-11099,17,90.41,0.69,0,41,One-Year,Bank Transfer,1
    CUST-11100,1,107.77,0.52,1,92,Two-Year,Electronic Check,1
    CUST-11101,61,102.33,0.74,1,77,Month-to-Month,Electronic Check,1
    CUST-11102,43,80.12,0.89,2,72,Month-to-Month,Bank Transfer,1
    CUST-11103,42,92.29,0.27,2,78,One-Year,Bank Transfer,0
    CUST-11104,25,57.03,0.11,1,50,Month-to-Month,Credit Card,1
    CUST-11105,39,23.15,0.66,0,114,Month-to-Month,Credit Card,1
    CUST-11106,35,101.25,0.88,1,74,One-Year,Bank Transfer,1
    CUST-11107,3,52.83,0.11,1,84,Month-to-Month,Electronic Check,1
    CUST-11108,44,106.96,0.39,3,65,Two-Year,Bank Transfer,1
    CUST-11109,51,117.11,0.06,2,76,Month-to-Month,Credit Card,0
    CUST-11110,12,139.07,0.7,4,99,Month-to-Month,Credit Card,1
    CUST-11111,19,144.56,0.85,3,84,Two-Year,Electronic Check,1
    CUST-11112,44,21.37,0.45,1,76,Month-to-Month,Credit Card,1
    CUST-11113,59,148.75,0.37,3,114,One-Year,Electronic Check,1
    CUST-11114,49,108.79,0.82,4,12,Month-to-Month,Bank Transfer,1
    CUST-11115,61,103.66,0.12,0,39,One-Year,Electronic Check,0
    CUST-11116,17,21.98,0.8,2,29,Month-to-Month,Credit Card,1
    CUST-11117,57,131.96,0.35,3,58,Month-to-Month,Credit Card,1
    CUST-11118,55,38.91,0.5,3,67,Month-to-Month,Credit Card,1
    CUST-11119,47,128.85,0.48,3,71,One-Year,Credit Card,1
    CUST-11120,12,22.02,0.55,2,87,One-Year,Electronic Check,1
    CUST-11121,62,103.98,0.85,3,77,Two-Year,Electronic Check,1
    CUST-11122,8,76.52,0.86,4,75,One-Year,Electronic Check,1
    CUST-11123,21,46.1,0.75,4,25,Month-to-Month,Electronic Check,1
    CUST-11124,70,33.98,0.17,0,116,Month-to-Month,Bank Transfer,1
    CUST-11125,25,77.22,0.3,2,84,One-Year,Electronic Check,1
    CUST-11126,12,36.03,0.44,3,49,Two-Year,Electronic Check,1
    CUST-11127,15,83.24,0.81,1,63,One-Year,Electronic Check,1
    CUST-11128,59,101.28,0.47,1,111,Month-to-Month,Credit Card,1
    CUST-11129,26,127.56,0.88,2,27,Two-Year,Electronic Check,1
    CUST-11130,26,108.22,0.89,1,70,Month-to-Month,Bank Transfer,1
    CUST-11131,47,28.48,0.54,2,70,Month-to-Month,Electronic Check,1
    CUST-11132,32,59.97,0.79,2,103,Month-to-Month,Bank Transfer,1
    CUST-11133,10,57.44,0.9,2,105,Month-to-Month,Credit Card,1
    CUST-11134,16,138.95,0.76,2,58,One-Year,Credit Card,1
    CUST-11135,71,132.81,0.59,2,9,Month-to-Month,Electronic Check,1
    CUST-11136,17,68.12,0.76,1,85,Month-to-Month,Bank Transfer,1
    CUST-11137,23,29.25,0.07,3,82,Month-to-Month,Credit Card,1
    CUST-11138,26,136.23,0.57,2,1,One-Year,Bank Transfer,0
    CUST-11139,7,135.46,0.19,2,114,Month-to-Month,Credit Card,1
    CUST-11140,14,131.12,0.1,0,114,Month-to-Month,Credit Card,1
    CUST-11141,7,129.86,0.8,3,76,Month-to-Month,Bank Transfer,1
    CUST-11142,9,82.43,0.58,2,65,Month-to-Month,Bank Transfer,1
    CUST-11143,48,43.07,0.22,2,92,One-Year,Electronic Check,0
    CUST-11144,59,82.07,0.35,0,24,Month-to-Month,Credit Card,1
    CUST-11145,39,84.3,0.88,3,19,Month-to-Month,Bank Transfer,1
    CUST-11146,18,83.69,0.78,1,14,One-Year,Electronic Check,1
    CUST-11147,59,90.04,0.01,0,14,Month-to-Month,Bank Transfer,0
    CUST-11148,17,53.5,0.88,2,90,Two-Year,Credit Card,1
    CUST-11149,14,67.61,0.33,0,80,One-Year,Bank Transfer,1
    CUST-11150,31,76.44,0.63,0,88,Month-to-Month,Electronic Check,1
    CUST-11151,24,37.05,0.64,3,32,Month-to-Month,Bank Transfer,1
    CUST-11152,60,79.2,0.82,4,6,Two-Year,Bank Transfer,1
    CUST-11153,45,125.36,0.8,2,113,One-Year,Bank Transfer,1
    CUST-11154,3,127.65,0.25,3,109,One-Year,Bank Transfer,1
    CUST-11155,37,73.5,0.58,2,94,One-Year,Electronic Check,1
    CUST-11156,43,87.45,0.35,2,23,Month-to-Month,Credit Card,1
    CUST-11157,40,24.37,0.47,3,19,Month-to-Month,Credit Card,1
    CUST-11158,55,107.68,0.5,0,89,Month-to-Month,Credit Card,1
    CUST-11159,39,72.6,0.36,2,89,One-Year,Electronic Check,1
    CUST-11160,15,77.91,0.42,1,116,Two-Year,Electronic Check,1
    CUST-11161,4,133.58,0.19,1,2,Month-to-Month,Bank Transfer,0
    CUST-11162,25,80.04,0.55,0,74,Month-to-Month,Credit Card,1
    CUST-11163,13,22.75,0.68,3,41,Two-Year,Credit Card,1
    CUST-11164,33,49.57,0.39,0,53,Month-to-Month,Credit Card,1
    CUST-11165,16,81.83,0.88,2,27,Month-to-Month,Electronic Check,1
    CUST-11166,42,75.17,0.05,1,108,Month-to-Month,Bank Transfer,1
    CUST-11167,66,131.85,0.53,2,8,Month-to-Month,Bank Transfer,1
    CUST-11168,55,90.48,0.53,1,105,Month-to-Month,Credit Card,1
    CUST-11169,42,109.65,0.03,2,43,Month-to-Month,Electronic Check,1
    CUST-11170,34,81.01,0.2,0,33,Month-to-Month,Electronic Check,0
    CUST-11171,30,77.16,0.81,2,43,One-Year,Bank Transfer,1
    CUST-11172,13,78.02,0.49,2,83,One-Year,Bank Transfer,1
    CUST-11173,13,73.42,0.39,2,119,Two-Year,Electronic Check,1
    CUST-11174,18,90.02,0.37,6,30,Two-Year,Electronic Check,1
    CUST-11175,32,52.56,0.8,0,34,Two-Year,Electronic Check,1
    CUST-11176,39,135.84,0.33,4,78,Month-to-Month,Bank Transfer,1
    CUST-11177,46,63.3,0.77,1,100,Month-to-Month,Bank Transfer,1
    CUST-11178,29,39.18,0.28,2,20,Month-to-Month,Bank Transfer,1
    CUST-11179,62,32.55,0.48,5,87,Month-to-Month,Credit Card,1
    CUST-11180,62,21.74,0.13,1,62,Month-to-Month,Electronic Check,0
    CUST-11181,57,74.97,0.74,2,79,One-Year,Credit Card,1
    CUST-11182,16,44.39,0.66,0,2,One-Year,Electronic Check,0
    CUST-11183,56,22.81,0.48,3,88,Month-to-Month,Electronic Check,1
    CUST-11184,10,87.6,0.02,2,88,One-Year,Credit Card,1
    CUST-11185,30,108.4,0.43,2,95,Month-to-Month,Bank Transfer,1
    CUST-11186,25,31.15,0.2,5,80,Month-to-Month,Credit Card,1
    CUST-11187,5,79.92,0.37,4,118,Month-to-Month,Electronic Check,1
    CUST-11188,65,116.67,0.77,0,68,Two-Year,Bank Transfer,0
    CUST-11189,49,148.15,0.69,1,98,Two-Year,Credit Card,1
    CUST-11190,3,106.73,0.22,1,79,Month-to-Month,Bank Transfer,1
    CUST-11191,45,51.83,0.89,6,83,Two-Year,Credit Card,1
    CUST-11192,14,113.15,0.81,1,19,Month-to-Month,Credit Card,1
    CUST-11193,30,97.73,0.48,2,112,One-Year,Bank Transfer,1
    CUST-11194,68,47.53,0.48,2,108,Month-to-Month,Bank Transfer,1
    CUST-11195,18,130.64,0.81,1,35,One-Year,Bank Transfer,1
    CUST-11196,62,75.56,0.57,2,20,Month-to-Month,Bank Transfer,1
    CUST-11197,37,145.06,0.48,3,111,Month-to-Month,Credit Card,1
    CUST-11198,25,113.98,0.67,2,103,Month-to-Month,Bank Transfer,1
    CUST-11199,48,103.79,0.21,2,41,Month-to-Month,Credit Card,1
    CUST-11200,65,114.69,0.79,2,29,One-Year,Bank Transfer,1
    CUST-11201,53,82.15,0.48,4,15,One-Year,Credit Card,0
    CUST-11202,15,85.68,0.54,1,84,Month-to-Month,Credit Card,1
    CUST-11203,49,130.66,0.08,0,32,Two-Year,Credit Card,0
    CUST-11204,68,108.52,0.28,2,13,Two-Year,Bank Transfer,0
    CUST-11205,12,136.64,0.38,1,7,Month-to-Month,Electronic Check,1
    CUST-11206,59,135.81,0.37,4,54,Month-to-Month,Electronic Check,1
    CUST-11207,37,146.94,0.7,3,16,One-Year,Bank Transfer,1
    CUST-11208,61,111.03,0.25,3,10,Month-to-Month,Electronic Check,0
    CUST-11209,43,85.3,0.16,5,56,Month-to-Month,Electronic Check,1
    CUST-11210,70,41.62,0.52,2,66,Month-to-Month,Bank Transfer,1
    CUST-11211,39,111.7,0.55,0,115,One-Year,Electronic Check,1
    CUST-11212,56,57.91,0.11,2,38,Month-to-Month,Bank Transfer,1
    CUST-11213,63,56.78,0.0,1,53,Month-to-Month,Electronic Check,0
    CUST-11214,46,50.98,0.83,2,82,One-Year,Credit Card,1
    CUST-11215,11,133.77,0.07,2,34,Two-Year,Credit Card,1
    CUST-11216,62,132.84,0.81,0,85,One-Year,Credit Card,1
    CUST-11217,25,102.03,0.36,3,85,Month-to-Month,Credit Card,1
    CUST-11218,71,81.49,0.59,3,1,Month-to-Month,Credit Card,1
    CUST-11219,52,107.37,0.17,1,79,Month-to-Month,Credit Card,1
    CUST-11220,4,98.94,0.74,4,74,One-Year,Bank Transfer,1
    CUST-11221,59,74.05,0.16,2,59,Month-to-Month,Bank Transfer,1
    CUST-11222,20,69.35,0.35,2,99,One-Year,Electronic Check,1
    CUST-11223,63,69.76,0.21,1,25,Two-Year,Credit Card,0
    CUST-11224,54,96.59,0.75,1,32,Month-to-Month,Credit Card,1
    CUST-11225,57,104.2,0.77,2,31,One-Year,Electronic Check,0
    CUST-11226,41,78.73,0.33,1,74,One-Year,Bank Transfer,0
    CUST-11227,3,145.93,0.28,4,3,Two-Year,Credit Card,1
    CUST-11228,6,30.9,0.7,2,86,Two-Year,Bank Transfer,1
    CUST-11229,5,65.12,0.79,3,102,Month-to-Month,Bank Transfer,1
    CUST-11230,5,74.48,0.56,2,66,Month-to-Month,Bank Transfer,1
    CUST-11231,54,22.2,0.83,3,87,Month-to-Month,Bank Transfer,1
    CUST-11232,47,67.44,0.34,1,41,Month-to-Month,Credit Card,1
    CUST-11233,49,55.58,0.14,1,104,Month-to-Month,Bank Transfer,1
    CUST-11234,9,85.78,0.16,1,62,Two-Year,Credit Card,1
    CUST-11235,20,63.73,0.6,3,53,Month-to-Month,Electronic Check,1
    CUST-11236,61,114.4,0.37,4,88,Month-to-Month,Electronic Check,1
    CUST-11237,35,86.29,0.14,0,96,One-Year,Electronic Check,0
    CUST-11238,50,36.87,0.26,1,33,One-Year,Bank Transfer,0
    CUST-11239,62,117.51,0.48,1,113,One-Year,Electronic Check,1
    CUST-11240,17,32.9,0.11,2,91,Month-to-Month,Bank Transfer,1
    CUST-11241,3,129.08,0.0,0,13,Month-to-Month,Credit Card,0
    CUST-11242,32,141.08,0.83,3,101,Month-to-Month,Electronic Check,1
    CUST-11243,13,61.92,0.27,1,39,Two-Year,Bank Transfer,1
    CUST-11244,68,140.4,0.2,1,29,Two-Year,Credit Card,0
    CUST-11245,14,123.09,0.63,1,105,Month-to-Month,Bank Transfer,1
    CUST-11246,11,139.92,0.77,2,25,One-Year,Bank Transfer,1
    CUST-11247,56,106.62,0.57,3,110,Two-Year,Credit Card,1
    CUST-11248,67,50.63,0.23,3,19,Month-to-Month,Credit Card,1
    CUST-11249,29,136.29,0.78,1,65,One-Year,Electronic Check,1
    CUST-11250,9,43.95,0.46,2,99,Month-to-Month,Bank Transfer,1
    CUST-11251,67,47.7,0.34,1,16,Month-to-Month,Electronic Check,0
    CUST-11252,25,55.24,0.54,3,72,Two-Year,Bank Transfer,1
    CUST-11253,42,59.55,0.63,0,71,One-Year,Bank Transfer,1
    CUST-11254,9,86.88,0.53,1,85,Two-Year,Electronic Check,1
    CUST-11255,40,112.75,0.83,2,75,Month-to-Month,Electronic Check,1
    CUST-11256,25,140.41,0.57,0,90,Month-to-Month,Bank Transfer,1
    CUST-11257,5,31.5,0.79,3,60,Month-to-Month,Credit Card,1
    CUST-11258,11,144.07,0.53,1,79,Two-Year,Bank Transfer,1
    CUST-11259,59,139.77,0.3,2,57,Month-to-Month,Electronic Check,1
    CUST-11260,38,27.02,0.48,0,45,Month-to-Month,Bank Transfer,1
    CUST-11261,5,66.84,0.08,1,52,Month-to-Month,Bank Transfer,1
    CUST-11262,48,125.71,0.21,2,6,Month-to-Month,Credit Card,0
    CUST-11263,18,99.5,0.69,1,60,Month-to-Month,Credit Card,1
    CUST-11264,70,121.28,0.6,3,37,Two-Year,Credit Card,1
    CUST-11265,37,113.47,0.15,2,54,Month-to-Month,Electronic Check,1
    CUST-11266,60,84.58,0.39,2,4,Two-Year,Credit Card,0
    CUST-11267,48,25.36,0.13,1,83,Month-to-Month,Bank Transfer,1
    CUST-11268,28,95.95,0.77,2,47,Month-to-Month,Credit Card,1
    CUST-11269,69,26.31,0.1,0,85,Month-to-Month,Electronic Check,1
    CUST-11270,40,98.48,0.59,2,37,One-Year,Electronic Check,0
    CUST-11271,45,124.05,0.55,1,107,One-Year,Electronic Check,1
    CUST-11272,62,96.05,0.43,1,82,One-Year,Electronic Check,0
    CUST-11273,58,149.61,0.25,1,42,One-Year,Credit Card,0
    CUST-11274,67,79.26,0.36,4,48,Month-to-Month,Bank Transfer,1
    CUST-11275,56,117.35,0.73,4,100,Month-to-Month,Bank Transfer,1
    CUST-11276,40,106.74,0.69,1,61,Month-to-Month,Bank Transfer,1
    CUST-11277,40,148.89,0.66,1,115,Month-to-Month,Bank Transfer,1
    CUST-11278,33,112.72,0.67,1,62,One-Year,Electronic Check,1
    CUST-11279,6,41.32,0.13,3,55,Month-to-Month,Bank Transfer,1
    CUST-11280,19,144.22,0.09,3,37,Month-to-Month,Electronic Check,1
    CUST-11281,40,106.81,0.78,1,15,Month-to-Month,Bank Transfer,1
    CUST-11282,59,27.71,0.75,3,102,Month-to-Month,Bank Transfer,1
    CUST-11283,59,105.48,0.61,2,59,One-Year,Bank Transfer,1
    CUST-11284,48,134.81,0.55,0,63,Month-to-Month,Bank Transfer,1
    CUST-11285,41,95.02,0.33,1,119,Month-to-Month,Bank Transfer,1
    CUST-11286,13,66.02,0.2,2,66,Two-Year,Electronic Check,0
    CUST-11287,45,126.72,0.6,3,42,Two-Year,Credit Card,1
    CUST-11288,53,121.73,0.82,1,116,Two-Year,Credit Card,1
    CUST-11289,42,90.74,0.39,4,31,Month-to-Month,Electronic Check,1
    CUST-11290,63,40.07,0.27,1,6,One-Year,Bank Transfer,0
    CUST-11291,27,52.63,0.24,2,19,Month-to-Month,Electronic Check,1
    CUST-11292,38,116.0,0.02,2,38,Month-to-Month,Electronic Check,0
    CUST-11293,60,124.79,0.47,1,79,One-Year,Credit Card,1
    CUST-11294,7,56.3,0.89,4,33,One-Year,Electronic Check,1
    CUST-11295,5,67.84,0.73,3,104,Month-to-Month,Bank Transfer,1
    CUST-11296,45,30.09,0.81,1,90,Two-Year,Electronic Check,1
    CUST-11297,58,112.75,0.56,1,53,One-Year,Credit Card,0
    CUST-11298,31,20.47,0.43,1,30,Two-Year,Bank Transfer,1
    CUST-11299,23,26.05,0.89,3,75,Two-Year,Credit Card,1
    CUST-11300,42,20.56,0.4,1,110,One-Year,Bank Transfer,0
    CUST-11301,10,103.89,0.83,0,65,Month-to-Month,Bank Transfer,1
    CUST-11302,32,74.26,0.69,1,14,Month-to-Month,Credit Card,1
    CUST-11303,53,58.68,0.3,3,10,Month-to-Month,Credit Card,1
    CUST-11304,30,138.65,0.45,1,17,Month-to-Month,Electronic Check,1
    CUST-11305,39,45.06,0.35,1,75,One-Year,Electronic Check,1
    CUST-11306,31,70.62,0.12,1,106,Month-to-Month,Bank Transfer,1
    CUST-11307,2,142.24,0.32,3,15,Two-Year,Bank Transfer,1
    CUST-11308,12,75.52,0.8,2,76,One-Year,Bank Transfer,1
    CUST-11309,39,92.11,0.68,2,3,Month-to-Month,Bank Transfer,1
    CUST-11310,66,30.44,0.25,4,22,Month-to-Month,Electronic Check,1
    CUST-11311,13,122.72,0.33,3,114,Month-to-Month,Electronic Check,1
    CUST-11312,46,74.96,0.55,5,56,Month-to-Month,Credit Card,1
    CUST-11313,27,124.07,0.37,5,59,Month-to-Month,Electronic Check,1
    CUST-11314,17,52.99,0.45,3,26,Two-Year,Bank Transfer,1
    CUST-11315,60,74.92,0.63,2,103,Month-to-Month,Electronic Check,1
    CUST-11316,64,122.25,0.42,5,107,Month-to-Month,Bank Transfer,1
    CUST-11317,35,146.6,0.17,5,50,Month-to-Month,Credit Card,1
    CUST-11318,70,27.75,0.47,2,113,Month-to-Month,Credit Card,1
    CUST-11319,30,125.62,0.32,1,87,One-Year,Electronic Check,0
    CUST-11320,71,59.09,0.26,0,80,One-Year,Electronic Check,0
    CUST-11321,63,91.6,0.3,4,61,Month-to-Month,Credit Card,1
    CUST-11322,28,57.71,0.4,2,55,Two-Year,Bank Transfer,1
    CUST-11323,60,99.75,0.8,2,64,One-Year,Electronic Check,1
    CUST-11324,37,65.99,0.66,1,3,Month-to-Month,Credit Card,1
    CUST-11325,22,63.37,0.6,2,30,Month-to-Month,Bank Transfer,1
    CUST-11326,68,24.93,0.42,3,58,Month-to-Month,Electronic Check,1
    CUST-11327,20,39.1,0.0,1,13,Month-to-Month,Electronic Check,1
    CUST-11328,68,139.22,0.31,2,72,One-Year,Bank Transfer,0
    CUST-11329,64,149.78,0.73,4,24,Month-to-Month,Credit Card,1
    CUST-11330,17,121.47,0.35,2,69,Two-Year,Bank Transfer,1
    CUST-11331,12,57.29,0.51,3,7,Month-to-Month,Bank Transfer,1
    CUST-11332,22,72.32,0.18,3,51,Two-Year,Electronic Check,1
    CUST-11333,17,116.14,0.82,4,54,One-Year,Electronic Check,1
    CUST-11334,10,145.91,0.83,1,51,Month-to-Month,Credit Card,1
    CUST-11335,65,79.21,0.13,2,27,Month-to-Month,Bank Transfer,0
    CUST-11336,22,127.84,0.65,1,12,Two-Year,Electronic Check,1
    CUST-11337,50,146.76,0.07,3,41,Month-to-Month,Credit Card,1
    CUST-11338,14,133.55,0.54,3,119,Month-to-Month,Bank Transfer,1
    CUST-11339,64,49.53,0.16,1,113,Two-Year,Electronic Check,0
    CUST-11340,47,21.04,0.13,0,89,Two-Year,Credit Card,0
    CUST-11341,29,83.97,0.0,2,106,Two-Year,Electronic Check,0
    CUST-11342,36,89.08,0.85,1,114,One-Year,Credit Card,1
    CUST-11343,52,46.16,0.75,1,33,Month-to-Month,Credit Card,1
    CUST-11344,7,57.01,0.07,1,79,Month-to-Month,Bank Transfer,1
    CUST-11345,29,119.47,0.54,1,31,One-Year,Electronic Check,0
    CUST-11346,11,81.15,0.21,2,11,Month-to-Month,Credit Card,1
    CUST-11347,33,61.26,0.24,1,36,Month-to-Month,Bank Transfer,1
    CUST-11348,6,100.94,0.79,2,6,One-Year,Electronic Check,1
    CUST-11349,32,104.86,0.1,5,45,Month-to-Month,Bank Transfer,1
    CUST-11350,51,120.02,0.54,4,60,One-Year,Bank Transfer,1
    CUST-11351,58,40.37,0.36,1,90,Month-to-Month,Electronic Check,1
    CUST-11352,26,116.4,0.17,0,72,Month-to-Month,Credit Card,1
    CUST-11353,46,97.93,0.41,5,103,One-Year,Bank Transfer,1
    CUST-11354,29,27.48,0.85,3,37,One-Year,Electronic Check,1
    CUST-11355,4,121.07,0.7,4,101,Month-to-Month,Electronic Check,1
    CUST-11356,13,69.8,0.12,0,112,Two-Year,Electronic Check,1
    CUST-11357,39,62.95,0.76,3,30,Month-to-Month,Credit Card,1
    CUST-11358,15,78.25,0.84,2,38,Month-to-Month,Electronic Check,1
    CUST-11359,29,65.0,0.25,3,16,Month-to-Month,Credit Card,1
    CUST-11360,29,63.98,0.3,5,79,Month-to-Month,Credit Card,1
    CUST-11361,32,125.05,0.11,1,38,Month-to-Month,Electronic Check,0
    CUST-11362,2,36.19,0.31,1,53,One-Year,Electronic Check,1
    CUST-11363,47,146.18,0.61,3,8,One-Year,Bank Transfer,1
    CUST-11364,22,92.14,0.24,1,99,Two-Year,Credit Card,0
    CUST-11365,27,43.78,0.01,1,9,Two-Year,Bank Transfer,0
    CUST-11366,67,37.06,0.3,3,21,Two-Year,Credit Card,0
    CUST-11367,56,96.9,0.41,1,41,One-Year,Electronic Check,0
    CUST-11368,21,102.29,0.51,3,69,Month-to-Month,Bank Transfer,1
    CUST-11369,47,26.89,0.62,1,19,Month-to-Month,Bank Transfer,1
    CUST-11370,59,51.59,0.06,2,112,Month-to-Month,Electronic Check,1
    CUST-11371,6,123.41,0.42,0,80,Month-to-Month,Electronic Check,1
    CUST-11372,19,26.45,0.24,1,18,One-Year,Bank Transfer,0
    CUST-11373,57,131.16,0.85,2,76,One-Year,Electronic Check,1
    CUST-11374,69,105.56,0.32,3,80,Month-to-Month,Electronic Check,1
    CUST-11375,3,76.48,0.09,1,5,Two-Year,Credit Card,0
    CUST-11376,1,65.04,0.04,1,67,One-Year,Electronic Check,0
    CUST-11377,58,22.5,0.24,3,71,Month-to-Month,Credit Card,1
    CUST-11378,38,127.28,0.16,4,116,Month-to-Month,Credit Card,1
    CUST-11379,15,38.55,0.58,1,32,Month-to-Month,Electronic Check,1
    CUST-11380,34,60.24,0.76,6,95,Month-to-Month,Electronic Check,1
    CUST-11381,61,93.98,0.28,1,78,Two-Year,Bank Transfer,0
    CUST-11382,35,51.98,0.52,3,88,One-Year,Credit Card,1
    CUST-11383,64,84.63,0.66,2,48,Month-to-Month,Credit Card,1
    CUST-11384,25,125.21,0.36,1,33,Month-to-Month,Electronic Check,1
    CUST-11385,24,81.17,0.06,0,69,One-Year,Electronic Check,0
    CUST-11386,12,143.37,0.21,1,72,Two-Year,Bank Transfer,1
    CUST-11387,18,130.18,0.79,1,2,Month-to-Month,Electronic Check,1
    CUST-11388,15,63.3,0.74,1,54,Month-to-Month,Electronic Check,1
    CUST-11389,27,72.0,0.08,2,103,Two-Year,Bank Transfer,0
    CUST-11390,60,75.03,0.2,6,102,One-Year,Credit Card,1
    CUST-11391,46,101.4,0.69,2,42,Two-Year,Electronic Check,1
    CUST-11392,17,57.28,0.44,3,35,Month-to-Month,Electronic Check,1
    CUST-11393,53,146.0,0.68,2,102,One-Year,Credit Card,1
    CUST-11394,8,99.13,0.19,5,119,Month-to-Month,Credit Card,1
    CUST-11395,27,71.92,0.86,0,61,One-Year,Bank Transfer,1
    CUST-11396,46,103.85,0.71,1,115,Month-to-Month,Credit Card,1
    CUST-11397,50,71.4,0.18,3,60,One-Year,Electronic Check,0
    CUST-11398,71,126.31,0.5,3,98,Month-to-Month,Credit Card,1
    CUST-11399,3,93.82,0.1,1,115,One-Year,Bank Transfer,1
    CUST-11400,64,25.46,0.33,0,94,One-Year,Electronic Check,0
    CUST-11401,44,42.98,0.59,1,49,Two-Year,Bank Transfer,1
    CUST-11402,53,132.45,0.3,4,23,One-Year,Bank Transfer,0
    CUST-11403,24,93.18,0.59,2,68,Month-to-Month,Bank Transfer,1
    CUST-11404,60,143.54,0.22,2,35,One-Year,Bank Transfer,0
    CUST-11405,3,29.41,0.65,1,14,Month-to-Month,Bank Transfer,1
    CUST-11406,20,58.38,0.32,2,22,One-Year,Credit Card,0
    CUST-11407,46,45.16,0.71,1,30,One-Year,Bank Transfer,1
    CUST-11408,15,92.0,0.12,1,3,Month-to-Month,Bank Transfer,1
    CUST-11409,25,69.76,0.33,1,75,Two-Year,Bank Transfer,0
    CUST-11410,71,40.45,0.42,1,10,Month-to-Month,Electronic Check,0
    CUST-11411,17,103.56,0.38,1,67,Month-to-Month,Bank Transfer,1
    CUST-11412,9,89.72,0.39,3,41,Month-to-Month,Electronic Check,1
    CUST-11413,38,55.72,0.4,2,48,Month-to-Month,Credit Card,1
    CUST-11414,48,82.37,0.89,1,50,Month-to-Month,Bank Transfer,1
    CUST-11415,60,116.95,0.17,5,69,Month-to-Month,Bank Transfer,1
    CUST-11416,63,46.69,0.69,3,58,Month-to-Month,Bank Transfer,1
    CUST-11417,2,58.08,0.5,2,15,One-Year,Credit Card,0
    CUST-11418,11,64.99,0.37,1,48,Month-to-Month,Electronic Check,1
    CUST-11419,64,117.07,0.57,0,114,One-Year,Bank Transfer,1
    CUST-11420,21,130.1,0.77,2,6,Month-to-Month,Credit Card,1
    CUST-11421,18,68.93,0.42,0,4,Two-Year,Credit Card,0
    CUST-11422,64,58.56,0.78,1,23,Two-Year,Bank Transfer,1
    CUST-11423,38,135.63,0.08,3,45,Month-to-Month,Electronic Check,1
    CUST-11424,32,149.92,0.59,3,65,One-Year,Electronic Check,1
    CUST-11425,11,107.15,0.3,0,56,One-Year,Credit Card,0
    CUST-11426,45,148.7,0.35,1,98,Month-to-Month,Credit Card,1
    CUST-11427,33,105.8,0.51,2,63,Month-to-Month,Electronic Check,1
    CUST-11428,41,115.35,0.43,4,15,One-Year,Electronic Check,1
    CUST-11429,8,70.53,0.34,4,4,Month-to-Month,Credit Card,1
    CUST-11430,11,76.29,0.28,3,91,Two-Year,Electronic Check,1
    CUST-11431,51,38.74,0.56,0,77,Two-Year,Bank Transfer,0
    CUST-11432,41,126.96,0.46,0,119,Month-to-Month,Electronic Check,1
    CUST-11433,17,141.04,0.29,1,110,One-Year,Electronic Check,1
    CUST-11434,46,101.05,0.18,0,111,Month-to-Month,Electronic Check,1
    CUST-11435,32,64.67,0.7,1,104,Two-Year,Bank Transfer,1
    CUST-11436,54,40.02,0.72,1,32,One-Year,Bank Transfer,1
    CUST-11437,20,54.47,0.19,3,9,One-Year,Bank Transfer,0
    CUST-11438,33,53.2,0.24,0,101,One-Year,Credit Card,0
    CUST-11439,40,99.76,0.22,2,89,Month-to-Month,Bank Transfer,1
    CUST-11440,32,142.85,0.8,2,57,Two-Year,Electronic Check,1
    CUST-11441,2,26.28,0.7,2,67,Month-to-Month,Electronic Check,1
    CUST-11442,33,20.13,0.07,1,39,Month-to-Month,Credit Card,0
    CUST-11443,30,98.02,0.75,1,40,Month-to-Month,Credit Card,1
    CUST-11444,33,56.93,0.03,1,16,Month-to-Month,Electronic Check,0
    CUST-11445,26,134.47,0.23,1,81,Month-to-Month,Electronic Check,1
    CUST-11446,22,62.54,0.83,2,91,Month-to-Month,Bank Transfer,1
    CUST-11447,66,57.67,0.78,3,10,Month-to-Month,Credit Card,1
    CUST-11448,38,55.04,0.7,3,53,Month-to-Month,Bank Transfer,1
    CUST-11449,46,38.83,0.41,0,65,Month-to-Month,Bank Transfer,1
    CUST-11450,15,95.6,0.29,3,115,Month-to-Month,Bank Transfer,1
    CUST-11451,44,41.87,0.79,3,50,Two-Year,Bank Transfer,1
    CUST-11452,49,75.2,0.59,8,29,One-Year,Bank Transfer,1
    CUST-11453,61,79.93,0.27,2,18,Month-to-Month,Electronic Check,0
    CUST-11454,67,22.66,0.42,2,52,Month-to-Month,Bank Transfer,1
    CUST-11455,6,22.18,0.79,0,32,Two-Year,Credit Card,1
    CUST-11456,9,87.63,0.81,3,101,Month-to-Month,Credit Card,1
    CUST-11457,6,110.48,0.59,0,107,Month-to-Month,Bank Transfer,1
    CUST-11458,32,142.48,0.66,3,33,Two-Year,Credit Card,1
    CUST-11459,41,43.29,0.04,2,86,Month-to-Month,Credit Card,1
    CUST-11460,8,33.42,0.54,4,107,One-Year,Electronic Check,1
    CUST-11461,50,26.77,0.62,2,11,Month-to-Month,Electronic Check,1
    CUST-11462,62,76.69,0.02,1,101,Two-Year,Bank Transfer,0
    CUST-11463,62,101.01,0.76,4,29,Month-to-Month,Electronic Check,1
    CUST-11464,7,129.27,0.84,3,20,Two-Year,Bank Transfer,1
    CUST-11465,4,108.74,0.21,1,22,One-Year,Credit Card,0
    CUST-11466,6,47.09,0.76,0,96,Month-to-Month,Credit Card,1
    CUST-11467,58,80.03,0.6,2,114,One-Year,Electronic Check,1
    CUST-11468,22,138.35,0.52,3,72,Two-Year,Credit Card,1
    CUST-11469,26,62.48,0.76,1,86,Month-to-Month,Bank Transfer,1
    CUST-11470,3,84.83,0.26,3,15,Two-Year,Bank Transfer,1
    CUST-11471,41,144.61,0.71,3,35,Month-to-Month,Electronic Check,1
    CUST-11472,60,115.51,0.28,3,80,Month-to-Month,Credit Card,1
    CUST-11473,14,117.21,0.71,0,116,Month-to-Month,Credit Card,1
    CUST-11474,12,52.8,0.41,2,108,Two-Year,Bank Transfer,1
    CUST-11475,12,73.91,0.11,3,93,Two-Year,Bank Transfer,1
    CUST-11476,13,30.7,0.34,1,34,Two-Year,Electronic Check,0
    CUST-11477,25,98.85,0.21,0,20,Month-to-Month,Electronic Check,1
    CUST-11478,45,33.48,0.09,0,116,Two-Year,Electronic Check,0
    CUST-11479,19,128.67,0.1,3,77,Month-to-Month,Electronic Check,1
    CUST-11480,55,125.89,0.7,1,56,Month-to-Month,Bank Transfer,1
    CUST-11481,45,89.37,0.79,1,51,Month-to-Month,Electronic Check,1
    CUST-11482,8,38.35,0.83,2,77,Two-Year,Bank Transfer,1
    CUST-11483,53,23.33,0.77,2,95,One-Year,Credit Card,1
    CUST-11484,55,123.57,0.75,0,85,Month-to-Month,Electronic Check,1
    CUST-11485,32,98.02,0.06,6,50,One-Year,Bank Transfer,1
    CUST-11486,51,112.42,0.71,1,30,Month-to-Month,Credit Card,1
    CUST-11487,44,59.49,0.7,1,112,Month-to-Month,Electronic Check,1
    CUST-11488,70,86.23,0.12,1,25,Month-to-Month,Electronic Check,0
    CUST-11489,18,117.13,0.6,1,94,Month-to-Month,Bank Transfer,1
    CUST-11490,22,80.13,0.41,1,74,Month-to-Month,Bank Transfer,1
    CUST-11491,37,98.18,0.81,1,71,One-Year,Bank Transfer,1
    CUST-11492,56,122.66,0.63,2,98,Month-to-Month,Electronic Check,1
    CUST-11493,59,47.98,0.86,2,4,Month-to-Month,Credit Card,1
    CUST-11494,3,28.57,0.09,1,63,One-Year,Electronic Check,0
    CUST-11495,28,89.14,0.04,1,22,Month-to-Month,Electronic Check,1
    CUST-11496,35,28.08,0.88,1,57,Month-to-Month,Bank Transfer,1
    CUST-11497,61,119.65,0.07,2,93,Month-to-Month,Credit Card,1
    CUST-11498,54,113.5,0.35,2,54,Month-to-Month,Electronic Check,1
    CUST-11499,63,134.62,0.58,4,4,Month-to-Month,Bank Transfer,1
    CUST-11500,7,103.14,0.79,2,65,Month-to-Month,Electronic Check,1
    CUST-11501,49,28.74,0.23,4,48,Month-to-Month,Bank Transfer,1
    CUST-11502,31,52.91,0.03,3,23,Month-to-Month,Electronic Check,1
    CUST-11503,58,125.03,0.47,3,23,One-Year,Bank Transfer,0
    CUST-11504,61,41.73,0.42,5,6,Month-to-Month,Electronic Check,1
    CUST-11505,24,110.8,0.28,1,115,Month-to-Month,Bank Transfer,1
    CUST-11506,20,121.43,0.79,1,69,One-Year,Electronic Check,1
    CUST-11507,37,62.91,0.67,0,64,One-Year,Credit Card,1
    CUST-11508,4,61.9,0.77,1,87,Month-to-Month,Credit Card,1
    CUST-11509,20,92.51,0.15,3,102,One-Year,Bank Transfer,1
    CUST-11510,60,131.97,0.62,1,71,One-Year,Credit Card,0
    CUST-11511,24,49.11,0.88,3,5,Month-to-Month,Credit Card,1
    CUST-11512,50,142.36,0.55,3,33,Two-Year,Electronic Check,1
    CUST-11513,49,97.89,0.15,1,26,Month-to-Month,Credit Card,0
    CUST-11514,51,148.98,0.9,1,59,Month-to-Month,Credit Card,1
    CUST-11515,36,31.65,0.48,2,85,One-Year,Credit Card,1
    CUST-11516,66,36.45,0.76,1,34,Two-Year,Credit Card,1
    CUST-11517,34,127.46,0.13,1,26,Month-to-Month,Bank Transfer,1
    CUST-11518,36,132.42,0.6,4,74,One-Year,Credit Card,1
    CUST-11519,6,77.91,0.82,2,66,Month-to-Month,Bank Transfer,1
    CUST-11520,39,112.83,0.48,0,20,Month-to-Month,Credit Card,0
    CUST-11521,42,132.78,0.26,2,14,Month-to-Month,Electronic Check,1
    CUST-11522,58,25.61,0.11,2,118,Two-Year,Credit Card,0
    CUST-11523,12,94.61,0.27,4,117,Month-to-Month,Electronic Check,1
    CUST-11524,3,130.95,0.32,2,71,Month-to-Month,Credit Card,1
    CUST-11525,18,71.76,0.64,1,74,Month-to-Month,Credit Card,1
    CUST-11526,40,59.31,0.16,4,95,Month-to-Month,Electronic Check,1
    CUST-11527,21,123.44,0.1,1,8,Month-to-Month,Bank Transfer,1
    CUST-11528,15,63.65,0.35,0,58,Month-to-Month,Electronic Check,1
    CUST-11529,26,20.41,0.41,0,1,Two-Year,Bank Transfer,0
    CUST-11530,8,144.74,0.57,1,93,Month-to-Month,Electronic Check,1
    CUST-11531,42,96.98,0.64,3,31,Month-to-Month,Credit Card,1
    CUST-11532,44,126.54,0.8,4,8,Month-to-Month,Bank Transfer,1
    CUST-11533,14,127.29,0.26,1,80,Month-to-Month,Bank Transfer,1
    CUST-11534,2,28.63,0.48,2,110,Month-to-Month,Credit Card,1
    CUST-11535,37,42.21,0.33,2,83,Two-Year,Bank Transfer,1
    CUST-11536,69,60.45,0.0,1,90,Two-Year,Electronic Check,0
    CUST-11537,38,61.69,0.52,5,60,Month-to-Month,Bank Transfer,1
    CUST-11538,41,105.64,0.73,1,62,One-Year,Electronic Check,1
    CUST-11539,62,101.01,0.03,2,10,One-Year,Electronic Check,0
    CUST-11540,60,84.3,0.0,4,18,Month-to-Month,Credit Card,0
    CUST-11541,14,47.46,0.66,2,66,Month-to-Month,Credit Card,1
    CUST-11542,2,69.66,0.62,1,101,Month-to-Month,Credit Card,1
    CUST-11543,70,90.67,0.37,2,93,Month-to-Month,Electronic Check,1
    CUST-11544,17,80.84,0.6,3,66,Month-to-Month,Bank Transfer,1
    CUST-11545,28,36.55,0.86,0,52,Two-Year,Electronic Check,1
    CUST-11546,66,104.44,0.22,1,67,One-Year,Bank Transfer,0
    CUST-11547,35,29.5,0.22,3,88,Month-to-Month,Electronic Check,1
    CUST-11548,5,69.17,0.17,5,9,Month-to-Month,Credit Card,1
    CUST-11549,65,112.3,0.65,1,107,Month-to-Month,Credit Card,1
    CUST-11550,40,22.6,0.32,1,48,One-Year,Electronic Check,0
    CUST-11551,56,94.1,0.89,1,60,Two-Year,Bank Transfer,1
    CUST-11552,36,63.49,0.64,3,78,One-Year,Electronic Check,1
    CUST-11553,45,21.15,0.33,2,110,Two-Year,Credit Card,1
    CUST-11554,23,44.75,0.13,1,118,Month-to-Month,Credit Card,1
    CUST-11555,47,142.32,0.53,3,52,Two-Year,Credit Card,1
    CUST-11556,31,87.75,0.27,0,43,Month-to-Month,Bank Transfer,1
    CUST-11557,11,149.64,0.81,2,75,Month-to-Month,Electronic Check,1
    CUST-11558,10,88.23,0.4,1,50,Month-to-Month,Bank Transfer,1
    CUST-11559,67,90.71,0.26,1,107,Month-to-Month,Electronic Check,1
    CUST-11560,14,70.94,0.53,3,88,Month-to-Month,Electronic Check,1
    CUST-11561,10,60.31,0.12,5,14,One-Year,Credit Card,1
    CUST-11562,1,52.7,0.51,3,115,One-Year,Credit Card,1
    CUST-11563,5,64.64,0.05,0,18,Month-to-Month,Bank Transfer,0
    CUST-11564,20,79.78,0.55,1,100,Month-to-Month,Credit Card,1
    CUST-11565,8,44.96,0.48,3,77,One-Year,Electronic Check,1
    CUST-11566,43,49.23,0.47,2,34,Month-to-Month,Credit Card,1
    CUST-11567,1,55.3,0.62,2,83,One-Year,Electronic Check,1
    CUST-11568,57,78.4,0.04,6,41,Month-to-Month,Bank Transfer,1
    CUST-11569,64,104.87,0.41,2,119,Two-Year,Credit Card,1
    CUST-11570,28,131.3,0.4,1,75,Month-to-Month,Credit Card,1
    CUST-11571,37,57.33,0.41,2,49,Month-to-Month,Electronic Check,1
    CUST-11572,47,43.88,0.88,1,90,One-Year,Credit Card,1
    CUST-11573,37,69.25,0.13,3,69,One-Year,Bank Transfer,0
    CUST-11574,49,136.27,0.62,3,85,Month-to-Month,Bank Transfer,1
    CUST-11575,44,21.28,0.36,1,9,Two-Year,Credit Card,0
    CUST-11576,56,108.12,0.46,1,48,Month-to-Month,Electronic Check,1
    CUST-11577,28,82.03,0.69,3,12,Month-to-Month,Bank Transfer,1
    CUST-11578,6,40.94,0.14,3,65,One-Year,Credit Card,1
    CUST-11579,61,61.73,0.69,1,113,Month-to-Month,Credit Card,1
    CUST-11580,20,49.24,0.06,5,14,Two-Year,Bank Transfer,0
    CUST-11581,2,134.12,0.43,2,64,Month-to-Month,Electronic Check,1
    CUST-11582,37,82.64,0.67,2,26,One-Year,Credit Card,0
    CUST-11583,20,93.2,0.17,2,7,Month-to-Month,Credit Card,0
    CUST-11584,26,97.18,0.69,3,55,Month-to-Month,Electronic Check,1
    CUST-11585,29,103.15,0.15,2,59,One-Year,Electronic Check,0
    CUST-11586,1,84.42,0.72,3,80,Month-to-Month,Credit Card,1
    CUST-11587,35,22.32,0.42,0,79,One-Year,Electronic Check,0
    CUST-11588,70,63.51,0.62,0,56,Month-to-Month,Electronic Check,1
    CUST-11589,59,43.9,0.83,3,68,Month-to-Month,Electronic Check,1
    CUST-11590,69,108.42,0.37,4,30,Month-to-Month,Credit Card,1
    CUST-11591,33,27.37,0.21,3,23,Two-Year,Electronic Check,1
    CUST-11592,51,93.29,0.78,4,86,One-Year,Bank Transfer,1
    CUST-11593,12,47.38,0.15,0,79,Month-to-Month,Bank Transfer,1
    CUST-11594,20,143.35,0.57,2,17,One-Year,Electronic Check,1
    CUST-11595,53,63.62,0.83,2,2,One-Year,Bank Transfer,0
    CUST-11596,43,62.28,0.61,2,72,One-Year,Electronic Check,1
    CUST-11597,50,140.04,0.18,2,70,Month-to-Month,Electronic Check,1
    CUST-11598,29,74.26,0.14,3,39,One-Year,Bank Transfer,0
    CUST-11599,57,145.17,0.23,2,92,Month-to-Month,Credit Card,1
    CUST-11600,39,23.14,0.35,2,48,Month-to-Month,Electronic Check,1
    CUST-11601,56,59.82,0.14,1,5,Two-Year,Electronic Check,0
    CUST-11602,43,106.61,0.72,3,21,One-Year,Bank Transfer,1
    CUST-11603,50,135.81,0.32,0,50,One-Year,Bank Transfer,0
    CUST-11604,23,53.33,0.84,4,20,Month-to-Month,Electronic Check,1
    CUST-11605,44,140.96,0.76,0,107,One-Year,Bank Transfer,1
    CUST-11606,38,97.24,0.82,2,98,Month-to-Month,Credit Card,1
    CUST-11607,23,124.13,0.27,1,71,One-Year,Credit Card,0
    CUST-11608,45,71.64,0.52,2,94,Month-to-Month,Credit Card,1
    CUST-11609,52,47.58,0.29,5,94,Month-to-Month,Electronic Check,1
    CUST-11610,50,138.46,0.23,2,79,Two-Year,Bank Transfer,1
    CUST-11611,8,141.31,0.55,1,91,Month-to-Month,Bank Transfer,1
    CUST-11612,1,84.68,0.74,0,73,One-Year,Electronic Check,1
    CUST-11613,8,20.84,0.08,3,27,Month-to-Month,Electronic Check,1
    CUST-11614,29,34.27,0.25,1,2,One-Year,Bank Transfer,0
    CUST-11615,5,94.49,0.18,0,100,Month-to-Month,Electronic Check,1
    CUST-11616,47,23.09,0.72,2,91,Month-to-Month,Bank Transfer,1
    CUST-11617,34,71.6,0.84,1,47,Month-to-Month,Bank Transfer,1
    CUST-11618,65,59.44,0.07,0,40,Two-Year,Electronic Check,0
    CUST-11619,55,112.87,0.34,1,89,Month-to-Month,Electronic Check,1
    CUST-11620,43,27.23,0.82,0,36,Month-to-Month,Electronic Check,1
    CUST-11621,30,83.54,0.31,3,104,One-Year,Electronic Check,1
    CUST-11622,17,95.28,0.64,3,71,Month-to-Month,Electronic Check,1
    CUST-11623,26,100.25,0.09,1,13,Two-Year,Electronic Check,0
    CUST-11624,8,72.67,0.4,1,101,Month-to-Month,Bank Transfer,1
    CUST-11625,47,59.57,0.45,5,84,Month-to-Month,Credit Card,1
    CUST-11626,46,108.72,0.68,4,118,Month-to-Month,Electronic Check,1
    CUST-11627,68,130.18,0.26,2,22,Two-Year,Bank Transfer,0
    CUST-11628,33,110.17,0.24,1,18,One-Year,Bank Transfer,0
    CUST-11629,1,141.17,0.27,2,115,One-Year,Bank Transfer,1
    CUST-11630,19,113.24,0.5,2,75,One-Year,Bank Transfer,1
    CUST-11631,31,119.4,0.79,4,6,Two-Year,Electronic Check,1
    CUST-11632,14,41.83,0.75,3,68,Two-Year,Bank Transfer,1
    CUST-11633,53,74.54,0.05,1,67,Two-Year,Credit Card,0
    CUST-11634,48,83.06,0.79,2,52,Month-to-Month,Electronic Check,1
    CUST-11635,69,53.32,0.09,2,70,Month-to-Month,Credit Card,1
    CUST-11636,62,88.71,0.37,0,79,Month-to-Month,Credit Card,1
    CUST-11637,66,57.8,0.69,4,3,Two-Year,Bank Transfer,1
    CUST-11638,64,109.38,0.07,3,17,Two-Year,Credit Card,0
    CUST-11639,70,81.14,0.04,3,94,One-Year,Electronic Check,0
    CUST-11640,63,79.64,0.3,5,86,Month-to-Month,Bank Transfer,1
    CUST-11641,33,147.87,0.66,1,66,Month-to-Month,Electronic Check,1
    CUST-11642,41,71.02,0.47,2,57,One-Year,Electronic Check,1
    CUST-11643,48,67.1,0.38,2,80,Month-to-Month,Credit Card,1
    CUST-11644,13,61.42,0.73,2,22,One-Year,Credit Card,1
    CUST-11645,31,136.32,0.69,2,113,Month-to-Month,Electronic Check,1
    CUST-11646,68,84.57,0.71,2,11,Month-to-Month,Bank Transfer,1
    CUST-11647,4,98.0,0.41,2,36,Two-Year,Electronic Check,1
    CUST-11648,19,43.51,0.02,0,53,Month-to-Month,Credit Card,1
    CUST-11649,70,90.32,0.15,1,76,Two-Year,Electronic Check,0
    CUST-11650,13,55.7,0.67,1,40,Month-to-Month,Credit Card,1
    CUST-11651,23,114.98,0.68,2,35,Month-to-Month,Electronic Check,1
    CUST-11652,1,128.23,0.88,0,43,Two-Year,Credit Card,1
    CUST-11653,54,112.93,0.17,0,45,One-Year,Electronic Check,0
    CUST-11654,71,114.93,0.11,1,41,Two-Year,Credit Card,0
    CUST-11655,15,86.62,0.12,1,64,One-Year,Bank Transfer,0
    CUST-11656,65,112.58,0.17,3,15,One-Year,Bank Transfer,0
    CUST-11657,71,74.95,0.48,1,44,Two-Year,Bank Transfer,0
    CUST-11658,15,104.69,0.88,0,42,Month-to-Month,Bank Transfer,1
    CUST-11659,21,53.68,0.53,2,59,Month-to-Month,Electronic Check,1
    CUST-11660,19,29.07,0.47,2,85,Month-to-Month,Electronic Check,1
    CUST-11661,60,73.75,0.61,2,4,Two-Year,Credit Card,0
    CUST-11662,33,80.03,0.07,1,71,One-Year,Electronic Check,0
    CUST-11663,49,53.33,0.73,0,29,Month-to-Month,Electronic Check,1
    CUST-11664,35,114.6,0.58,1,41,Month-to-Month,Credit Card,1
    CUST-11665,44,29.56,0.15,3,6,Month-to-Month,Electronic Check,1
    CUST-11666,11,48.96,0.57,1,39,Two-Year,Bank Transfer,1
    CUST-11667,66,117.31,0.54,1,81,Two-Year,Bank Transfer,1
    CUST-11668,46,76.83,0.06,2,100,Two-Year,Electronic Check,0
    CUST-11669,9,111.69,0.24,1,66,One-Year,Electronic Check,1
    CUST-11670,3,93.77,0.35,0,81,Month-to-Month,Credit Card,1
    CUST-11671,26,143.59,0.22,0,93,One-Year,Electronic Check,0
    CUST-11672,48,97.71,0.22,0,27,Month-to-Month,Bank Transfer,0
    CUST-11673,66,21.93,0.52,3,7,One-Year,Credit Card,0
    CUST-11674,70,65.87,0.42,1,11,Month-to-Month,Credit Card,0
    CUST-11675,28,38.6,0.6,4,90,Month-to-Month,Credit Card,1
    CUST-11676,26,140.2,0.86,2,116,Month-to-Month,Electronic Check,1
    CUST-11677,25,33.52,0.59,2,114,Two-Year,Electronic Check,1
    CUST-11678,12,70.4,0.52,2,117,Month-to-Month,Electronic Check,1
    CUST-11679,5,49.39,0.76,1,103,One-Year,Credit Card,1
    CUST-11680,48,130.07,0.57,2,32,Month-to-Month,Credit Card,1
    CUST-11681,37,60.11,0.15,1,114,Month-to-Month,Bank Transfer,1
    CUST-11682,44,148.95,0.28,2,87,Two-Year,Bank Transfer,1
    CUST-11683,15,25.02,0.66,1,51,Month-to-Month,Electronic Check,1
    CUST-11684,43,36.68,0.66,2,110,Month-to-Month,Electronic Check,1
    CUST-11685,48,49.2,0.89,2,40,Month-to-Month,Bank Transfer,1
    CUST-11686,70,125.44,0.56,2,7,One-Year,Bank Transfer,0
    CUST-11687,46,134.21,0.81,1,1,Month-to-Month,Electronic Check,1
    CUST-11688,43,29.29,0.05,0,25,Month-to-Month,Electronic Check,1
    CUST-11689,21,24.22,0.51,2,95,One-Year,Electronic Check,1
    CUST-11690,23,116.79,0.83,1,6,Two-Year,Electronic Check,1
    CUST-11691,47,37.34,0.26,4,92,Month-to-Month,Bank Transfer,1
    CUST-11692,15,37.29,0.14,4,95,One-Year,Electronic Check,1
    CUST-11693,25,22.91,0.32,2,100,One-Year,Electronic Check,1
    CUST-11694,36,26.48,0.71,2,16,Month-to-Month,Bank Transfer,1
    CUST-11695,51,54.28,0.08,2,15,One-Year,Bank Transfer,0
    CUST-11696,15,28.45,0.54,4,22,Month-to-Month,Electronic Check,1
    CUST-11697,68,67.95,0.12,5,18,Two-Year,Electronic Check,0
    CUST-11698,21,128.26,0.39,2,50,Month-to-Month,Credit Card,1
    CUST-11699,13,62.42,0.87,2,72,One-Year,Electronic Check,1
    CUST-11700,19,114.62,0.18,1,10,Month-to-Month,Electronic Check,0
    CUST-11701,34,32.21,0.03,2,101,Two-Year,Bank Transfer,1
    CUST-11702,68,105.72,0.38,0,103,Month-to-Month,Electronic Check,1
    CUST-11703,52,61.18,0.52,1,49,Two-Year,Electronic Check,0
    CUST-11704,27,117.47,0.27,1,70,Two-Year,Credit Card,1
    CUST-11705,29,37.71,0.49,3,107,Month-to-Month,Electronic Check,1
    CUST-11706,28,136.72,0.86,0,10,Two-Year,Electronic Check,1
    CUST-11707,35,51.54,0.28,3,39,One-Year,Bank Transfer,0
    CUST-11708,8,65.91,0.28,1,58,Month-to-Month,Credit Card,1
    CUST-11709,16,143.52,0.43,2,71,Month-to-Month,Electronic Check,1
    CUST-11710,36,95.2,0.46,2,42,Two-Year,Credit Card,1
    CUST-11711,30,67.55,0.0,1,45,Month-to-Month,Electronic Check,1
    CUST-11712,18,143.45,0.55,4,99,Month-to-Month,Electronic Check,1
    CUST-11713,2,62.78,0.9,2,28,Two-Year,Bank Transfer,1
    CUST-11714,49,32.33,0.26,2,89,Two-Year,Electronic Check,1
    CUST-11715,4,149.59,0.57,4,92,Month-to-Month,Credit Card,1
    CUST-11716,7,54.82,0.0,0,73,Month-to-Month,Credit Card,1
    CUST-11717,39,130.66,0.54,4,5,Two-Year,Electronic Check,1
    CUST-11718,13,41.52,0.4,3,57,Two-Year,Credit Card,1
    CUST-11719,31,115.08,0.48,2,80,One-Year,Bank Transfer,1
    CUST-11720,71,88.18,0.49,2,29,Month-to-Month,Credit Card,1
    CUST-11721,63,147.52,0.16,2,107,One-Year,Credit Card,0
    CUST-11722,56,91.87,0.69,0,55,One-Year,Electronic Check,0
    CUST-11723,42,23.25,0.5,2,23,Month-to-Month,Credit Card,1
    CUST-11724,61,98.5,0.24,1,57,One-Year,Bank Transfer,0
    CUST-11725,42,38.89,0.84,2,18,Month-to-Month,Credit Card,1
    CUST-11726,56,123.81,0.01,1,26,One-Year,Bank Transfer,0
    CUST-11727,36,131.35,0.65,2,111,Month-to-Month,Bank Transfer,1
    CUST-11728,68,82.67,0.34,0,5,Month-to-Month,Bank Transfer,0
    CUST-11729,7,121.82,0.47,2,8,Month-to-Month,Bank Transfer,1
    CUST-11730,54,38.86,0.26,3,104,Month-to-Month,Credit Card,1
    CUST-11731,1,83.97,0.29,2,19,Month-to-Month,Credit Card,1
    CUST-11732,44,71.21,0.01,4,101,Month-to-Month,Electronic Check,1
    CUST-11733,45,99.47,0.66,1,28,One-Year,Bank Transfer,0
    CUST-11734,47,25.78,0.64,4,68,Month-to-Month,Electronic Check,1
    CUST-11735,13,117.78,0.59,2,84,Month-to-Month,Bank Transfer,1
    CUST-11736,22,30.29,0.79,1,50,Two-Year,Bank Transfer,1
    CUST-11737,21,105.34,0.81,1,86,Month-to-Month,Bank Transfer,1
    CUST-11738,9,22.4,0.5,2,76,Month-to-Month,Credit Card,1
    CUST-11739,26,128.15,0.62,1,65,Month-to-Month,Bank Transfer,1
    CUST-11740,9,42.71,0.01,2,8,Two-Year,Bank Transfer,0
    CUST-11741,15,87.01,0.76,1,60,Month-to-Month,Electronic Check,1
    CUST-11742,10,53.99,0.73,2,58,Month-to-Month,Bank Transfer,1
    CUST-11743,42,113.94,0.02,1,105,One-Year,Electronic Check,0
    CUST-11744,24,61.78,0.49,2,27,One-Year,Credit Card,1
    CUST-11745,49,114.2,0.82,3,85,Two-Year,Credit Card,1
    CUST-11746,26,57.03,0.16,3,109,One-Year,Bank Transfer,1
    CUST-11747,37,117.82,0.32,1,118,Month-to-Month,Bank Transfer,1
    CUST-11748,68,23.98,0.3,1,33,One-Year,Electronic Check,0
    CUST-11749,50,56.83,0.32,4,102,Month-to-Month,Electronic Check,1
    CUST-11750,24,84.82,0.04,5,97,One-Year,Credit Card,1
    CUST-11751,19,25.86,0.25,0,46,One-Year,Bank Transfer,0
    CUST-11752,60,44.18,0.27,0,37,One-Year,Bank Transfer,0
    CUST-11753,39,141.49,0.78,2,109,Month-to-Month,Electronic Check,1
    CUST-11754,18,146.99,0.32,0,69,Month-to-Month,Electronic Check,1
    CUST-11755,19,116.17,0.4,1,15,Month-to-Month,Credit Card,1
    CUST-11756,36,52.79,0.34,2,94,Two-Year,Credit Card,1
    CUST-11757,55,53.87,0.11,4,67,Month-to-Month,Bank Transfer,1
    CUST-11758,69,103.95,0.89,4,28,Two-Year,Electronic Check,1
    CUST-11759,47,35.29,0.74,1,63,Month-to-Month,Credit Card,1
    CUST-11760,49,143.28,0.49,0,94,Month-to-Month,Electronic Check,1
    CUST-11761,33,49.23,0.43,1,100,Month-to-Month,Credit Card,1
    CUST-11762,21,149.95,0.58,0,3,One-Year,Bank Transfer,0
    CUST-11763,22,84.45,0.29,2,52,One-Year,Credit Card,1
    CUST-11764,48,120.29,0.05,3,44,One-Year,Credit Card,0
    CUST-11765,37,20.28,0.36,2,60,One-Year,Electronic Check,1
    CUST-11766,15,135.54,0.89,4,58,Month-to-Month,Credit Card,1
    CUST-11767,35,55.1,0.16,0,95,One-Year,Electronic Check,0
    CUST-11768,71,106.83,0.47,4,14,One-Year,Bank Transfer,0
    CUST-11769,32,124.83,0.01,1,6,One-Year,Bank Transfer,0
    CUST-11770,11,41.34,0.11,1,19,One-Year,Credit Card,0
    CUST-11771,10,77.53,0.53,2,62,Month-to-Month,Bank Transfer,1
    CUST-11772,57,84.2,0.27,3,5,Two-Year,Electronic Check,0
    CUST-11773,25,60.58,0.82,3,119,Two-Year,Electronic Check,1
    CUST-11774,2,82.63,0.37,0,49,One-Year,Credit Card,0
    CUST-11775,64,61.28,0.19,2,51,Month-to-Month,Bank Transfer,1
    CUST-11776,35,66.9,0.49,3,118,Month-to-Month,Electronic Check,1
    CUST-11777,7,107.01,0.72,1,26,Month-to-Month,Electronic Check,1
    CUST-11778,18,102.24,0.02,1,114,Month-to-Month,Electronic Check,1
    CUST-11779,67,50.19,0.45,2,56,Two-Year,Electronic Check,1
    CUST-11780,42,136.67,0.7,0,119,Month-to-Month,Electronic Check,1
    CUST-11781,39,132.16,0.09,1,108,One-Year,Bank Transfer,0
    CUST-11782,41,86.18,0.81,1,18,Two-Year,Credit Card,1
    CUST-11783,24,76.32,0.24,2,101,Two-Year,Credit Card,1
    CUST-11784,60,68.99,0.15,3,45,One-Year,Electronic Check,0
    CUST-11785,46,111.94,0.53,5,100,Month-to-Month,Bank Transfer,1
    CUST-11786,19,107.32,0.16,4,95,Month-to-Month,Bank Transfer,1
    CUST-11787,68,45.5,0.61,1,82,Two-Year,Electronic Check,1
    CUST-11788,42,107.29,0.44,0,116,Two-Year,Bank Transfer,1
    CUST-11789,32,52.82,0.1,3,9,Month-to-Month,Credit Card,1
    CUST-11790,39,22.41,0.82,0,90,Month-to-Month,Electronic Check,1
    CUST-11791,36,110.9,0.61,3,2,One-Year,Electronic Check,0
    CUST-11792,36,103.82,0.49,0,96,Month-to-Month,Credit Card,1
    CUST-11793,3,73.41,0.34,2,42,Month-to-Month,Credit Card,1
    CUST-11794,8,88.34,0.12,3,109,Two-Year,Bank Transfer,1
    CUST-11795,70,143.13,0.64,2,70,Month-to-Month,Bank Transfer,1
    CUST-11796,41,97.38,0.73,3,84,One-Year,Credit Card,1
    CUST-11797,68,105.52,0.11,2,72,Month-to-Month,Bank Transfer,0
    CUST-11798,13,28.31,0.45,0,109,Two-Year,Credit Card,1
    CUST-11799,49,41.58,0.44,1,68,One-Year,Bank Transfer,0
    CUST-11800,60,59.12,0.31,2,89,Month-to-Month,Bank Transfer,1
    CUST-11801,2,90.12,0.71,1,31,Month-to-Month,Electronic Check,1
    CUST-11802,60,120.96,0.09,0,19,Month-to-Month,Electronic Check,0
    CUST-11803,5,61.76,0.18,0,71,One-Year,Credit Card,1
    CUST-11804,44,66.33,0.0,0,47,Month-to-Month,Credit Card,0
    CUST-11805,27,53.3,0.34,3,37,Month-to-Month,Credit Card,1
    CUST-11806,32,53.1,0.26,3,94,Month-to-Month,Bank Transfer,1
    CUST-11807,21,143.35,0.78,4,91,Month-to-Month,Electronic Check,1
    CUST-11808,8,102.61,0.67,2,81,Month-to-Month,Electronic Check,1
    CUST-11809,50,40.27,0.08,3,96,One-Year,Credit Card,0
    CUST-11810,67,113.89,0.67,0,19,One-Year,Bank Transfer,0
    CUST-11811,44,113.86,0.61,2,89,Month-to-Month,Credit Card,1
    CUST-11812,58,106.64,0.25,3,93,Two-Year,Electronic Check,1
    CUST-11813,3,37.51,0.01,0,25,Month-to-Month,Electronic Check,0
    CUST-11814,70,73.04,0.1,3,53,One-Year,Electronic Check,0
    CUST-11815,2,33.88,0.22,5,96,One-Year,Electronic Check,1
    CUST-11816,44,126.16,0.73,4,101,Two-Year,Credit Card,1
    CUST-11817,2,105.17,0.42,2,75,Two-Year,Credit Card,1
    CUST-11818,35,85.94,0.83,3,4,One-Year,Credit Card,1
    CUST-11819,30,64.59,0.71,0,46,One-Year,Bank Transfer,1
    CUST-11820,8,43.95,0.26,1,31,One-Year,Electronic Check,0
    CUST-11821,22,33.84,0.76,1,36,Month-to-Month,Credit Card,1
    CUST-11822,44,146.0,0.11,1,4,Month-to-Month,Credit Card,0
    CUST-11823,58,45.95,0.03,3,2,Month-to-Month,Electronic Check,0
    CUST-11824,36,27.78,0.55,1,39,Month-to-Month,Credit Card,1
    CUST-11825,69,145.02,0.31,3,115,One-Year,Bank Transfer,1
    CUST-11826,31,91.36,0.3,1,97,Two-Year,Electronic Check,0
    CUST-11827,47,123.57,0.62,1,44,One-Year,Credit Card,0
    CUST-11828,55,25.69,0.77,1,91,Two-Year,Bank Transfer,1
    CUST-11829,62,93.7,0.29,0,90,Month-to-Month,Credit Card,1
    CUST-11830,30,71.77,0.29,1,19,Two-Year,Electronic Check,0
    CUST-11831,55,120.36,0.48,2,108,Month-to-Month,Electronic Check,1
    CUST-11832,16,25.0,0.59,3,41,Two-Year,Electronic Check,1
    CUST-11833,12,72.22,0.18,3,103,One-Year,Bank Transfer,1
    CUST-11834,17,123.88,0.82,5,97,Two-Year,Electronic Check,1
    CUST-11835,16,87.95,0.59,1,38,Two-Year,Electronic Check,1
    CUST-11836,12,91.51,0.56,3,74,Month-to-Month,Bank Transfer,1
    CUST-11837,8,32.63,0.81,0,65,Month-to-Month,Bank Transfer,1
    CUST-11838,3,37.2,0.82,0,114,Two-Year,Electronic Check,1
    CUST-11839,16,108.01,0.12,5,35,One-Year,Bank Transfer,1
    CUST-11840,30,107.76,0.13,4,11,Two-Year,Bank Transfer,0
    CUST-11841,23,147.28,0.69,1,59,Month-to-Month,Credit Card,1
    CUST-11842,5,112.55,0.86,1,78,Month-to-Month,Credit Card,1
    CUST-11843,65,84.12,0.6,2,70,Month-to-Month,Electronic Check,1
    CUST-11844,30,131.45,0.37,1,43,One-Year,Credit Card,0
    CUST-11845,21,33.58,0.62,2,103,Month-to-Month,Electronic Check,1
    CUST-11846,70,78.41,0.21,4,104,One-Year,Bank Transfer,1
    CUST-11847,22,57.32,0.9,0,89,Month-to-Month,Credit Card,1
    CUST-11848,32,33.6,0.39,2,87,One-Year,Bank Transfer,0
    CUST-11849,33,119.26,0.84,2,118,Two-Year,Credit Card,1
    CUST-11850,16,86.4,0.39,2,5,Month-to-Month,Credit Card,1
    CUST-11851,38,92.38,0.84,2,26,Month-to-Month,Credit Card,1
    CUST-11852,14,73.46,0.3,8,82,One-Year,Bank Transfer,1
    CUST-11853,36,79.84,0.68,1,32,Two-Year,Credit Card,1
    CUST-11854,23,35.08,0.86,4,47,Month-to-Month,Credit Card,1
    CUST-11855,66,107.48,0.58,1,56,One-Year,Credit Card,0
    CUST-11856,2,76.22,0.61,5,85,Two-Year,Bank Transfer,1
    CUST-11857,65,126.18,0.09,1,90,One-Year,Electronic Check,0
    CUST-11858,67,45.52,0.43,3,50,Two-Year,Credit Card,0
    CUST-11859,52,46.66,0.8,1,99,Two-Year,Credit Card,1
    CUST-11860,62,103.95,0.22,1,74,Two-Year,Credit Card,0
    CUST-11861,23,129.98,0.71,2,58,One-Year,Electronic Check,1
    CUST-11862,26,81.39,0.61,1,28,One-Year,Electronic Check,0
    CUST-11863,68,114.5,0.2,3,95,Month-to-Month,Bank Transfer,1
    CUST-11864,55,149.91,0.25,1,79,Month-to-Month,Credit Card,1
    CUST-11865,6,148.73,0.38,3,55,Month-to-Month,Electronic Check,1
    CUST-11866,35,116.76,0.11,1,58,Month-to-Month,Bank Transfer,1
    CUST-11867,22,116.15,0.82,1,40,Month-to-Month,Electronic Check,1
    CUST-11868,43,52.19,0.67,3,117,Month-to-Month,Credit Card,1
    CUST-11869,15,128.36,0.33,1,58,Month-to-Month,Electronic Check,1
    CUST-11870,60,72.66,0.27,1,72,Month-to-Month,Electronic Check,1
    CUST-11871,12,145.06,0.62,5,46,Month-to-Month,Electronic Check,1
    CUST-11872,49,30.59,0.38,1,74,Month-to-Month,Credit Card,1
    CUST-11873,42,76.66,0.21,1,45,Two-Year,Electronic Check,0
    CUST-11874,38,92.26,0.39,2,10,Two-Year,Credit Card,0
    CUST-11875,45,72.67,0.78,5,102,Two-Year,Bank Transfer,1
    CUST-11876,35,47.38,0.06,3,82,One-Year,Credit Card,0
    CUST-11877,30,97.09,0.33,5,48,Month-to-Month,Credit Card,1
    CUST-11878,30,118.27,0.87,2,92,One-Year,Credit Card,1
    CUST-11879,6,103.83,0.01,4,62,One-Year,Credit Card,1
    CUST-11880,67,50.48,0.8,1,28,Month-to-Month,Credit Card,1
    CUST-11881,7,115.11,0.34,2,114,Two-Year,Electronic Check,1
    CUST-11882,52,53.4,0.17,3,20,Month-to-Month,Bank Transfer,0
    CUST-11883,14,42.78,0.01,1,88,One-Year,Credit Card,0
    CUST-11884,15,109.79,0.06,5,70,Month-to-Month,Credit Card,1
    CUST-11885,21,129.56,0.15,0,41,Two-Year,Bank Transfer,0
    CUST-11886,35,82.6,0.02,4,112,Month-to-Month,Credit Card,1
    CUST-11887,66,89.08,0.3,2,96,Month-to-Month,Electronic Check,1
    CUST-11888,2,59.36,0.04,2,6,One-Year,Bank Transfer,0
    CUST-11889,35,84.3,0.62,2,11,Two-Year,Electronic Check,1
    CUST-11890,20,37.16,0.74,4,30,Month-to-Month,Bank Transfer,1
    CUST-11891,10,144.26,0.8,2,3,One-Year,Electronic Check,1
    CUST-11892,25,124.05,0.49,1,72,Month-to-Month,Bank Transfer,1
    CUST-11893,66,106.84,0.85,6,33,Month-to-Month,Bank Transfer,1
    CUST-11894,25,89.97,0.01,0,54,Month-to-Month,Electronic Check,0
    CUST-11895,54,122.98,0.12,1,111,One-Year,Electronic Check,0
    CUST-11896,33,84.32,0.26,4,47,Two-Year,Credit Card,1
    CUST-11897,36,59.0,0.71,4,83,One-Year,Bank Transfer,1
    CUST-11898,14,40.85,0.8,4,10,Month-to-Month,Bank Transfer,1
    CUST-11899,65,104.19,0.56,5,19,Month-to-Month,Bank Transfer,1
    CUST-11900,54,140.83,0.34,5,9,Month-to-Month,Electronic Check,1
    CUST-11901,52,39.97,0.6,3,7,One-Year,Electronic Check,1
    CUST-11902,3,43.4,0.16,1,61,Month-to-Month,Bank Transfer,1
    CUST-11903,41,76.37,0.41,1,14,Month-to-Month,Credit Card,1
    CUST-11904,6,124.9,0.46,3,2,One-Year,Bank Transfer,1
    CUST-11905,25,58.21,0.09,0,22,Two-Year,Bank Transfer,0
    CUST-11906,13,53.01,0.03,3,60,Month-to-Month,Bank Transfer,1
    CUST-11907,8,100.6,0.68,3,45,One-Year,Credit Card,1
    CUST-11908,21,89.63,0.48,3,20,Month-to-Month,Bank Transfer,1
    CUST-11909,68,27.83,0.3,3,26,Month-to-Month,Electronic Check,1
    CUST-11910,25,30.59,0.39,1,59,Two-Year,Credit Card,1
    CUST-11911,68,103.59,0.86,1,119,Month-to-Month,Credit Card,1
    CUST-11912,45,80.47,0.35,1,68,Month-to-Month,Electronic Check,1
    CUST-11913,60,146.23,0.09,4,39,Two-Year,Credit Card,0
    CUST-11914,12,108.21,0.42,2,118,Month-to-Month,Credit Card,1
    CUST-11915,32,21.31,0.58,2,104,One-Year,Credit Card,1
    CUST-11916,13,82.53,0.01,1,23,Month-to-Month,Bank Transfer,1
    CUST-11917,31,73.88,0.3,2,80,Month-to-Month,Electronic Check,1
    CUST-11918,20,33.87,0.35,1,25,Month-to-Month,Electronic Check,1
    CUST-11919,18,140.02,0.42,2,116,Month-to-Month,Electronic Check,1
    CUST-11920,60,124.65,0.27,1,73,Month-to-Month,Credit Card,1
    CUST-11921,63,49.91,0.6,1,53,One-Year,Bank Transfer,0
    CUST-11922,6,53.28,0.85,3,11,Month-to-Month,Bank Transfer,1
    CUST-11923,32,24.16,0.82,2,25,Month-to-Month,Credit Card,1
    CUST-11924,43,58.57,0.6,4,31,Month-to-Month,Bank Transfer,1
    CUST-11925,2,96.0,0.46,1,46,One-Year,Electronic Check,1
    CUST-11926,60,74.71,0.74,1,27,One-Year,Electronic Check,0
    CUST-11927,23,146.0,0.75,1,100,Two-Year,Credit Card,1
    CUST-11928,31,27.29,0.75,0,63,Two-Year,Credit Card,1
    CUST-11929,5,96.89,0.14,1,115,Two-Year,Credit Card,1
    CUST-11930,34,131.58,0.02,1,47,One-Year,Credit Card,0
    CUST-11931,10,82.5,0.88,4,14,One-Year,Electronic Check,1
    CUST-11932,2,20.39,0.86,2,23,Month-to-Month,Credit Card,1
    CUST-11933,11,51.56,0.51,0,16,Month-to-Month,Electronic Check,1
    CUST-11934,50,62.09,0.89,0,20,One-Year,Bank Transfer,0
    CUST-11935,31,145.58,0.69,3,117,Month-to-Month,Bank Transfer,1
    CUST-11936,56,138.53,0.47,2,3,Month-to-Month,Credit Card,0
    CUST-11937,9,143.39,0.35,0,6,Month-to-Month,Electronic Check,1
    CUST-11938,21,127.35,0.53,1,29,Two-Year,Electronic Check,1
    CUST-11939,28,65.71,0.46,0,4,Month-to-Month,Bank Transfer,0
    CUST-11940,62,137.76,0.89,1,65,Month-to-Month,Credit Card,1
    CUST-11941,7,147.62,0.44,0,114,One-Year,Credit Card,1
    CUST-11942,16,65.51,0.75,2,8,Month-to-Month,Bank Transfer,1
    CUST-11943,4,53.87,0.73,4,48,Two-Year,Credit Card,1
    CUST-11944,4,91.1,0.06,4,84,One-Year,Bank Transfer,1
    CUST-11945,40,44.33,0.08,2,16,Month-to-Month,Bank Transfer,0
    CUST-11946,17,24.24,0.59,2,47,One-Year,Electronic Check,1
    CUST-11947,52,142.96,0.23,3,31,Month-to-Month,Bank Transfer,1
    CUST-11948,52,140.35,0.59,5,96,One-Year,Bank Transfer,1
    CUST-11949,36,41.15,0.13,1,98,Month-to-Month,Bank Transfer,1
    CUST-11950,38,73.01,0.36,2,29,Month-to-Month,Bank Transfer,1
    CUST-11951,50,128.03,0.09,1,76,Month-to-Month,Credit Card,1
    CUST-11952,63,105.93,0.25,3,68,Two-Year,Electronic Check,0
    CUST-11953,63,71.32,0.08,1,119,One-Year,Electronic Check,0
    CUST-11954,62,116.74,0.87,0,43,Two-Year,Credit Card,1
    CUST-11955,7,136.62,0.36,0,34,One-Year,Credit Card,0
    CUST-11956,27,140.4,0.81,1,6,One-Year,Credit Card,1
    CUST-11957,14,69.25,0.87,3,49,Month-to-Month,Credit Card,1
    CUST-11958,71,42.56,0.82,1,60,One-Year,Electronic Check,0
    CUST-11959,5,138.67,0.41,0,51,Month-to-Month,Electronic Check,1
    CUST-11960,55,32.03,0.7,3,9,Two-Year,Electronic Check,1
    CUST-11961,2,113.82,0.14,2,5,One-Year,Electronic Check,0
    CUST-11962,62,38.26,0.09,1,110,Two-Year,Credit Card,0
    CUST-11963,21,70.62,0.79,3,64,One-Year,Bank Transfer,1
    CUST-11964,21,73.5,0.03,0,16,Month-to-Month,Bank Transfer,0
    CUST-11965,10,40.64,0.88,2,59,Month-to-Month,Credit Card,1
    CUST-11966,58,139.95,0.6,0,56,One-Year,Credit Card,0
    CUST-11967,39,20.35,0.38,1,65,Month-to-Month,Electronic Check,1
    CUST-11968,5,136.2,0.13,4,84,Month-to-Month,Bank Transfer,1
    CUST-11969,65,134.9,0.65,2,35,Month-to-Month,Electronic Check,1
    CUST-11970,13,61.21,0.51,0,10,Month-to-Month,Bank Transfer,1
    CUST-11971,53,111.56,0.64,4,89,Month-to-Month,Electronic Check,1
    CUST-11972,45,52.87,0.38,1,47,Two-Year,Bank Transfer,0
    CUST-11973,32,118.64,0.06,3,119,Month-to-Month,Electronic Check,1
    CUST-11974,36,92.95,0.28,1,92,Month-to-Month,Electronic Check,1
    CUST-11975,60,59.03,0.28,6,35,One-Year,Credit Card,0
    CUST-11976,11,72.03,0.01,2,62,Month-to-Month,Electronic Check,1
    CUST-11977,63,109.69,0.01,3,33,One-Year,Bank Transfer,0
    CUST-11978,21,137.79,0.3,1,109,Month-to-Month,Electronic Check,1
    CUST-11979,52,36.99,0.65,1,15,Month-to-Month,Electronic Check,1
    CUST-11980,55,94.28,0.56,2,85,Month-to-Month,Credit Card,1
    CUST-11981,26,52.98,0.22,1,106,One-Year,Bank Transfer,0
    CUST-11982,68,124.18,0.54,1,35,Month-to-Month,Credit Card,1
    CUST-11983,34,29.13,0.58,1,114,Two-Year,Electronic Check,1
    CUST-11984,52,109.56,0.47,6,115,Two-Year,Bank Transfer,1
    CUST-11985,52,42.74,0.47,2,117,One-Year,Electronic Check,1
    CUST-11986,29,97.53,0.33,1,101,Month-to-Month,Electronic Check,1
    CUST-11987,38,128.64,0.11,2,10,Month-to-Month,Bank Transfer,0
    CUST-11988,42,118.16,0.35,0,80,Month-to-Month,Credit Card,1
    CUST-11989,21,117.88,0.31,2,20,Month-to-Month,Credit Card,1
    CUST-11990,42,87.32,0.53,2,114,Two-Year,Credit Card,1
    CUST-11991,13,135.8,0.77,1,8,Month-to-Month,Electronic Check,1
    CUST-11992,64,96.45,0.34,1,109,Month-to-Month,Bank Transfer,1
    CUST-11993,17,139.28,0.64,3,95,Two-Year,Bank Transfer,1
    CUST-11994,9,91.05,0.73,1,8,Month-to-Month,Credit Card,1
    CUST-11995,41,85.78,0.19,3,13,Month-to-Month,Credit Card,1
    CUST-11996,1,48.91,0.81,3,88,Two-Year,Electronic Check,1
    CUST-11997,2,90.82,0.06,1,76,Month-to-Month,Bank Transfer,1
    CUST-11998,60,38.28,0.81,3,109,One-Year,Credit Card,1
    CUST-11999,48,133.06,0.15,2,59,Month-to-Month,Electronic Check,1
    CUST-12000,29,107.87,0.3,3,81,One-Year,Electronic Check,1
    CUST-12001,10,149.17,0.54,0,47,Month-to-Month,Credit Card,1
    CUST-12002,58,31.97,0.82,2,60,One-Year,Bank Transfer,1
    CUST-12003,60,51.29,0.23,3,41,Month-to-Month,Credit Card,0
    CUST-12004,21,134.03,0.69,4,52,Month-to-Month,Electronic Check,1
    CUST-12005,28,71.38,0.64,1,100,Month-to-Month,Electronic Check,1
    CUST-12006,34,80.62,0.14,1,76,Month-to-Month,Electronic Check,1
    CUST-12007,8,131.88,0.43,1,54,Two-Year,Credit Card,1
    CUST-12008,59,87.84,0.43,6,36,One-Year,Bank Transfer,1
    CUST-12009,49,45.15,0.27,2,77,Month-to-Month,Credit Card,1
    CUST-12010,17,135.96,0.7,3,99,Month-to-Month,Credit Card,1
    CUST-12011,60,24.04,0.83,1,69,Two-Year,Credit Card,1
    CUST-12012,45,136.4,0.64,0,13,One-Year,Credit Card,0
    CUST-12013,69,26.57,0.88,1,110,Month-to-Month,Electronic Check,1
    CUST-12014,32,106.56,0.05,3,72,Two-Year,Bank Transfer,0
    CUST-12015,44,29.32,0.03,1,119,One-Year,Electronic Check,0
    CUST-12016,65,111.81,0.8,2,11,Month-to-Month,Electronic Check,1
    CUST-12017,8,24.42,0.81,4,8,Month-to-Month,Bank Transfer,1
    CUST-12018,43,129.52,0.1,2,31,Two-Year,Credit Card,0
    CUST-12019,1,80.57,0.32,1,62,Month-to-Month,Credit Card,1
    CUST-12020,51,32.15,0.75,5,12,One-Year,Credit Card,1
    CUST-12021,24,111.89,0.12,1,11,Month-to-Month,Bank Transfer,1
    CUST-12022,24,83.61,0.24,1,17,One-Year,Credit Card,0
    CUST-12023,17,44.82,0.61,5,27,Month-to-Month,Bank Transfer,1
    CUST-12024,5,22.04,0.88,1,77,Month-to-Month,Credit Card,1
    CUST-12025,20,74.34,0.72,0,100,One-Year,Bank Transfer,1
    CUST-12026,21,31.13,0.7,0,13,Two-Year,Electronic Check,0
    CUST-12027,58,32.24,0.31,0,105,One-Year,Bank Transfer,0
    CUST-12028,31,54.75,0.6,1,86,Month-to-Month,Bank Transfer,1
    CUST-12029,11,101.96,0.1,2,110,Month-to-Month,Electronic Check,1
    CUST-12030,52,88.89,0.89,2,44,Month-to-Month,Bank Transfer,1
    CUST-12031,15,28.97,0.43,1,58,One-Year,Bank Transfer,1
    CUST-12032,7,145.9,0.57,1,88,One-Year,Credit Card,1
    CUST-12033,28,135.33,0.79,1,30,One-Year,Bank Transfer,1
    CUST-12034,51,53.7,0.0,1,13,One-Year,Bank Transfer,0
    CUST-12035,58,35.9,0.88,1,8,Month-to-Month,Credit Card,1
    CUST-12036,5,142.51,0.32,1,69,Month-to-Month,Electronic Check,1
    CUST-12037,5,79.95,0.31,1,107,Month-to-Month,Electronic Check,1
    CUST-12038,8,60.45,0.13,1,64,Month-to-Month,Bank Transfer,1
    CUST-12039,64,83.75,0.77,1,52,Month-to-Month,Electronic Check,1
    CUST-12040,10,120.46,0.78,1,6,One-Year,Credit Card,1
    CUST-12041,38,41.89,0.02,3,71,Month-to-Month,Bank Transfer,1
    CUST-12042,8,119.77,0.05,2,54,Month-to-Month,Bank Transfer,1
    CUST-12043,25,117.43,0.83,1,22,Month-to-Month,Bank Transfer,1
    CUST-12044,66,90.12,0.11,1,63,Month-to-Month,Electronic Check,0
    CUST-12045,50,132.56,0.56,1,94,One-Year,Electronic Check,1
    CUST-12046,67,37.18,0.56,2,79,One-Year,Electronic Check,0
    CUST-12047,49,97.41,0.78,1,37,One-Year,Electronic Check,0
    CUST-12048,36,78.41,0.52,3,56,Month-to-Month,Electronic Check,1
    CUST-12049,68,74.9,0.39,3,41,Month-to-Month,Credit Card,1
    CUST-12050,41,52.83,0.88,3,60,One-Year,Credit Card,1
    CUST-12051,62,68.4,0.21,1,20,Two-Year,Electronic Check,0
    CUST-12052,10,34.06,0.24,3,95,Month-to-Month,Credit Card,1
    CUST-12053,21,52.71,0.08,0,115,Month-to-Month,Electronic Check,1
    CUST-12054,36,55.36,0.88,0,69,Month-to-Month,Bank Transfer,1
    CUST-12055,12,113.69,0.64,1,45,One-Year,Credit Card,1
    CUST-12056,2,26.31,0.01,0,58,One-Year,Bank Transfer,1
    CUST-12057,13,104.66,0.63,2,76,Two-Year,Electronic Check,1
    CUST-12058,53,48.78,0.36,2,37,One-Year,Credit Card,0
    CUST-12059,32,30.64,0.87,4,94,Month-to-Month,Credit Card,1
    CUST-12060,16,59.1,0.25,2,39,One-Year,Bank Transfer,1
    CUST-12061,32,49.18,0.64,4,3,Two-Year,Electronic Check,1
    CUST-12062,32,91.76,0.56,2,77,One-Year,Credit Card,1
    CUST-12063,11,66.46,0.01,3,75,Month-to-Month,Electronic Check,1
    CUST-12064,10,145.58,0.8,2,74,Month-to-Month,Credit Card,1
    CUST-12065,15,145.26,0.13,2,94,Month-to-Month,Credit Card,1
    CUST-12066,17,77.68,0.6,1,73,Two-Year,Credit Card,1
    CUST-12067,40,123.36,0.7,2,94,One-Year,Credit Card,1
    CUST-12068,18,21.72,0.57,1,93,Two-Year,Electronic Check,1
    CUST-12069,55,91.22,0.09,2,38,Month-to-Month,Electronic Check,0
    CUST-12070,25,116.63,0.88,3,46,Two-Year,Electronic Check,1
    CUST-12071,59,48.2,0.21,3,106,Month-to-Month,Bank Transfer,1
    CUST-12072,22,27.95,0.57,4,49,Month-to-Month,Electronic Check,1
    CUST-12073,30,40.27,0.72,2,34,Month-to-Month,Credit Card,1
    CUST-12074,44,77.44,0.85,1,26,Month-to-Month,Credit Card,1
    CUST-12075,32,85.83,0.54,1,2,Two-Year,Bank Transfer,0
    CUST-12076,51,69.52,0.23,2,56,Month-to-Month,Credit Card,1
    CUST-12077,46,77.2,0.75,3,100,Month-to-Month,Bank Transfer,1
    CUST-12078,21,81.13,0.15,3,7,Two-Year,Electronic Check,0
    CUST-12079,32,120.03,0.02,2,116,One-Year,Bank Transfer,1
    CUST-12080,39,33.68,0.82,3,36,Month-to-Month,Credit Card,1
    CUST-12081,12,119.96,0.52,1,40,Month-to-Month,Bank Transfer,1
    CUST-12082,47,109.52,0.06,5,78,One-Year,Credit Card,1
    CUST-12083,18,116.42,0.52,2,91,Month-to-Month,Electronic Check,1
    CUST-12084,21,115.48,0.13,3,26,Month-to-Month,Bank Transfer,1
    CUST-12085,13,81.18,0.03,4,84,Month-to-Month,Electronic Check,1
    CUST-12086,21,47.48,0.1,1,99,Month-to-Month,Credit Card,1
    CUST-12087,8,89.76,0.7,0,75,One-Year,Credit Card,1
    CUST-12088,46,144.54,0.68,5,90,Two-Year,Credit Card,1
    CUST-12089,7,96.51,0.54,2,99,One-Year,Credit Card,1
    CUST-12090,23,21.44,0.19,2,69,One-Year,Credit Card,1
    CUST-12091,22,27.76,0.67,1,16,One-Year,Credit Card,1
    CUST-12092,22,149.07,0.37,1,75,One-Year,Electronic Check,1
    CUST-12093,29,29.35,0.46,3,97,One-Year,Electronic Check,1
    CUST-12094,13,25.99,0.81,1,9,Two-Year,Electronic Check,1
    CUST-12095,2,65.89,0.41,0,22,One-Year,Electronic Check,0
    CUST-12096,29,146.01,0.56,0,5,Month-to-Month,Bank Transfer,1
    CUST-12097,52,61.43,0.87,3,84,One-Year,Credit Card,1
    CUST-12098,27,73.28,0.41,1,43,Month-to-Month,Bank Transfer,1
    CUST-12099,50,102.43,0.5,1,98,One-Year,Bank Transfer,1
    CUST-12100,23,23.13,0.53,2,30,Two-Year,Credit Card,0
    CUST-12101,44,136.71,0.22,2,74,Month-to-Month,Electronic Check,1
    CUST-12102,22,87.53,0.66,4,101,One-Year,Bank Transfer,1
    CUST-12103,43,80.69,0.65,2,32,Month-to-Month,Credit Card,1
    CUST-12104,37,131.89,0.19,3,88,One-Year,Credit Card,0
    CUST-12105,61,143.9,0.01,1,17,One-Year,Bank Transfer,0
    CUST-12106,56,75.05,0.9,2,108,One-Year,Bank Transfer,1
    CUST-12107,3,42.42,0.52,2,67,Month-to-Month,Electronic Check,1
    CUST-12108,63,126.04,0.16,2,103,Two-Year,Credit Card,0
    CUST-12109,19,72.42,0.26,3,107,Month-to-Month,Credit Card,1
    CUST-12110,23,141.62,0.56,2,107,One-Year,Electronic Check,1
    CUST-12111,29,143.49,0.12,3,26,One-Year,Bank Transfer,0
    CUST-12112,30,34.93,0.03,2,12,One-Year,Credit Card,0
    CUST-12113,39,144.35,0.72,0,37,Month-to-Month,Electronic Check,1
    CUST-12114,25,67.88,0.64,1,42,One-Year,Credit Card,1
    CUST-12115,8,104.01,0.28,4,57,One-Year,Credit Card,1
    CUST-12116,58,24.52,0.05,1,12,Month-to-Month,Bank Transfer,0
    CUST-12117,16,135.55,0.44,7,46,Month-to-Month,Credit Card,1
    CUST-12118,1,103.41,0.25,3,97,Month-to-Month,Bank Transfer,1
    CUST-12119,5,103.66,0.36,2,27,Two-Year,Credit Card,0
    CUST-12120,3,137.28,0.25,2,78,One-Year,Credit Card,1
    CUST-12121,65,86.09,0.16,1,7,One-Year,Credit Card,0
    CUST-12122,4,73.37,0.35,4,106,Two-Year,Electronic Check,1
    CUST-12123,64,132.6,0.87,1,108,Month-to-Month,Bank Transfer,1
    CUST-12124,10,116.51,0.24,3,38,One-Year,Electronic Check,1
    CUST-12125,21,143.37,0.3,2,48,One-Year,Credit Card,0
    CUST-12126,46,142.22,0.3,0,42,Two-Year,Bank Transfer,0
    CUST-12127,27,69.7,0.43,0,116,Month-to-Month,Electronic Check,1
    CUST-12128,66,78.11,0.76,1,108,Month-to-Month,Electronic Check,1
    CUST-12129,41,53.28,0.36,4,27,Month-to-Month,Bank Transfer,1
    CUST-12130,13,105.88,0.73,0,10,Month-to-Month,Bank Transfer,1
    CUST-12131,9,67.39,0.1,4,42,Month-to-Month,Electronic Check,1
    CUST-12132,36,122.19,0.81,2,118,Month-to-Month,Bank Transfer,1
    CUST-12133,58,35.8,0.17,1,58,Month-to-Month,Credit Card,0
    CUST-12134,54,35.13,0.04,3,107,Two-Year,Electronic Check,0
    CUST-12135,12,46.58,0.14,4,41,Two-Year,Bank Transfer,1
    CUST-12136,14,30.96,0.17,1,9,Month-to-Month,Bank Transfer,0
    CUST-12137,34,100.6,0.46,0,108,One-Year,Bank Transfer,1
    CUST-12138,53,39.16,0.4,2,98,Two-Year,Credit Card,1
    CUST-12139,20,40.8,0.64,4,46,Month-to-Month,Electronic Check,1
    CUST-12140,16,21.85,0.05,2,105,Month-to-Month,Credit Card,1
    CUST-12141,70,121.67,0.45,3,93,Month-to-Month,Bank Transfer,1
    CUST-12142,56,125.6,0.3,2,82,Month-to-Month,Electronic Check,1
    CUST-12143,58,41.06,0.57,3,54,One-Year,Bank Transfer,1
    CUST-12144,4,116.14,0.04,1,93,Month-to-Month,Electronic Check,1
    CUST-12145,4,76.36,0.03,2,119,One-Year,Bank Transfer,1
    CUST-12146,20,51.15,0.38,3,94,Month-to-Month,Credit Card,1
    CUST-12147,10,100.78,0.73,2,59,Month-to-Month,Credit Card,1
    CUST-12148,24,43.2,0.6,5,13,Month-to-Month,Electronic Check,1
    CUST-12149,26,118.39,0.02,1,86,Month-to-Month,Credit Card,1
    CUST-12150,37,26.19,0.16,2,16,Two-Year,Electronic Check,0
    CUST-12151,54,144.69,0.2,4,45,Two-Year,Bank Transfer,1
    CUST-12152,21,29.34,0.38,3,32,Month-to-Month,Credit Card,1
    CUST-12153,38,95.33,0.53,1,40,Month-to-Month,Bank Transfer,1
    CUST-12154,46,137.29,0.19,2,90,One-Year,Credit Card,0
    CUST-12155,4,21.55,0.34,1,95,Month-to-Month,Bank Transfer,1
    CUST-12156,60,84.81,0.53,2,44,One-Year,Credit Card,0
    CUST-12157,57,65.5,0.35,4,83,One-Year,Credit Card,1
    CUST-12158,45,95.44,0.13,3,106,One-Year,Bank Transfer,1
    CUST-12159,20,49.31,0.44,5,118,Month-to-Month,Credit Card,1
    CUST-12160,17,28.44,0.29,3,98,Two-Year,Electronic Check,1
    CUST-12161,71,101.37,0.78,5,47,Month-to-Month,Bank Transfer,1
    CUST-12162,4,74.19,0.7,5,113,Month-to-Month,Electronic Check,1
    CUST-12163,14,100.92,0.17,1,70,Month-to-Month,Electronic Check,1
    CUST-12164,3,47.37,0.14,0,60,Two-Year,Bank Transfer,1
    CUST-12165,58,64.04,0.31,1,35,Month-to-Month,Electronic Check,0
    CUST-12166,55,93.02,0.37,2,75,Two-Year,Electronic Check,1
    CUST-12167,4,97.1,0.84,4,60,Month-to-Month,Electronic Check,1
    CUST-12168,24,68.4,0.27,2,37,Month-to-Month,Electronic Check,1
    CUST-12169,34,56.41,0.78,3,22,One-Year,Electronic Check,1
    CUST-12170,30,55.58,0.45,3,13,Two-Year,Bank Transfer,0
    CUST-12171,19,42.71,0.8,0,16,One-Year,Bank Transfer,1
    CUST-12172,31,62.3,0.63,2,90,Month-to-Month,Electronic Check,1
    CUST-12173,60,45.93,0.64,2,86,Two-Year,Electronic Check,1
    CUST-12174,60,102.4,0.47,0,60,Month-to-Month,Electronic Check,1
    CUST-12175,19,93.98,0.76,2,42,Month-to-Month,Electronic Check,1
    CUST-12176,49,69.74,0.23,1,13,Month-to-Month,Bank Transfer,0
    CUST-12177,63,62.36,0.82,1,87,Month-to-Month,Bank Transfer,1
    CUST-12178,22,50.89,0.57,1,63,One-Year,Electronic Check,1
    CUST-12179,24,89.61,0.39,1,32,One-Year,Electronic Check,0
    CUST-12180,30,139.46,0.88,2,23,Two-Year,Bank Transfer,1
    CUST-12181,58,109.14,0.78,1,43,One-Year,Electronic Check,1
    CUST-12182,31,116.77,0.69,1,32,Month-to-Month,Electronic Check,1
    CUST-12183,64,128.47,0.25,0,112,One-Year,Electronic Check,0
    CUST-12184,19,65.71,0.88,0,102,Month-to-Month,Credit Card,1
    CUST-12185,48,28.17,0.67,1,28,Month-to-Month,Electronic Check,1
    CUST-12186,45,100.93,0.54,4,33,Month-to-Month,Electronic Check,1
    CUST-12187,55,44.53,0.83,4,104,Month-to-Month,Bank Transfer,1
    CUST-12188,55,93.98,0.15,3,26,Month-to-Month,Electronic Check,1
    CUST-12189,18,116.14,0.13,4,94,One-Year,Electronic Check,1
    CUST-12190,63,121.87,0.51,2,116,Month-to-Month,Electronic Check,1
    CUST-12191,47,59.24,0.05,0,81,One-Year,Credit Card,0
    CUST-12192,57,86.62,0.6,2,42,Two-Year,Bank Transfer,1
    CUST-12193,45,100.73,0.22,0,29,Month-to-Month,Electronic Check,0
    CUST-12194,33,126.53,0.11,2,2,One-Year,Electronic Check,0
    CUST-12195,17,118.98,0.37,2,115,Month-to-Month,Bank Transfer,1
    CUST-12196,70,148.44,0.42,1,102,Month-to-Month,Credit Card,1
    CUST-12197,4,21.05,0.15,3,34,One-Year,Credit Card,1
    CUST-12198,20,76.87,0.04,3,114,Month-to-Month,Credit Card,1
    CUST-12199,47,53.29,0.37,3,110,Month-to-Month,Credit Card,1
    CUST-12200,15,35.59,0.68,1,38,Month-to-Month,Electronic Check,1
    CUST-12201,70,138.5,0.79,3,12,Two-Year,Electronic Check,0
    CUST-12202,47,149.74,0.09,2,52,Month-to-Month,Electronic Check,1
    CUST-12203,9,43.48,0.47,1,21,Month-to-Month,Credit Card,1
    CUST-12204,16,25.0,0.24,2,91,Two-Year,Electronic Check,1
    CUST-12205,69,55.76,0.34,2,40,Month-to-Month,Bank Transfer,1
    CUST-12206,61,128.53,0.84,3,67,Month-to-Month,Bank Transfer,1
    CUST-12207,10,58.21,0.32,2,101,Month-to-Month,Bank Transfer,1
    CUST-12208,50,27.4,0.33,2,49,Month-to-Month,Credit Card,1
    CUST-12209,3,26.82,0.19,2,26,One-Year,Electronic Check,1
    CUST-12210,70,75.56,0.86,0,52,One-Year,Electronic Check,0
    CUST-12211,51,141.14,0.41,1,62,Month-to-Month,Credit Card,1
    CUST-12212,19,57.17,0.51,1,69,Month-to-Month,Bank Transfer,1
    CUST-12213,42,75.53,0.41,0,110,Month-to-Month,Credit Card,1
    CUST-12214,35,33.25,0.23,2,61,One-Year,Bank Transfer,0
    CUST-12215,46,84.16,0.73,1,84,Two-Year,Credit Card,1
    CUST-12216,26,110.55,0.03,5,46,One-Year,Credit Card,1
    CUST-12217,69,55.25,0.62,2,105,Month-to-Month,Electronic Check,1
    CUST-12218,64,58.57,0.53,3,72,Month-to-Month,Bank Transfer,1
    CUST-12219,37,129.46,0.13,3,107,Month-to-Month,Electronic Check,1
    CUST-12220,49,21.35,0.15,2,92,Two-Year,Credit Card,0
    CUST-12221,21,102.74,0.59,1,29,Month-to-Month,Bank Transfer,1
    CUST-12222,64,71.21,0.28,2,50,Two-Year,Electronic Check,0
    CUST-12223,5,58.79,0.24,0,105,Month-to-Month,Credit Card,1
    CUST-12224,70,105.49,0.05,1,2,Month-to-Month,Bank Transfer,0
    CUST-12225,4,128.51,0.69,2,64,Two-Year,Electronic Check,1
    CUST-12226,39,92.59,0.79,1,118,Month-to-Month,Credit Card,1
    CUST-12227,35,24.04,0.74,3,66,Month-to-Month,Credit Card,1
    CUST-12228,1,79.98,0.42,2,102,Month-to-Month,Credit Card,1
    CUST-12229,24,80.16,0.48,2,102,Month-to-Month,Electronic Check,1
    CUST-12230,57,90.69,0.22,5,43,One-Year,Electronic Check,1
    CUST-12231,70,107.22,0.16,1,87,Two-Year,Electronic Check,0
    CUST-12232,41,22.51,0.74,4,10,One-Year,Credit Card,1
    CUST-12233,54,85.26,0.72,0,109,Month-to-Month,Credit Card,1
    CUST-12234,46,96.48,0.7,2,53,One-Year,Electronic Check,1
    CUST-12235,60,64.64,0.42,1,92,Month-to-Month,Bank Transfer,1
    CUST-12236,60,106.89,0.78,1,83,One-Year,Electronic Check,1
    CUST-12237,57,49.66,0.83,2,28,Month-to-Month,Bank Transfer,1
    CUST-12238,31,61.26,0.3,1,95,Month-to-Month,Credit Card,1
    CUST-12239,24,145.16,0.2,0,2,One-Year,Credit Card,0
    CUST-12240,36,65.25,0.42,4,29,Month-to-Month,Bank Transfer,1
    CUST-12241,30,65.05,0.16,1,52,Month-to-Month,Electronic Check,1
    CUST-12242,24,97.44,0.8,5,14,Two-Year,Credit Card,1
    CUST-12243,30,146.23,0.3,1,28,Month-to-Month,Bank Transfer,0
    CUST-12244,7,147.8,0.52,4,1,Month-to-Month,Credit Card,1
    CUST-12245,35,95.36,0.54,0,59,One-Year,Electronic Check,0
    CUST-12246,55,20.14,0.46,1,44,One-Year,Electronic Check,0
    CUST-12247,14,137.09,0.14,4,114,Month-to-Month,Bank Transfer,1
    CUST-12248,10,94.13,0.89,1,80,Month-to-Month,Bank Transfer,1
    CUST-12249,16,67.58,0.16,2,101,One-Year,Electronic Check,1
    CUST-12250,54,127.8,0.68,1,85,Month-to-Month,Bank Transfer,1
    CUST-12251,70,71.98,0.71,1,115,One-Year,Electronic Check,1
    CUST-12252,44,24.43,0.13,3,78,Month-to-Month,Credit Card,1
    CUST-12253,45,126.74,0.84,2,43,Month-to-Month,Bank Transfer,1
    CUST-12254,56,90.96,0.44,1,17,One-Year,Credit Card,0
    CUST-12255,57,63.96,0.57,2,54,Month-to-Month,Electronic Check,1
    CUST-12256,21,52.62,0.58,1,15,Month-to-Month,Bank Transfer,1
    CUST-12257,68,97.19,0.45,3,48,Month-to-Month,Credit Card,1
    CUST-12258,50,47.05,0.13,0,95,Month-to-Month,Bank Transfer,1
    CUST-12259,33,62.1,0.68,0,46,Month-to-Month,Credit Card,1
    CUST-12260,7,102.75,0.52,2,49,Month-to-Month,Electronic Check,1
    CUST-12261,70,134.6,0.11,1,36,Month-to-Month,Credit Card,0
    CUST-12262,15,89.28,0.63,0,14,Two-Year,Electronic Check,0
    CUST-12263,32,118.68,0.63,2,100,One-Year,Bank Transfer,1
    CUST-12264,20,119.2,0.49,1,91,Two-Year,Bank Transfer,1
    CUST-12265,15,106.37,0.08,1,3,Month-to-Month,Bank Transfer,1
    CUST-12266,48,51.96,0.32,0,100,One-Year,Bank Transfer,1
    CUST-12267,71,132.68,0.05,1,118,Month-to-Month,Electronic Check,0
    CUST-12268,21,76.72,0.43,1,6,Month-to-Month,Bank Transfer,1
    CUST-12269,42,25.75,0.82,1,91,Month-to-Month,Electronic Check,1
    CUST-12270,26,51.8,0.0,0,22,One-Year,Credit Card,0
    CUST-12271,14,119.52,0.24,3,22,Month-to-Month,Credit Card,1
    CUST-12272,57,28.99,0.72,5,36,Month-to-Month,Bank Transfer,1
    CUST-12273,37,39.16,0.01,1,96,Month-to-Month,Electronic Check,1
    CUST-12274,58,110.25,0.01,1,91,Month-to-Month,Credit Card,0
    CUST-12275,21,136.04,0.55,1,71,Month-to-Month,Electronic Check,1
    CUST-12276,69,102.39,0.71,1,103,Month-to-Month,Credit Card,1
    CUST-12277,3,48.9,0.7,4,50,One-Year,Bank Transfer,1
    CUST-12278,37,26.94,0.7,1,76,One-Year,Credit Card,1
    CUST-12279,49,99.97,0.32,1,80,Month-to-Month,Bank Transfer,1
    CUST-12280,19,26.16,0.79,1,102,Month-to-Month,Bank Transfer,1
    CUST-12281,12,99.65,0.01,3,69,Month-to-Month,Credit Card,1
    CUST-12282,61,49.33,0.28,4,106,Month-to-Month,Bank Transfer,1
    CUST-12283,41,137.61,0.3,2,113,One-Year,Electronic Check,1
    CUST-12284,33,81.76,0.15,4,35,Month-to-Month,Electronic Check,1
    CUST-12285,50,49.11,0.3,4,9,Two-Year,Electronic Check,0
    CUST-12286,68,130.91,0.53,3,29,Month-to-Month,Credit Card,1
    CUST-12287,71,53.02,0.47,3,27,One-Year,Credit Card,0
    CUST-12288,33,59.86,0.29,2,57,Two-Year,Credit Card,0
    CUST-12289,24,128.46,0.67,4,96,Two-Year,Electronic Check,1
    CUST-12290,61,60.14,0.64,1,74,Month-to-Month,Electronic Check,1
    CUST-12291,61,73.32,0.25,1,89,Month-to-Month,Credit Card,1
    CUST-12292,28,65.2,0.29,0,59,One-Year,Bank Transfer,0
    CUST-12293,58,35.13,0.26,2,42,Month-to-Month,Bank Transfer,0
    CUST-12294,43,25.06,0.12,1,53,One-Year,Credit Card,0
    CUST-12295,41,114.19,0.68,0,38,One-Year,Bank Transfer,1
    CUST-12296,39,103.87,0.04,1,89,One-Year,Bank Transfer,0
    CUST-12297,49,56.71,0.14,1,4,Month-to-Month,Credit Card,0
    CUST-12298,17,58.43,0.09,1,107,One-Year,Credit Card,1
    CUST-12299,70,142.85,0.74,0,52,Month-to-Month,Credit Card,1
    CUST-12300,70,148.4,0.04,3,105,One-Year,Credit Card,0
    CUST-12301,65,81.55,0.6,3,44,Month-to-Month,Bank Transfer,1
    CUST-12302,5,124.32,0.04,2,23,Month-to-Month,Credit Card,1
    CUST-12303,2,115.77,0.71,0,118,Two-Year,Credit Card,1
    CUST-12304,22,58.65,0.82,4,74,One-Year,Credit Card,1
    CUST-12305,57,27.61,0.44,2,70,Month-to-Month,Electronic Check,1
    CUST-12306,66,38.53,0.72,1,77,Month-to-Month,Electronic Check,1
    CUST-12307,16,128.98,0.64,2,95,Month-to-Month,Bank Transfer,1
    CUST-12308,51,115.06,0.72,2,69,Month-to-Month,Credit Card,1
    CUST-12309,39,106.36,0.69,2,60,Month-to-Month,Credit Card,1
    CUST-12310,40,36.98,0.18,1,4,One-Year,Credit Card,0
    CUST-12311,38,103.19,0.45,0,3,One-Year,Electronic Check,0
    CUST-12312,60,120.38,0.86,1,94,Two-Year,Credit Card,1
    CUST-12313,59,131.88,0.31,0,23,Month-to-Month,Electronic Check,0
    CUST-12314,10,21.72,0.87,2,37,Two-Year,Credit Card,1
    CUST-12315,64,108.98,0.52,1,18,Month-to-Month,Credit Card,1
    CUST-12316,63,22.48,0.42,2,99,One-Year,Electronic Check,1
    CUST-12317,49,111.89,0.59,0,5,Two-Year,Credit Card,0
    CUST-12318,64,102.63,0.73,2,41,One-Year,Electronic Check,1
    CUST-12319,32,39.29,0.35,5,92,Month-to-Month,Bank Transfer,1
    CUST-12320,7,119.6,0.03,3,38,Month-to-Month,Electronic Check,1
    CUST-12321,21,28.89,0.64,3,47,Two-Year,Bank Transfer,1
    CUST-12322,20,127.43,0.86,0,82,Two-Year,Credit Card,1
    CUST-12323,26,54.05,0.56,4,72,Month-to-Month,Electronic Check,1
    CUST-12324,68,109.55,0.17,1,12,One-Year,Bank Transfer,0
    CUST-12325,15,140.08,0.22,1,30,Two-Year,Credit Card,0
    CUST-12326,14,64.18,0.82,0,86,Month-to-Month,Electronic Check,1
    CUST-12327,27,85.38,0.01,1,6,Month-to-Month,Credit Card,0
    CUST-12328,40,80.21,0.49,4,61,Two-Year,Bank Transfer,1
    CUST-12329,58,40.49,0.14,3,94,Month-to-Month,Electronic Check,1
    CUST-12330,28,96.74,0.25,2,72,One-Year,Credit Card,1
    CUST-12331,26,116.59,0.28,0,119,One-Year,Credit Card,1
    CUST-12332,63,139.19,0.2,0,64,Month-to-Month,Bank Transfer,1
    CUST-12333,66,130.6,0.71,0,111,Two-Year,Electronic Check,1
    CUST-12334,25,86.3,0.3,1,112,Month-to-Month,Electronic Check,1
    CUST-12335,3,113.47,0.31,1,93,Month-to-Month,Credit Card,1
    CUST-12336,44,124.1,0.41,2,95,One-Year,Bank Transfer,1
    CUST-12337,42,84.15,0.81,3,69,Month-to-Month,Credit Card,1
    CUST-12338,6,35.01,0.62,7,11,Month-to-Month,Credit Card,1
    CUST-12339,39,76.93,0.06,3,62,Month-to-Month,Electronic Check,1
    CUST-12340,52,129.52,0.04,2,17,Month-to-Month,Credit Card,0
    CUST-12341,23,97.56,0.51,0,77,Month-to-Month,Electronic Check,1
    CUST-12342,50,114.18,0.8,2,20,Month-to-Month,Electronic Check,1
    CUST-12343,43,44.08,0.29,3,95,Two-Year,Electronic Check,1
    CUST-12344,19,145.36,0.22,3,26,Month-to-Month,Credit Card,0
    CUST-12345,69,72.53,0.67,2,92,Month-to-Month,Electronic Check,1
    CUST-12346,51,104.97,0.54,2,59,One-Year,Electronic Check,1
    CUST-12347,11,22.45,0.51,2,25,Month-to-Month,Electronic Check,1
    CUST-12348,12,36.55,0.13,1,112,One-Year,Bank Transfer,1
    CUST-12349,8,121.66,0.16,1,18,One-Year,Bank Transfer,0
    CUST-12350,24,145.84,0.25,3,109,Month-to-Month,Electronic Check,1
    CUST-12351,41,61.61,0.19,2,96,Month-to-Month,Credit Card,1
    CUST-12352,36,24.83,0.87,2,29,Month-to-Month,Credit Card,1
    CUST-12353,55,66.91,0.02,2,67,Two-Year,Bank Transfer,0
    CUST-12354,9,22.27,0.56,1,35,One-Year,Bank Transfer,1
    CUST-12355,47,45.01,0.47,2,102,Month-to-Month,Credit Card,1
    CUST-12356,15,117.82,0.29,1,15,Month-to-Month,Electronic Check,1
    CUST-12357,48,141.82,0.8,2,51,One-Year,Bank Transfer,1
    CUST-12358,42,31.37,0.6,3,3,Month-to-Month,Electronic Check,1
    CUST-12359,60,92.53,0.9,4,21,Month-to-Month,Bank Transfer,1
    CUST-12360,70,53.0,0.15,4,61,Month-to-Month,Credit Card,1
    CUST-12361,12,38.08,0.08,2,3,One-Year,Bank Transfer,0
    CUST-12362,2,48.47,0.13,1,53,Two-Year,Bank Transfer,0
    CUST-12363,7,95.11,0.24,4,35,Month-to-Month,Bank Transfer,1
    CUST-12364,3,28.47,0.38,0,50,Month-to-Month,Electronic Check,1
    CUST-12365,3,76.45,0.78,1,8,Month-to-Month,Credit Card,1
    CUST-12366,27,37.58,0.26,3,48,Month-to-Month,Bank Transfer,1
    CUST-12367,40,55.45,0.82,3,3,Month-to-Month,Electronic Check,1
    CUST-12368,33,44.8,0.42,2,54,Month-to-Month,Credit Card,1
    CUST-12369,1,134.79,0.58,3,75,Month-to-Month,Electronic Check,1
    CUST-12370,8,112.04,0.24,2,112,Month-to-Month,Credit Card,1
    CUST-12371,32,132.9,0.14,2,2,Month-to-Month,Electronic Check,0
    CUST-12372,48,69.85,0.78,1,33,One-Year,Credit Card,1
    CUST-12373,4,60.74,0.1,3,72,One-Year,Electronic Check,1
    CUST-12374,70,69.48,0.7,3,12,Two-Year,Bank Transfer,0
    CUST-12375,19,22.41,0.52,2,19,Month-to-Month,Credit Card,1
    CUST-12376,32,114.21,0.78,0,18,Month-to-Month,Electronic Check,1
    CUST-12377,9,65.47,0.65,1,50,Month-to-Month,Bank Transfer,1
    CUST-12378,12,60.73,0.25,1,85,One-Year,Bank Transfer,1
    CUST-12379,11,97.76,0.52,3,22,Month-to-Month,Credit Card,1
    CUST-12380,46,76.71,0.01,1,107,Month-to-Month,Electronic Check,1
    CUST-12381,16,147.51,0.43,3,30,Month-to-Month,Bank Transfer,1
    CUST-12382,1,66.31,0.08,1,82,Two-Year,Bank Transfer,0
    CUST-12383,63,99.81,0.39,2,6,Two-Year,Credit Card,0
    CUST-12384,21,60.51,0.1,1,1,One-Year,Bank Transfer,0
    CUST-12385,30,148.78,0.86,4,9,Month-to-Month,Electronic Check,1
    CUST-12386,13,77.86,0.47,0,52,One-Year,Bank Transfer,1
    CUST-12387,34,102.44,0.82,1,80,One-Year,Bank Transfer,1
    CUST-12388,4,36.47,0.02,4,29,One-Year,Credit Card,0
    CUST-12389,28,115.29,0.57,1,62,Two-Year,Bank Transfer,1
    CUST-12390,59,55.0,0.28,3,29,Month-to-Month,Bank Transfer,0
    CUST-12391,27,78.32,0.39,1,5,Two-Year,Electronic Check,0
    CUST-12392,69,134.81,0.79,0,83,Two-Year,Credit Card,0
    CUST-12393,25,146.17,0.88,4,22,Month-to-Month,Credit Card,1
    CUST-12394,3,75.19,0.22,2,49,One-Year,Credit Card,1
    CUST-12395,68,128.52,0.85,3,119,Month-to-Month,Credit Card,1
    CUST-12396,25,26.94,0.62,1,8,One-Year,Credit Card,1
    CUST-12397,20,130.18,0.86,2,115,Month-to-Month,Credit Card,1
    CUST-12398,34,101.84,0.51,2,82,Month-to-Month,Credit Card,1
    CUST-12399,26,83.53,0.86,1,108,Month-to-Month,Bank Transfer,1
    CUST-12400,5,135.7,0.8,1,112,One-Year,Electronic Check,1
    CUST-12401,61,129.89,0.12,0,78,Two-Year,Credit Card,0
    CUST-12402,9,58.6,0.28,4,68,Month-to-Month,Bank Transfer,1
    CUST-12403,50,122.89,0.22,2,40,Month-to-Month,Bank Transfer,1
    CUST-12404,6,32.93,0.51,1,91,Two-Year,Electronic Check,1
    CUST-12405,60,126.96,0.72,2,24,Month-to-Month,Credit Card,1
    CUST-12406,44,107.81,0.68,2,94,Two-Year,Credit Card,1
    CUST-12407,11,31.42,0.65,0,76,One-Year,Electronic Check,1
    CUST-12408,66,108.8,0.34,0,107,Two-Year,Bank Transfer,0
    CUST-12409,47,95.47,0.13,3,13,Two-Year,Credit Card,0
    CUST-12410,3,97.29,0.19,0,104,One-Year,Credit Card,0
    CUST-12411,30,57.81,0.67,1,50,Month-to-Month,Electronic Check,1
    CUST-12412,21,54.64,0.13,2,45,Month-to-Month,Bank Transfer,1
    CUST-12413,28,119.13,0.2,4,4,Month-to-Month,Bank Transfer,1
    CUST-12414,62,53.39,0.38,5,90,Two-Year,Bank Transfer,1
    CUST-12415,33,78.01,0.06,4,63,One-Year,Credit Card,0
    CUST-12416,35,110.32,0.19,0,65,Month-to-Month,Bank Transfer,0
    CUST-12417,52,30.35,0.13,4,27,Month-to-Month,Electronic Check,1
    CUST-12418,34,97.29,0.86,1,87,Month-to-Month,Electronic Check,1
    CUST-12419,41,96.62,0.17,1,63,One-Year,Electronic Check,0
    CUST-12420,51,108.95,0.78,2,106,Month-to-Month,Electronic Check,1
    CUST-12421,47,68.09,0.1,4,102,Month-to-Month,Bank Transfer,1
    CUST-12422,58,78.37,0.78,1,11,Month-to-Month,Electronic Check,1
    CUST-12423,57,62.9,0.54,1,103,Month-to-Month,Credit Card,1
    CUST-12424,23,125.06,0.76,3,42,Month-to-Month,Credit Card,1
    CUST-12425,48,36.98,0.78,1,108,Month-to-Month,Credit Card,1
    CUST-12426,22,145.18,0.54,1,85,Two-Year,Bank Transfer,1
    CUST-12427,17,102.53,0.83,3,86,Month-to-Month,Bank Transfer,1
    CUST-12428,69,135.3,0.53,3,92,One-Year,Bank Transfer,1
    CUST-12429,11,75.41,0.64,2,38,Month-to-Month,Bank Transfer,1
    CUST-12430,15,63.2,0.37,2,70,One-Year,Electronic Check,1
    CUST-12431,35,137.09,0.82,0,89,Month-to-Month,Electronic Check,1
    CUST-12432,33,32.85,0.74,3,62,Month-to-Month,Electronic Check,1
    CUST-12433,16,35.22,0.15,5,4,Month-to-Month,Electronic Check,1
    CUST-12434,34,58.92,0.52,1,34,Month-to-Month,Electronic Check,1
    CUST-12435,66,144.77,0.81,2,26,Month-to-Month,Electronic Check,1
    CUST-12436,40,102.3,0.71,0,103,Month-to-Month,Credit Card,1
    CUST-12437,28,92.05,0.87,3,117,Month-to-Month,Bank Transfer,1
    CUST-12438,47,111.7,0.21,4,54,Month-to-Month,Bank Transfer,1
    CUST-12439,39,74.27,0.33,3,27,One-Year,Electronic Check,0
    CUST-12440,70,118.55,0.46,4,39,Two-Year,Credit Card,0
    CUST-12441,20,71.12,0.21,4,85,Month-to-Month,Electronic Check,1
    CUST-12442,1,127.43,0.35,2,21,Month-to-Month,Electronic Check,1
    CUST-12443,63,54.75,0.48,1,54,Month-to-Month,Electronic Check,1
    CUST-12444,67,56.08,0.17,3,56,Month-to-Month,Bank Transfer,0
    CUST-12445,4,87.91,0.23,3,93,Month-to-Month,Bank Transfer,1
    CUST-12446,58,76.0,0.11,0,98,Month-to-Month,Credit Card,0
    CUST-12447,25,104.26,0.64,2,63,Two-Year,Credit Card,1
    CUST-12448,47,67.36,0.33,2,91,One-Year,Electronic Check,1
    CUST-12449,38,49.97,0.2,2,42,Two-Year,Credit Card,0
    CUST-12450,15,81.08,0.46,2,110,Month-to-Month,Credit Card,1
    CUST-12451,63,92.92,0.06,3,26,Two-Year,Credit Card,0
    CUST-12452,21,38.54,0.83,3,69,Two-Year,Electronic Check,1
    CUST-12453,57,92.37,0.27,3,20,Two-Year,Electronic Check,0
    CUST-12454,53,61.5,0.8,3,72,Month-to-Month,Bank Transfer,1
    CUST-12455,46,71.02,0.45,1,116,One-Year,Electronic Check,1
    CUST-12456,14,56.31,0.77,4,82,One-Year,Bank Transfer,1
    CUST-12457,17,141.08,0.22,1,53,Month-to-Month,Credit Card,1
    CUST-12458,39,108.83,0.16,0,69,Month-to-Month,Credit Card,0
    CUST-12459,9,54.12,0.76,4,68,One-Year,Electronic Check,1
    CUST-12460,6,103.85,0.19,1,115,Two-Year,Bank Transfer,1
    CUST-12461,23,130.31,0.67,1,107,Two-Year,Credit Card,1
    CUST-12462,59,72.21,0.31,3,5,Two-Year,Credit Card,0
    CUST-12463,46,127.89,0.67,2,16,Month-to-Month,Credit Card,1
    CUST-12464,38,40.07,0.82,2,9,One-Year,Bank Transfer,1
    CUST-12465,14,126.96,0.88,1,25,Month-to-Month,Bank Transfer,1
    CUST-12466,62,90.24,0.32,0,57,Month-to-Month,Electronic Check,1
    CUST-12467,35,48.99,0.33,1,38,Two-Year,Electronic Check,0
    CUST-12468,19,72.93,0.88,2,8,Two-Year,Credit Card,1
    CUST-12469,30,148.44,0.78,1,65,One-Year,Credit Card,1
    CUST-12470,25,121.86,0.04,2,31,Two-Year,Electronic Check,0
    CUST-12471,40,94.76,0.52,1,33,Month-to-Month,Bank Transfer,1
    CUST-12472,14,34.97,0.16,3,55,Month-to-Month,Bank Transfer,1
    CUST-12473,26,74.32,0.89,0,69,Two-Year,Bank Transfer,1
    CUST-12474,22,54.2,0.13,2,82,Month-to-Month,Electronic Check,1
    CUST-12475,48,29.23,0.5,1,36,Month-to-Month,Bank Transfer,1
    CUST-12476,51,90.49,0.6,0,112,Month-to-Month,Electronic Check,1
    CUST-12477,3,135.59,0.84,2,84,Month-to-Month,Credit Card,1
    CUST-12478,42,107.83,0.76,2,118,Month-to-Month,Bank Transfer,1
    CUST-12479,19,52.46,0.22,2,24,Month-to-Month,Bank Transfer,1
    CUST-12480,28,94.57,0.52,2,61,Two-Year,Electronic Check,1
    CUST-12481,45,142.62,0.86,0,83,Two-Year,Bank Transfer,1
    CUST-12482,71,113.98,0.66,4,28,Month-to-Month,Bank Transfer,1
    CUST-12483,63,109.63,0.62,1,60,One-Year,Electronic Check,1
    CUST-12484,19,145.86,0.68,1,94,Month-to-Month,Electronic Check,1
    CUST-12485,47,123.85,0.29,3,103,One-Year,Bank Transfer,1
    CUST-12486,14,37.76,0.66,2,79,Month-to-Month,Credit Card,1
    CUST-12487,38,65.19,0.21,1,114,One-Year,Electronic Check,0
    CUST-12488,53,145.47,0.39,2,73,One-Year,Electronic Check,0
    CUST-12489,61,83.66,0.8,2,39,Month-to-Month,Electronic Check,1
    CUST-12490,36,34.51,0.02,2,31,Two-Year,Electronic Check,0
    CUST-12491,40,79.62,0.37,1,1,One-Year,Electronic Check,0
    CUST-12492,30,110.61,0.24,1,13,One-Year,Electronic Check,0
    CUST-12493,9,149.68,0.18,0,100,Month-to-Month,Electronic Check,1
    CUST-12494,64,62.11,0.75,2,66,One-Year,Bank Transfer,1
    CUST-12495,33,86.83,0.63,3,42,Month-to-Month,Credit Card,1
    CUST-12496,52,134.36,0.1,6,37,Two-Year,Credit Card,1
    CUST-12497,14,66.18,0.45,4,57,Two-Year,Credit Card,1
    CUST-12498,53,34.2,0.42,0,35,Month-to-Month,Electronic Check,0
    CUST-12499,59,143.36,0.13,1,37,One-Year,Electronic Check,0
    CUST-12500,41,83.5,0.72,2,75,Month-to-Month,Credit Card,1
    CUST-12501,68,85.36,0.33,4,82,Two-Year,Bank Transfer,1
    CUST-12502,68,100.76,0.69,3,20,Month-to-Month,Electronic Check,1
    CUST-12503,8,20.46,0.17,4,66,Month-to-Month,Credit Card,1
    CUST-12504,2,141.05,0.28,0,88,Month-to-Month,Credit Card,1
    CUST-12505,41,66.99,0.09,4,119,One-Year,Credit Card,1
    CUST-12506,55,71.6,0.13,0,80,Month-to-Month,Credit Card,1
    CUST-12507,16,42.63,0.79,1,23,One-Year,Bank Transfer,1
    CUST-12508,62,69.16,0.1,1,55,One-Year,Electronic Check,0
    CUST-12509,48,124.51,0.09,1,57,Month-to-Month,Bank Transfer,0
    CUST-12510,30,124.0,0.85,2,50,Month-to-Month,Bank Transfer,1
    CUST-12511,12,141.65,0.58,2,38,Month-to-Month,Electronic Check,1
    CUST-12512,35,72.42,0.09,3,47,Two-Year,Bank Transfer,0
    CUST-12513,11,112.13,0.87,2,108,Month-to-Month,Electronic Check,1
    CUST-12514,64,85.94,0.13,0,93,Two-Year,Electronic Check,0
    CUST-12515,50,124.52,0.69,2,30,Month-to-Month,Credit Card,1
    CUST-12516,21,112.63,0.03,1,68,One-Year,Bank Transfer,0
    CUST-12517,69,67.83,0.56,2,93,Month-to-Month,Bank Transfer,1
    CUST-12518,48,63.77,0.49,1,108,Month-to-Month,Electronic Check,1
    CUST-12519,20,52.82,0.19,4,43,Month-to-Month,Credit Card,1
    CUST-12520,67,94.95,0.58,3,118,Month-to-Month,Credit Card,1
    CUST-12521,44,145.3,0.56,1,105,Month-to-Month,Credit Card,1
    CUST-12522,33,46.01,0.72,3,27,Month-to-Month,Electronic Check,1
    CUST-12523,61,32.38,0.79,1,97,Month-to-Month,Electronic Check,1
    CUST-12524,9,35.52,0.46,2,82,Month-to-Month,Bank Transfer,1
    CUST-12525,68,121.8,0.44,3,64,Two-Year,Bank Transfer,1
    CUST-12526,35,65.51,0.56,4,6,One-Year,Electronic Check,1
    CUST-12527,65,49.17,0.66,1,96,Two-Year,Bank Transfer,0
    CUST-12528,8,65.87,0.32,6,31,Month-to-Month,Bank Transfer,1
    CUST-12529,45,103.89,0.45,1,76,Month-to-Month,Bank Transfer,1
    CUST-12530,47,91.08,0.53,0,87,Month-to-Month,Electronic Check,1
    CUST-12531,40,116.67,0.89,0,29,Two-Year,Electronic Check,1
    CUST-12532,54,64.08,0.53,0,3,One-Year,Electronic Check,0
    CUST-12533,46,78.76,0.2,4,97,One-Year,Electronic Check,1
    CUST-12534,47,33.26,0.53,2,103,Month-to-Month,Bank Transfer,1
    CUST-12535,15,29.5,0.74,4,92,Two-Year,Bank Transfer,1
    CUST-12536,19,80.09,0.77,3,82,Month-to-Month,Electronic Check,1
    CUST-12537,26,59.21,0.72,2,108,Month-to-Month,Bank Transfer,1
    CUST-12538,52,99.66,0.8,3,86,Month-to-Month,Bank Transfer,1
    CUST-12539,22,25.59,0.3,6,20,Month-to-Month,Bank Transfer,1
    CUST-12540,21,35.83,0.46,2,80,Month-to-Month,Bank Transfer,1
    CUST-12541,51,132.47,0.7,1,58,One-Year,Credit Card,1
    CUST-12542,38,93.62,0.24,1,116,Month-to-Month,Credit Card,1
    CUST-12543,20,112.57,0.33,2,57,Month-to-Month,Electronic Check,1
    CUST-12544,29,129.46,0.75,1,71,Month-to-Month,Electronic Check,1
    CUST-12545,51,80.3,0.69,2,113,Month-to-Month,Bank Transfer,1
    CUST-12546,4,118.94,0.87,3,4,Month-to-Month,Credit Card,1
    CUST-12547,55,88.2,0.9,4,42,Month-to-Month,Electronic Check,1
    CUST-12548,71,48.96,0.22,3,102,Month-to-Month,Electronic Check,1
    CUST-12549,28,63.9,0.81,2,34,Month-to-Month,Credit Card,1
    CUST-12550,4,83.75,0.09,4,100,Two-Year,Electronic Check,1
    CUST-12551,22,61.2,0.64,5,18,One-Year,Electronic Check,1
    CUST-12552,45,63.62,0.2,0,97,Month-to-Month,Credit Card,1
    CUST-12553,67,63.86,0.27,1,65,One-Year,Bank Transfer,0
    CUST-12554,66,35.97,0.85,1,112,Month-to-Month,Credit Card,1
    CUST-12555,34,31.0,0.24,2,25,Month-to-Month,Electronic Check,1
    CUST-12556,55,26.04,0.61,4,45,One-Year,Credit Card,1
    CUST-12557,1,34.42,0.16,2,14,Month-to-Month,Bank Transfer,1
    CUST-12558,38,64.68,0.08,3,11,Two-Year,Electronic Check,0
    CUST-12559,6,97.2,0.31,2,52,Month-to-Month,Electronic Check,1
    CUST-12560,25,44.46,0.56,2,8,One-Year,Electronic Check,1
    CUST-12561,17,135.44,0.22,4,60,Month-to-Month,Bank Transfer,1
    CUST-12562,61,125.09,0.27,1,42,One-Year,Electronic Check,0
    CUST-12563,12,87.67,0.64,0,16,Month-to-Month,Electronic Check,1
    CUST-12564,6,114.15,0.09,0,39,Month-to-Month,Bank Transfer,0
    CUST-12565,27,67.62,0.4,4,101,Two-Year,Credit Card,1
    CUST-12566,8,24.78,0.85,2,95,Two-Year,Bank Transfer,1
    CUST-12567,65,137.56,0.36,0,42,Two-Year,Credit Card,0
    CUST-12568,57,36.61,0.39,2,18,Month-to-Month,Electronic Check,1
    CUST-12569,40,143.23,0.66,1,7,One-Year,Bank Transfer,0
    CUST-12570,14,94.34,0.7,1,4,Two-Year,Bank Transfer,0
    CUST-12571,35,59.72,0.69,4,96,Month-to-Month,Credit Card,1
    CUST-12572,48,84.42,0.9,5,95,Month-to-Month,Bank Transfer,1
    CUST-12573,56,85.21,0.06,1,74,Month-to-Month,Credit Card,1
    CUST-12574,49,23.03,0.88,3,30,Month-to-Month,Credit Card,1
    CUST-12575,13,66.21,0.86,0,50,Two-Year,Credit Card,1
    CUST-12576,61,116.18,0.77,0,114,Month-to-Month,Bank Transfer,1
    CUST-12577,49,86.31,0.41,2,99,Month-to-Month,Electronic Check,1
    CUST-12578,46,51.75,0.78,2,45,Month-to-Month,Bank Transfer,1
    CUST-12579,62,63.56,0.2,1,31,One-Year,Credit Card,0
    CUST-12580,8,132.2,0.71,2,95,Month-to-Month,Electronic Check,1
    CUST-12581,43,88.32,0.17,1,46,Month-to-Month,Bank Transfer,0
    CUST-12582,20,88.69,0.73,3,54,One-Year,Electronic Check,1
    CUST-12583,39,144.99,0.55,3,46,One-Year,Electronic Check,1
    CUST-12584,49,61.71,0.09,1,97,Month-to-Month,Electronic Check,1
    CUST-12585,64,82.34,0.81,2,5,Two-Year,Credit Card,0
    CUST-12586,62,125.52,0.52,0,10,One-Year,Credit Card,0
    CUST-12587,54,118.66,0.59,2,110,One-Year,Electronic Check,1
    CUST-12588,9,54.55,0.26,1,115,One-Year,Electronic Check,1
    CUST-12589,37,39.64,0.78,2,23,Month-to-Month,Credit Card,1
    CUST-12590,49,111.09,0.49,4,7,Month-to-Month,Credit Card,1
    CUST-12591,41,53.5,0.38,6,58,Two-Year,Credit Card,1
    CUST-12592,17,139.95,0.48,1,47,Month-to-Month,Credit Card,1
    CUST-12593,21,36.8,0.63,1,92,Two-Year,Credit Card,1
    CUST-12594,51,61.38,0.63,4,21,Month-to-Month,Credit Card,1
    CUST-12595,59,27.12,0.32,2,31,Month-to-Month,Bank Transfer,0
    CUST-12596,39,111.43,0.35,0,105,Month-to-Month,Credit Card,1
    CUST-12597,55,135.86,0.51,3,27,One-Year,Electronic Check,1
    CUST-12598,41,102.66,0.83,3,29,One-Year,Bank Transfer,1
    CUST-12599,39,141.91,0.67,2,10,Month-to-Month,Credit Card,1
    CUST-12600,13,36.71,0.35,3,72,One-Year,Credit Card,1
    CUST-12601,64,31.41,0.3,1,9,Month-to-Month,Credit Card,1
    CUST-12602,11,128.99,0.47,3,11,One-Year,Credit Card,1
    CUST-12603,19,131.22,0.78,5,22,Month-to-Month,Electronic Check,1
    CUST-12604,11,128.04,0.01,2,104,Month-to-Month,Electronic Check,1
    CUST-12605,46,123.87,0.64,2,90,Month-to-Month,Bank Transfer,1
    CUST-12606,45,67.09,0.27,3,50,Month-to-Month,Electronic Check,1
    CUST-12607,1,48.27,0.19,1,101,Two-Year,Credit Card,1
    CUST-12608,40,140.74,0.01,3,40,Month-to-Month,Credit Card,1
    CUST-12609,19,59.91,0.81,1,66,Month-to-Month,Bank Transfer,1
    CUST-12610,61,71.79,0.82,2,63,One-Year,Bank Transfer,1
    CUST-12611,12,110.94,0.06,3,114,One-Year,Credit Card,1
    CUST-12612,61,58.14,0.47,4,19,Two-Year,Electronic Check,1
    CUST-12613,33,126.49,0.14,1,114,Month-to-Month,Bank Transfer,1
    CUST-12614,45,29.1,0.68,1,116,Month-to-Month,Bank Transfer,1
    CUST-12615,69,122.85,0.6,3,16,Month-to-Month,Electronic Check,1
    CUST-12616,8,98.24,0.27,2,4,Month-to-Month,Bank Transfer,1
    CUST-12617,25,94.49,0.11,1,49,One-Year,Electronic Check,0
    CUST-12618,46,79.59,0.75,1,38,Two-Year,Credit Card,1
    CUST-12619,30,56.02,0.61,2,108,Two-Year,Electronic Check,1
    CUST-12620,47,80.33,0.01,0,7,Month-to-Month,Bank Transfer,0
    CUST-12621,49,78.5,0.57,1,55,One-Year,Credit Card,1
    CUST-12622,47,95.89,0.73,2,14,One-Year,Bank Transfer,1
    CUST-12623,18,56.6,0.53,0,76,One-Year,Electronic Check,1
    CUST-12624,66,30.09,0.38,4,85,Two-Year,Bank Transfer,1
    CUST-12625,68,38.86,0.53,2,116,Month-to-Month,Bank Transfer,1
    CUST-12626,33,110.89,0.56,2,34,Month-to-Month,Electronic Check,1
    CUST-12627,36,22.92,0.58,0,21,One-Year,Credit Card,0
    CUST-12628,19,131.34,0.87,0,36,One-Year,Credit Card,1
    CUST-12629,28,110.27,0.16,1,104,One-Year,Bank Transfer,1
    CUST-12630,40,119.85,0.56,1,63,Month-to-Month,Electronic Check,1
    CUST-12631,15,128.68,0.17,1,42,Month-to-Month,Bank Transfer,1
    CUST-12632,41,35.95,0.19,1,49,Two-Year,Credit Card,0
    CUST-12633,39,126.92,0.6,5,71,Month-to-Month,Electronic Check,1
    CUST-12634,2,85.6,0.82,4,85,Month-to-Month,Bank Transfer,1
    CUST-12635,63,135.12,0.14,0,10,Month-to-Month,Bank Transfer,0
    CUST-12636,29,135.26,0.87,3,21,Two-Year,Electronic Check,1
    CUST-12637,66,23.14,0.29,2,113,Month-to-Month,Bank Transfer,1
    CUST-12638,51,69.77,0.35,2,80,One-Year,Credit Card,0
    CUST-12639,10,88.43,0.14,4,63,One-Year,Electronic Check,1
    CUST-12640,14,108.19,0.55,1,89,One-Year,Bank Transfer,1
    CUST-12641,51,57.2,0.54,4,77,Month-to-Month,Credit Card,1
    CUST-12642,39,52.78,0.4,3,119,Month-to-Month,Credit Card,1
    CUST-12643,28,69.56,0.43,4,50,Two-Year,Credit Card,1
    CUST-12644,3,85.12,0.56,1,27,One-Year,Bank Transfer,1
    CUST-12645,70,143.65,0.53,2,101,Month-to-Month,Bank Transfer,1
    CUST-12646,27,119.07,0.34,3,8,Month-to-Month,Electronic Check,1
    CUST-12647,2,75.81,0.8,1,30,Month-to-Month,Electronic Check,1
    CUST-12648,38,27.07,0.6,1,95,Month-to-Month,Electronic Check,1
    CUST-12649,3,41.91,0.18,1,71,One-Year,Electronic Check,1
    CUST-12650,16,79.27,0.29,2,30,Month-to-Month,Electronic Check,1
    CUST-12651,40,125.8,0.71,0,18,Two-Year,Credit Card,0
    CUST-12652,2,69.49,0.09,5,23,Month-to-Month,Electronic Check,1
    CUST-12653,41,90.0,0.68,3,38,Month-to-Month,Credit Card,1
    CUST-12654,12,135.93,0.32,2,109,Month-to-Month,Bank Transfer,1
    CUST-12655,35,138.79,0.5,2,105,Month-to-Month,Electronic Check,1
    CUST-12656,65,48.05,0.25,2,30,One-Year,Credit Card,0
    CUST-12657,55,25.67,0.89,1,119,Month-to-Month,Bank Transfer,1
    CUST-12658,45,59.7,0.82,1,30,One-Year,Electronic Check,1
    CUST-12659,62,110.45,0.84,0,72,Month-to-Month,Electronic Check,1
    CUST-12660,49,143.64,0.17,4,76,Month-to-Month,Bank Transfer,1
    CUST-12661,25,30.01,0.76,1,74,Month-to-Month,Electronic Check,1
    CUST-12662,23,23.7,0.48,4,71,Month-to-Month,Bank Transfer,1
    CUST-12663,24,134.94,0.64,0,39,One-Year,Electronic Check,0
    CUST-12664,38,117.26,0.2,2,17,Month-to-Month,Bank Transfer,1
    CUST-12665,28,148.99,0.64,1,96,Two-Year,Credit Card,1
    CUST-12666,21,71.58,0.82,3,69,Month-to-Month,Credit Card,1
    CUST-12667,54,74.09,0.24,3,106,Month-to-Month,Bank Transfer,1
    CUST-12668,18,42.4,0.21,1,85,Two-Year,Bank Transfer,1
    CUST-12669,36,35.06,0.09,3,95,Two-Year,Credit Card,1
    CUST-12670,45,95.23,0.24,1,52,Month-to-Month,Credit Card,1
    CUST-12671,53,67.36,0.48,1,79,Month-to-Month,Credit Card,1
    CUST-12672,30,30.44,0.75,2,13,One-Year,Credit Card,1
    CUST-12673,60,135.31,0.25,2,110,Two-Year,Electronic Check,1
    CUST-12674,32,45.79,0.56,3,113,Two-Year,Credit Card,1
    CUST-12675,67,117.32,0.43,2,7,Month-to-Month,Credit Card,1
    CUST-12676,67,56.69,0.26,4,88,One-Year,Electronic Check,1
    CUST-12677,28,125.68,0.46,0,117,One-Year,Electronic Check,1
    CUST-12678,44,35.39,0.15,2,68,One-Year,Electronic Check,0
    CUST-12679,41,118.29,0.58,0,60,One-Year,Credit Card,1
    CUST-12680,63,32.76,0.1,1,105,Month-to-Month,Bank Transfer,1
    CUST-12681,23,78.1,0.66,2,83,One-Year,Credit Card,1
    CUST-12682,48,115.42,0.16,2,46,One-Year,Bank Transfer,0
    CUST-12683,32,42.52,0.9,2,35,One-Year,Electronic Check,1
    CUST-12684,57,57.14,0.74,2,29,Month-to-Month,Electronic Check,1
    CUST-12685,33,132.42,0.31,5,100,Month-to-Month,Electronic Check,1
    CUST-12686,24,135.07,0.38,2,119,Month-to-Month,Credit Card,1
    CUST-12687,39,25.84,0.23,3,34,Month-to-Month,Bank Transfer,1
    CUST-12688,34,41.85,0.69,1,8,Month-to-Month,Credit Card,1
    CUST-12689,56,35.27,0.34,2,66,One-Year,Credit Card,0
    CUST-12690,28,43.36,0.68,1,4,One-Year,Electronic Check,1
    CUST-12691,37,146.12,0.02,1,66,One-Year,Electronic Check,0
    CUST-12692,7,91.72,0.12,4,94,Two-Year,Electronic Check,1
    CUST-12693,68,80.85,0.33,0,57,Month-to-Month,Electronic Check,0
    CUST-12694,37,147.98,0.1,0,93,Month-to-Month,Electronic Check,1
    CUST-12695,56,92.4,0.54,3,4,Month-to-Month,Electronic Check,0
    CUST-12696,65,105.95,0.05,2,85,Month-to-Month,Credit Card,1
    CUST-12697,65,63.26,0.77,4,73,Month-to-Month,Credit Card,1
    CUST-12698,47,69.67,0.69,1,66,One-Year,Bank Transfer,1
    CUST-12699,20,97.27,0.19,2,20,Month-to-Month,Credit Card,1
    CUST-12700,19,29.07,0.44,2,118,Month-to-Month,Electronic Check,1
    CUST-12701,29,53.26,0.41,2,113,Month-to-Month,Electronic Check,1
    CUST-12702,60,45.59,0.65,3,97,Month-to-Month,Bank Transfer,1
    CUST-12703,18,22.07,0.36,0,55,One-Year,Electronic Check,1
    CUST-12704,35,89.8,0.03,2,6,Month-to-Month,Bank Transfer,1
    CUST-12705,43,92.94,0.25,1,29,One-Year,Bank Transfer,0
    CUST-12706,11,69.91,0.42,3,80,Month-to-Month,Electronic Check,1
    CUST-12707,49,54.93,0.88,1,100,Month-to-Month,Credit Card,1
    CUST-12708,38,104.77,0.79,1,5,Month-to-Month,Credit Card,1
    CUST-12709,64,37.51,0.16,1,37,Month-to-Month,Credit Card,0
    CUST-12710,69,87.42,0.65,4,9,Two-Year,Bank Transfer,0
    CUST-12711,8,119.85,0.84,0,96,Month-to-Month,Credit Card,1
    CUST-12712,34,41.36,0.01,1,37,Two-Year,Bank Transfer,0
    CUST-12713,48,117.92,0.65,2,98,Two-Year,Bank Transfer,1
    CUST-12714,56,118.9,0.41,4,39,Month-to-Month,Electronic Check,1
    CUST-12715,65,27.79,0.61,3,63,Month-to-Month,Electronic Check,1
    CUST-12716,31,22.44,0.55,1,111,Month-to-Month,Credit Card,1
    CUST-12717,4,146.61,0.89,1,57,Month-to-Month,Electronic Check,1
    CUST-12718,50,45.14,0.26,1,119,One-Year,Credit Card,1
    CUST-12719,69,126.88,0.71,1,40,Month-to-Month,Bank Transfer,1
    CUST-12720,30,93.04,0.21,3,93,Month-to-Month,Electronic Check,1
    CUST-12721,59,54.38,0.39,3,64,One-Year,Credit Card,0
    CUST-12722,67,36.9,0.88,2,95,One-Year,Electronic Check,1
    CUST-12723,45,84.57,0.69,2,3,One-Year,Electronic Check,1
    CUST-12724,4,72.96,0.28,4,43,Two-Year,Bank Transfer,1
    CUST-12725,26,110.86,0.56,1,25,One-Year,Electronic Check,1
    CUST-12726,27,137.54,0.04,1,55,Two-Year,Credit Card,0
    CUST-12727,46,124.68,0.24,0,106,One-Year,Electronic Check,0
    CUST-12728,64,55.68,0.65,1,36,Month-to-Month,Bank Transfer,1
    CUST-12729,51,134.26,0.51,3,108,Month-to-Month,Bank Transfer,1
    CUST-12730,50,128.34,0.42,4,58,Month-to-Month,Bank Transfer,1
    CUST-12731,6,140.79,0.62,3,77,Month-to-Month,Credit Card,1
    CUST-12732,59,79.63,0.36,1,103,Month-to-Month,Bank Transfer,1
    CUST-12733,15,119.91,0.02,3,19,Month-to-Month,Bank Transfer,1
    CUST-12734,30,96.92,0.4,1,59,One-Year,Credit Card,0
    CUST-12735,42,60.37,0.81,4,16,Month-to-Month,Credit Card,1
    CUST-12736,37,149.28,0.77,4,106,Month-to-Month,Credit Card,1
    CUST-12737,42,24.98,0.37,3,94,Month-to-Month,Credit Card,1
    CUST-12738,35,41.1,0.02,0,103,Month-to-Month,Credit Card,1
    CUST-12739,6,136.03,0.57,2,99,One-Year,Electronic Check,1
    CUST-12740,68,27.87,0.67,1,2,Two-Year,Bank Transfer,0
    CUST-12741,18,135.29,0.26,1,65,Month-to-Month,Credit Card,1
    CUST-12742,29,112.98,0.43,1,59,Month-to-Month,Bank Transfer,1
    CUST-12743,59,24.77,0.89,0,118,Month-to-Month,Electronic Check,1
    CUST-12744,47,75.81,0.52,3,48,Month-to-Month,Electronic Check,1
    CUST-12745,17,118.08,0.32,1,109,Month-to-Month,Credit Card,1
    CUST-12746,22,95.8,0.56,2,3,One-Year,Bank Transfer,1
    CUST-12747,68,141.66,0.16,2,26,Month-to-Month,Bank Transfer,0
    CUST-12748,69,132.79,0.18,0,92,Month-to-Month,Electronic Check,1
    CUST-12749,37,63.24,0.83,2,91,One-Year,Electronic Check,1
    CUST-12750,49,31.0,0.22,2,14,Month-to-Month,Electronic Check,0
    CUST-12751,13,142.75,0.28,1,114,Two-Year,Credit Card,1
    CUST-12752,34,87.25,0.49,4,107,Two-Year,Credit Card,1
    CUST-12753,53,29.67,0.81,4,115,One-Year,Electronic Check,1
    CUST-12754,51,126.15,0.7,2,24,Month-to-Month,Bank Transfer,1
    CUST-12755,3,132.91,0.04,7,35,Month-to-Month,Credit Card,1
    CUST-12756,42,103.13,0.62,1,116,Month-to-Month,Bank Transfer,1
    CUST-12757,32,78.18,0.45,2,98,Month-to-Month,Electronic Check,1
    CUST-12758,51,106.08,0.43,3,88,Month-to-Month,Credit Card,1
    CUST-12759,46,111.87,0.62,2,6,Month-to-Month,Electronic Check,1
    CUST-12760,21,136.09,0.18,3,62,One-Year,Credit Card,1
    CUST-12761,44,144.26,0.88,5,95,Month-to-Month,Bank Transfer,1
    CUST-12762,11,86.86,0.58,2,93,One-Year,Electronic Check,1
    CUST-12763,68,123.8,0.33,0,36,Month-to-Month,Bank Transfer,0
    CUST-12764,1,145.39,0.54,2,29,Two-Year,Bank Transfer,1
    CUST-12765,63,39.66,0.19,2,13,One-Year,Bank Transfer,0
    CUST-12766,24,22.37,0.57,4,8,Month-to-Month,Credit Card,1
    CUST-12767,13,132.97,0.03,1,15,One-Year,Bank Transfer,0
    CUST-12768,11,45.39,0.31,0,33,One-Year,Bank Transfer,0
    CUST-12769,51,25.52,0.67,2,89,Two-Year,Credit Card,1
    CUST-12770,17,40.81,0.73,1,16,One-Year,Electronic Check,1
    CUST-12771,24,69.93,0.23,0,85,Month-to-Month,Bank Transfer,1
    CUST-12772,19,48.5,0.49,3,52,Month-to-Month,Credit Card,1
    CUST-12773,37,59.68,0.48,4,101,One-Year,Electronic Check,1
    CUST-12774,8,146.79,0.38,6,109,Two-Year,Credit Card,1
    CUST-12775,28,111.57,0.21,1,81,Two-Year,Credit Card,1
    CUST-12776,5,112.58,0.63,2,34,Month-to-Month,Credit Card,1
    CUST-12777,17,32.31,0.23,4,77,Two-Year,Electronic Check,1
    CUST-12778,36,115.17,0.82,0,34,Month-to-Month,Electronic Check,1
    CUST-12779,19,116.11,0.48,1,43,Month-to-Month,Bank Transfer,1
    CUST-12780,64,105.77,0.78,2,61,Month-to-Month,Bank Transfer,1
    CUST-12781,11,49.7,0.26,4,79,One-Year,Bank Transfer,1
    CUST-12782,54,74.99,0.73,4,105,One-Year,Bank Transfer,1
    CUST-12783,45,130.02,0.1,2,22,Month-to-Month,Bank Transfer,0
    CUST-12784,47,107.13,0.69,1,51,One-Year,Electronic Check,1
    CUST-12785,12,115.26,0.35,2,4,Month-to-Month,Credit Card,1
    CUST-12786,21,96.36,0.42,2,49,One-Year,Bank Transfer,1
    CUST-12787,11,78.45,0.15,1,111,Month-to-Month,Credit Card,1
    CUST-12788,5,118.68,0.02,2,39,Month-to-Month,Credit Card,1
    CUST-12789,56,28.83,0.6,2,87,Month-to-Month,Bank Transfer,1
    CUST-12790,20,107.51,0.53,2,77,One-Year,Credit Card,1
    CUST-12791,41,149.64,0.56,2,72,Two-Year,Credit Card,1
    CUST-12792,46,121.42,0.23,4,1,Month-to-Month,Credit Card,1
    CUST-12793,12,57.77,0.22,4,41,Month-to-Month,Credit Card,1
    CUST-12794,70,56.12,0.75,1,50,Month-to-Month,Credit Card,1
    CUST-12795,17,106.74,0.69,2,81,One-Year,Credit Card,1
    CUST-12796,19,136.46,0.3,3,17,Month-to-Month,Credit Card,1
    CUST-12797,26,95.13,0.57,2,8,Month-to-Month,Credit Card,1
    CUST-12798,48,88.56,0.75,5,67,One-Year,Credit Card,1
    CUST-12799,52,40.85,0.8,1,93,Month-to-Month,Credit Card,1
    CUST-12800,70,113.01,0.01,1,118,One-Year,Electronic Check,0
    CUST-12801,55,111.3,0.73,2,86,Month-to-Month,Electronic Check,1
    CUST-12802,33,145.7,0.32,1,107,One-Year,Electronic Check,1
    CUST-12803,62,59.02,0.65,2,66,Two-Year,Credit Card,1
    CUST-12804,23,118.34,0.33,0,2,Month-to-Month,Bank Transfer,0
    CUST-12805,15,76.43,0.55,1,112,One-Year,Bank Transfer,1
    CUST-12806,27,92.6,0.58,1,17,Month-to-Month,Electronic Check,1
    CUST-12807,64,126.14,0.36,0,73,Two-Year,Credit Card,0
    CUST-12808,51,48.86,0.46,0,33,Month-to-Month,Bank Transfer,0
    CUST-12809,53,64.57,0.65,0,93,One-Year,Bank Transfer,1
    CUST-12810,51,120.53,0.43,3,93,Month-to-Month,Credit Card,1
    CUST-12811,47,94.16,0.01,1,54,Month-to-Month,Credit Card,1
    CUST-12812,4,32.01,0.01,2,108,One-Year,Electronic Check,1
    CUST-12813,7,75.92,0.6,2,70,One-Year,Credit Card,1
    CUST-12814,35,96.26,0.76,3,107,One-Year,Electronic Check,1
    CUST-12815,48,138.24,0.71,0,6,Month-to-Month,Credit Card,1
    CUST-12816,45,44.5,0.28,1,52,One-Year,Credit Card,0
    CUST-12817,19,124.77,0.42,3,101,Month-to-Month,Bank Transfer,1
    CUST-12818,63,36.98,0.21,2,45,One-Year,Credit Card,0
    CUST-12819,38,51.49,0.89,3,1,Month-to-Month,Electronic Check,1
    CUST-12820,67,51.63,0.23,3,80,Month-to-Month,Credit Card,1
    CUST-12821,59,134.07,0.37,0,51,Two-Year,Electronic Check,0
    CUST-12822,69,45.87,0.61,2,11,Two-Year,Bank Transfer,0
    CUST-12823,13,122.3,0.79,2,22,Month-to-Month,Bank Transfer,1
    CUST-12824,47,80.03,0.05,0,34,Month-to-Month,Electronic Check,0
    CUST-12825,61,149.88,0.27,1,1,Month-to-Month,Electronic Check,0
    CUST-12826,31,129.08,0.51,0,77,Month-to-Month,Bank Transfer,1
    CUST-12827,22,116.16,0.56,1,49,Month-to-Month,Credit Card,1
    CUST-12828,43,133.19,0.06,1,110,One-Year,Credit Card,0
    CUST-12829,67,102.42,0.6,0,49,Two-Year,Credit Card,0
    CUST-12830,54,129.67,0.48,2,42,Month-to-Month,Credit Card,1
    CUST-12831,10,53.95,0.74,1,92,Two-Year,Credit Card,1
    CUST-12832,42,32.7,0.2,1,49,Two-Year,Electronic Check,0
    CUST-12833,64,100.07,0.18,0,13,Month-to-Month,Electronic Check,0
    CUST-12834,21,76.51,0.71,3,102,Month-to-Month,Credit Card,1
    CUST-12835,66,75.44,0.63,5,94,Month-to-Month,Bank Transfer,1
    CUST-12836,41,88.48,0.71,0,100,Month-to-Month,Bank Transfer,1
    CUST-12837,24,66.98,0.7,0,68,Month-to-Month,Credit Card,1
    CUST-12838,35,101.39,0.09,1,14,One-Year,Credit Card,0
    CUST-12839,56,23.97,0.25,5,36,Two-Year,Electronic Check,1
    CUST-12840,30,146.09,0.23,3,56,Two-Year,Bank Transfer,1
    CUST-12841,57,140.21,0.84,3,87,One-Year,Credit Card,1
    CUST-12842,47,141.59,0.44,4,69,Two-Year,Electronic Check,1
    CUST-12843,35,67.45,0.1,0,46,Month-to-Month,Electronic Check,0
    CUST-12844,19,89.15,0.26,1,15,Month-to-Month,Credit Card,1
    CUST-12845,8,144.04,0.78,1,87,Month-to-Month,Credit Card,1
    CUST-12846,26,137.3,0.76,1,8,Month-to-Month,Electronic Check,1
    CUST-12847,71,122.73,0.81,2,56,One-Year,Electronic Check,1
    CUST-12848,30,72.95,0.35,1,11,Month-to-Month,Electronic Check,1
    CUST-12849,7,93.36,0.58,1,71,Month-to-Month,Credit Card,1
    CUST-12850,67,123.08,0.25,0,23,Two-Year,Electronic Check,0
    CUST-12851,65,55.49,0.16,2,45,Two-Year,Electronic Check,0
    CUST-12852,36,101.44,0.02,3,110,Month-to-Month,Bank Transfer,1
    CUST-12853,25,127.63,0.2,3,105,Month-to-Month,Credit Card,1
    CUST-12854,37,111.97,0.54,3,27,Month-to-Month,Electronic Check,1
    CUST-12855,1,82.33,0.81,2,31,Month-to-Month,Credit Card,1
    CUST-12856,15,96.0,0.12,2,47,One-Year,Bank Transfer,0
    CUST-12857,37,148.53,0.83,3,117,One-Year,Electronic Check,1
    CUST-12858,13,98.26,0.31,2,104,Month-to-Month,Credit Card,1
    CUST-12859,8,122.13,0.38,3,66,Month-to-Month,Bank Transfer,1
    CUST-12860,5,114.46,0.33,1,108,Month-to-Month,Credit Card,1
    CUST-12861,60,111.19,0.37,4,112,Two-Year,Bank Transfer,1
    CUST-12862,1,113.13,0.23,2,95,Month-to-Month,Credit Card,1
    CUST-12863,36,79.07,0.63,3,61,Two-Year,Electronic Check,1
    CUST-12864,35,81.64,0.68,1,8,Month-to-Month,Credit Card,1
    CUST-12865,66,80.82,0.74,3,65,Month-to-Month,Bank Transfer,1
    CUST-12866,63,24.32,0.31,1,25,Month-to-Month,Electronic Check,0
    CUST-12867,23,51.34,0.69,1,17,Two-Year,Bank Transfer,1
    CUST-12868,9,40.09,0.57,6,30,Month-to-Month,Credit Card,1
    CUST-12869,34,135.24,0.86,2,24,Two-Year,Credit Card,1
    CUST-12870,46,55.75,0.38,3,95,Month-to-Month,Electronic Check,1
    CUST-12871,4,38.0,0.89,3,115,Month-to-Month,Credit Card,1
    CUST-12872,30,35.57,0.67,2,52,Month-to-Month,Bank Transfer,1
    CUST-12873,3,111.0,0.7,2,63,One-Year,Electronic Check,1
    CUST-12874,14,20.79,0.02,1,61,Two-Year,Bank Transfer,0
    CUST-12875,60,81.27,0.45,2,77,Month-to-Month,Electronic Check,1
    CUST-12876,45,35.45,0.48,5,58,Month-to-Month,Electronic Check,1
    CUST-12877,34,130.46,0.04,2,119,One-Year,Electronic Check,1
    CUST-12878,45,144.6,0.28,1,79,Month-to-Month,Credit Card,1
    CUST-12879,61,144.64,0.86,3,90,One-Year,Credit Card,1
    CUST-12880,16,77.46,0.38,1,32,Month-to-Month,Electronic Check,1
    CUST-12881,66,103.79,0.17,2,109,Two-Year,Electronic Check,0
    CUST-12882,40,97.96,0.46,3,35,Two-Year,Credit Card,0
    CUST-12883,17,65.51,0.03,2,16,Month-to-Month,Credit Card,1
    CUST-12884,34,77.73,0.46,0,9,Month-to-Month,Bank Transfer,1
    CUST-12885,16,28.36,0.53,1,19,Month-to-Month,Bank Transfer,1
    CUST-12886,60,123.44,0.32,3,40,Month-to-Month,Electronic Check,1
    CUST-12887,66,51.3,0.69,4,40,Month-to-Month,Electronic Check,1
    CUST-12888,66,79.87,0.12,1,46,Month-to-Month,Bank Transfer,0
    CUST-12889,13,82.48,0.79,5,115,Two-Year,Electronic Check,1
    CUST-12890,56,92.89,0.86,1,109,Two-Year,Bank Transfer,1
    CUST-12891,31,126.32,0.0,1,3,Month-to-Month,Bank Transfer,1
    CUST-12892,34,109.94,0.76,5,26,One-Year,Bank Transfer,1
    CUST-12893,39,106.2,0.46,1,101,One-Year,Credit Card,1
    CUST-12894,67,88.48,0.42,2,72,Month-to-Month,Electronic Check,1
    CUST-12895,8,32.47,0.21,4,70,Month-to-Month,Bank Transfer,1
    CUST-12896,55,72.26,0.4,1,5,Month-to-Month,Credit Card,0
    CUST-12897,27,144.45,0.86,2,85,One-Year,Credit Card,1
    CUST-12898,53,149.42,0.19,0,27,Month-to-Month,Electronic Check,0
    CUST-12899,39,114.96,0.16,2,44,One-Year,Bank Transfer,0
    CUST-12900,65,49.58,0.22,3,38,Two-Year,Electronic Check,0
    CUST-12901,17,33.25,0.5,1,72,One-Year,Bank Transfer,1
    CUST-12902,30,73.92,0.84,2,86,Two-Year,Bank Transfer,1
    CUST-12903,53,131.35,0.52,3,87,One-Year,Credit Card,1
    CUST-12904,13,113.84,0.22,0,89,Month-to-Month,Bank Transfer,1
    CUST-12905,21,134.91,0.4,0,71,Two-Year,Credit Card,1
    CUST-12906,19,100.05,0.35,3,78,Month-to-Month,Bank Transfer,1
    CUST-12907,53,36.94,0.04,1,41,Two-Year,Electronic Check,0
    CUST-12908,19,34.92,0.46,2,58,Month-to-Month,Bank Transfer,1
    CUST-12909,57,26.24,0.11,2,29,Two-Year,Credit Card,0
    CUST-12910,25,93.72,0.76,1,81,Month-to-Month,Credit Card,1
    CUST-12911,31,51.58,0.49,2,51,Month-to-Month,Credit Card,1
    CUST-12912,55,115.47,0.76,1,70,Month-to-Month,Credit Card,1
    CUST-12913,23,109.21,0.86,3,96,Month-to-Month,Credit Card,1
    CUST-12914,32,61.35,0.85,5,63,One-Year,Credit Card,1
    CUST-12915,62,42.98,0.09,1,19,Month-to-Month,Electronic Check,0
    CUST-12916,10,33.31,0.85,3,27,One-Year,Bank Transfer,1
    CUST-12917,54,115.85,0.72,0,94,One-Year,Electronic Check,1
    CUST-12918,52,78.56,0.7,1,114,One-Year,Electronic Check,1
    CUST-12919,20,62.06,0.08,2,53,Two-Year,Electronic Check,0
    CUST-12920,32,131.36,0.16,2,97,Month-to-Month,Bank Transfer,1
    CUST-12921,14,97.17,0.88,0,101,Month-to-Month,Electronic Check,1
    CUST-12922,50,87.34,0.19,2,45,Month-to-Month,Credit Card,1
    CUST-12923,28,116.64,0.15,0,11,Month-to-Month,Bank Transfer,0
    CUST-12924,53,126.03,0.33,2,105,Month-to-Month,Electronic Check,1
    CUST-12925,24,109.19,0.82,3,10,Two-Year,Electronic Check,1
    CUST-12926,22,77.2,0.43,3,93,Month-to-Month,Bank Transfer,1
    CUST-12927,30,69.31,0.83,2,86,Month-to-Month,Bank Transfer,1
    CUST-12928,63,120.32,0.3,5,20,Two-Year,Credit Card,0
    CUST-12929,4,87.33,0.2,2,19,Two-Year,Credit Card,1
    CUST-12930,59,111.57,0.45,3,88,Two-Year,Bank Transfer,0
    CUST-12931,8,135.75,0.55,0,92,Two-Year,Credit Card,1
    CUST-12932,12,139.07,0.35,1,2,Month-to-Month,Credit Card,1
    CUST-12933,31,56.1,0.31,1,40,Month-to-Month,Electronic Check,1
    CUST-12934,34,44.43,0.2,1,119,One-Year,Credit Card,1
    CUST-12935,49,53.97,0.25,2,18,Month-to-Month,Electronic Check,0
    CUST-12936,57,117.68,0.61,1,82,Month-to-Month,Credit Card,1
    CUST-12937,26,68.11,0.33,5,2,Two-Year,Electronic Check,1
    CUST-12938,18,42.54,0.07,0,47,Month-to-Month,Credit Card,0
    CUST-12939,38,32.79,0.12,0,49,Month-to-Month,Credit Card,1
    CUST-12940,50,62.55,0.34,2,119,One-Year,Credit Card,1
    CUST-12941,8,37.7,0.83,2,23,Month-to-Month,Electronic Check,1
    CUST-12942,41,40.33,0.34,0,47,Month-to-Month,Bank Transfer,1
    CUST-12943,6,108.9,0.05,3,116,Two-Year,Credit Card,1
    CUST-12944,69,22.57,0.38,2,79,Two-Year,Credit Card,0
    CUST-12945,44,35.28,0.6,0,89,Month-to-Month,Bank Transfer,1
    CUST-12946,64,129.77,0.53,3,45,Month-to-Month,Electronic Check,1
    CUST-12947,29,129.84,0.25,5,82,One-Year,Credit Card,1
    CUST-12948,28,62.8,0.62,1,21,One-Year,Electronic Check,1
    CUST-12949,11,31.43,0.57,2,47,One-Year,Credit Card,1
    CUST-12950,65,111.65,0.15,0,32,One-Year,Electronic Check,0
    CUST-12951,19,66.82,0.15,1,114,One-Year,Electronic Check,1
    CUST-12952,9,25.91,0.49,3,19,Two-Year,Bank Transfer,1
    CUST-12953,27,40.52,0.59,0,18,One-Year,Electronic Check,0
    CUST-12954,34,37.84,0.87,3,24,Month-to-Month,Credit Card,1
    CUST-12955,44,96.59,0.38,2,47,Two-Year,Bank Transfer,0
    CUST-12956,68,136.76,0.69,3,106,Month-to-Month,Bank Transfer,1
    CUST-12957,15,123.1,0.1,2,30,Two-Year,Electronic Check,0
    CUST-12958,51,91.05,0.8,3,93,Two-Year,Electronic Check,1
    CUST-12959,13,74.88,0.57,1,118,Month-to-Month,Credit Card,1
    CUST-12960,49,100.43,0.57,1,85,One-Year,Bank Transfer,1
    CUST-12961,70,77.7,0.13,0,21,Month-to-Month,Bank Transfer,0
    CUST-12962,56,51.99,0.04,2,48,Two-Year,Bank Transfer,0
    CUST-12963,51,108.3,0.63,0,105,Month-to-Month,Electronic Check,1
    CUST-12964,37,133.52,0.11,2,66,Month-to-Month,Credit Card,1
    CUST-12965,17,68.47,0.11,3,45,Month-to-Month,Credit Card,1
    CUST-12966,58,129.4,0.17,4,1,Month-to-Month,Bank Transfer,1
    CUST-12967,29,76.04,0.09,1,22,One-Year,Electronic Check,0
    CUST-12968,33,72.17,0.56,0,56,Month-to-Month,Credit Card,1
    CUST-12969,60,23.68,0.38,2,40,Month-to-Month,Credit Card,1
    CUST-12970,55,110.39,0.24,2,38,Month-to-Month,Electronic Check,1
    CUST-12971,10,124.98,0.4,3,19,Two-Year,Credit Card,1
    CUST-12972,47,106.26,0.76,4,19,Month-to-Month,Bank Transfer,1
    CUST-12973,23,39.68,0.83,3,66,Month-to-Month,Electronic Check,1
    CUST-12974,21,33.43,0.44,4,93,Month-to-Month,Bank Transfer,1
    CUST-12975,13,94.47,0.51,3,114,One-Year,Bank Transfer,1
    CUST-12976,33,72.2,0.23,0,114,Two-Year,Electronic Check,1
    CUST-12977,24,75.78,0.46,2,87,One-Year,Credit Card,1
    CUST-12978,11,145.81,0.67,1,47,Month-to-Month,Bank Transfer,1
    CUST-12979,17,114.11,0.44,1,58,One-Year,Credit Card,1
    CUST-12980,68,73.53,0.27,0,57,Month-to-Month,Credit Card,1
    CUST-12981,47,22.48,0.52,2,48,Month-to-Month,Credit Card,1
    CUST-12982,25,24.43,0.85,2,91,Month-to-Month,Credit Card,1
    CUST-12983,21,109.02,0.8,0,45,Month-to-Month,Credit Card,1
    CUST-12984,12,128.91,0.69,0,87,Month-to-Month,Electronic Check,1
    CUST-12985,37,112.0,0.25,1,92,One-Year,Credit Card,0
    CUST-12986,42,72.77,0.22,2,28,Two-Year,Credit Card,0
    CUST-12987,17,24.05,0.75,5,60,Month-to-Month,Bank Transfer,1
    CUST-12988,48,145.76,0.16,5,5,Month-to-Month,Electronic Check,1
    CUST-12989,28,148.22,0.55,2,18,Month-to-Month,Credit Card,1
    CUST-12990,41,91.42,0.4,2,94,Month-to-Month,Credit Card,1
    CUST-12991,47,29.19,0.42,4,88,Two-Year,Bank Transfer,1
    CUST-12992,18,90.33,0.41,1,37,Two-Year,Electronic Check,1
    CUST-12993,71,136.0,0.81,2,80,Month-to-Month,Electronic Check,1
    CUST-12994,13,108.4,0.08,1,93,Month-to-Month,Bank Transfer,1
    CUST-12995,13,113.6,0.7,5,94,One-Year,Electronic Check,1
    CUST-12996,31,31.05,0.75,3,25,Month-to-Month,Electronic Check,1
    CUST-12997,2,33.85,0.85,3,38,One-Year,Credit Card,1
    CUST-12998,16,36.56,0.41,3,103,Two-Year,Bank Transfer,1
    CUST-12999,9,137.57,0.45,1,1,Two-Year,Bank Transfer,0
    CUST-13000,38,88.36,0.87,1,40,One-Year,Electronic Check,1
    CUST-13001,54,122.9,0.41,1,103,Month-to-Month,Credit Card,1
    CUST-13002,56,34.99,0.45,1,55,Month-to-Month,Electronic Check,1
    CUST-13003,45,140.59,0.3,4,103,Two-Year,Credit Card,1
    CUST-13004,34,126.75,0.03,1,95,Month-to-Month,Electronic Check,1
    CUST-13005,9,49.22,0.39,0,39,Month-to-Month,Electronic Check,1
    CUST-13006,8,133.64,0.59,1,95,Month-to-Month,Bank Transfer,1
    CUST-13007,7,54.25,0.62,0,97,Month-to-Month,Electronic Check,1
    CUST-13008,36,46.69,0.01,4,76,Month-to-Month,Electronic Check,1
    CUST-13009,18,54.35,0.72,2,25,Month-to-Month,Bank Transfer,1
    CUST-13010,3,138.29,0.44,2,119,Two-Year,Credit Card,1
    CUST-13011,28,139.03,0.47,0,23,Month-to-Month,Electronic Check,1
    CUST-13012,70,62.77,0.87,3,43,One-Year,Electronic Check,1
    CUST-13013,44,111.71,0.26,1,48,Two-Year,Bank Transfer,0
    CUST-13014,21,107.85,0.69,4,92,Two-Year,Credit Card,1
    CUST-13015,28,124.85,0.52,1,97,One-Year,Electronic Check,1
    CUST-13016,54,58.55,0.63,4,38,Month-to-Month,Electronic Check,1
    CUST-13017,54,86.32,0.38,1,90,Month-to-Month,Bank Transfer,1
    CUST-13018,65,106.8,0.25,2,24,One-Year,Credit Card,0
    CUST-13019,21,23.41,0.49,1,5,Two-Year,Electronic Check,0
    CUST-13020,13,68.98,0.34,3,108,Month-to-Month,Bank Transfer,1
    CUST-13021,57,110.47,0.2,3,60,One-Year,Bank Transfer,1
    CUST-13022,49,52.84,0.76,1,17,Month-to-Month,Bank Transfer,1
    CUST-13023,54,144.5,0.43,1,109,Month-to-Month,Credit Card,1
    CUST-13024,10,23.92,0.76,0,37,One-Year,Bank Transfer,1
    CUST-13025,53,144.55,0.43,3,15,Month-to-Month,Electronic Check,1
    CUST-13026,44,48.18,0.5,1,66,One-Year,Electronic Check,1
    CUST-13027,47,26.35,0.9,4,98,Month-to-Month,Credit Card,1
    CUST-13028,53,58.02,0.86,1,20,Month-to-Month,Electronic Check,1
    CUST-13029,46,122.22,0.24,4,30,Month-to-Month,Credit Card,1
    CUST-13030,13,117.82,0.78,1,16,Month-to-Month,Electronic Check,1
    CUST-13031,37,47.15,0.35,5,44,One-Year,Bank Transfer,1
    CUST-13032,24,45.58,0.06,3,59,Month-to-Month,Electronic Check,1
    CUST-13033,2,103.54,0.52,2,4,Two-Year,Bank Transfer,1
    CUST-13034,14,79.55,0.88,1,31,Month-to-Month,Credit Card,1
    CUST-13035,10,123.0,0.88,1,26,One-Year,Bank Transfer,1
    CUST-13036,35,23.14,0.11,0,119,Month-to-Month,Bank Transfer,1
    CUST-13037,25,99.35,0.69,3,41,Month-to-Month,Electronic Check,1
    CUST-13038,3,114.99,0.72,4,76,Month-to-Month,Credit Card,1
    CUST-13039,17,149.14,0.33,3,2,Month-to-Month,Electronic Check,1
    CUST-13040,12,108.24,0.59,1,8,Month-to-Month,Credit Card,1
    CUST-13041,54,50.14,0.44,0,78,Month-to-Month,Bank Transfer,1
    CUST-13042,24,34.06,0.21,0,24,Two-Year,Credit Card,0
    CUST-13043,29,103.32,0.69,1,107,Two-Year,Credit Card,1
    CUST-13044,43,88.01,0.24,4,40,Month-to-Month,Credit Card,1
    CUST-13045,25,136.89,0.31,4,105,One-Year,Electronic Check,1
    CUST-13046,60,114.46,0.17,0,25,Month-to-Month,Bank Transfer,0
    CUST-13047,65,86.27,0.65,4,62,Two-Year,Bank Transfer,1
    CUST-13048,28,72.47,0.41,1,58,One-Year,Electronic Check,1
    CUST-13049,16,72.57,0.4,1,71,Month-to-Month,Credit Card,1
    CUST-13050,47,49.42,0.54,1,32,One-Year,Bank Transfer,0
    CUST-13051,58,22.25,0.14,3,117,Month-to-Month,Bank Transfer,1
    CUST-13052,27,94.74,0.81,0,87,One-Year,Bank Transfer,1
    CUST-13053,53,47.61,0.42,2,46,Month-to-Month,Credit Card,1
    CUST-13054,42,47.08,0.33,1,103,One-Year,Electronic Check,1
    CUST-13055,59,36.3,0.11,2,26,Month-to-Month,Electronic Check,0
    CUST-13056,47,44.65,0.15,4,42,Month-to-Month,Bank Transfer,1
    CUST-13057,34,24.13,0.83,2,7,One-Year,Credit Card,1
    CUST-13058,37,107.65,0.41,3,56,One-Year,Bank Transfer,1
    CUST-13059,6,72.18,0.65,3,47,Month-to-Month,Electronic Check,1
    CUST-13060,7,93.0,0.07,4,50,Month-to-Month,Credit Card,1
    CUST-13061,25,102.8,0.58,2,45,Month-to-Month,Electronic Check,1
    CUST-13062,33,146.42,0.83,1,68,Month-to-Month,Bank Transfer,1
    CUST-13063,55,28.87,0.27,0,44,Month-to-Month,Electronic Check,1
    CUST-13064,58,74.33,0.52,0,25,One-Year,Credit Card,0
    CUST-13065,7,51.97,0.85,2,52,Month-to-Month,Credit Card,1
    CUST-13066,57,81.97,0.65,1,18,Month-to-Month,Credit Card,1
    CUST-13067,12,139.66,0.06,1,7,Two-Year,Electronic Check,0
    CUST-13068,16,114.12,0.34,1,22,One-Year,Credit Card,0
    CUST-13069,43,106.05,0.08,2,4,One-Year,Electronic Check,0
    CUST-13070,7,77.36,0.78,0,29,Month-to-Month,Credit Card,1
    CUST-13071,51,107.24,0.56,3,88,One-Year,Electronic Check,1
    CUST-13072,32,24.21,0.86,2,118,Month-to-Month,Electronic Check,1
    CUST-13073,8,96.21,0.02,0,40,Month-to-Month,Electronic Check,0
    CUST-13074,45,91.99,0.38,2,52,Month-to-Month,Credit Card,1
    CUST-13075,59,65.06,0.09,2,114,Month-to-Month,Electronic Check,1
    CUST-13076,4,46.2,0.32,3,60,Month-to-Month,Credit Card,1
    CUST-13077,67,124.98,0.15,0,102,Month-to-Month,Bank Transfer,1
    CUST-13078,29,27.0,0.3,2,41,One-Year,Credit Card,0
    CUST-13079,29,29.06,0.74,5,76,Month-to-Month,Bank Transfer,1
    CUST-13080,28,77.27,0.14,3,73,Month-to-Month,Credit Card,1
    CUST-13081,44,52.83,0.43,1,15,One-Year,Bank Transfer,0
    CUST-13082,4,116.91,0.83,4,77,Month-to-Month,Electronic Check,1
    CUST-13083,9,102.44,0.9,5,57,One-Year,Bank Transfer,1
    CUST-13084,5,120.43,0.23,3,94,Month-to-Month,Bank Transfer,1
    CUST-13085,56,62.21,0.84,3,99,Month-to-Month,Electronic Check,1
    CUST-13086,50,116.27,0.24,2,35,One-Year,Bank Transfer,0
    CUST-13087,15,132.1,0.37,1,90,Two-Year,Credit Card,1
    CUST-13088,32,64.89,0.79,3,19,One-Year,Credit Card,1
    CUST-13089,28,64.19,0.71,2,21,Month-to-Month,Bank Transfer,1
    CUST-13090,22,136.99,0.77,3,85,One-Year,Bank Transfer,1
    CUST-13091,17,26.47,0.72,3,13,Month-to-Month,Credit Card,1
    CUST-13092,59,65.52,0.21,0,21,Two-Year,Credit Card,0
    CUST-13093,71,35.43,0.5,1,88,One-Year,Bank Transfer,0
    CUST-13094,57,23.77,0.35,5,26,Two-Year,Electronic Check,0
    CUST-13095,26,34.67,0.41,3,108,Month-to-Month,Electronic Check,1
    CUST-13096,25,76.06,0.14,2,56,Month-to-Month,Credit Card,1
    CUST-13097,10,109.3,0.28,1,31,Month-to-Month,Electronic Check,1
    CUST-13098,45,57.61,0.77,1,30,One-Year,Bank Transfer,1
    CUST-13099,11,130.46,0.81,3,24,One-Year,Credit Card,1
    CUST-13100,53,76.89,0.55,2,96,Month-to-Month,Electronic Check,1
    CUST-13101,68,145.87,0.45,3,30,Month-to-Month,Electronic Check,1
    CUST-13102,28,144.04,0.64,1,26,One-Year,Electronic Check,1
    CUST-13103,65,120.53,0.55,4,102,One-Year,Credit Card,1
    CUST-13104,49,141.21,0.89,1,82,Month-to-Month,Bank Transfer,1
    CUST-13105,47,111.92,0.17,2,105,Two-Year,Bank Transfer,1
    CUST-13106,52,136.43,0.4,1,54,Month-to-Month,Credit Card,1
    CUST-13107,54,50.74,0.83,1,113,Two-Year,Electronic Check,1
    CUST-13108,60,64.9,0.82,4,76,Month-to-Month,Bank Transfer,1
    CUST-13109,57,117.88,0.45,1,21,Month-to-Month,Electronic Check,1
    CUST-13110,47,75.19,0.12,3,23,Month-to-Month,Bank Transfer,1
    CUST-13111,31,128.85,0.73,2,28,One-Year,Bank Transfer,1
    CUST-13112,46,134.09,0.53,1,81,Month-to-Month,Bank Transfer,1
    CUST-13113,26,58.96,0.7,1,79,Month-to-Month,Electronic Check,1
    CUST-13114,5,127.05,0.42,1,23,Two-Year,Electronic Check,1
    CUST-13115,52,40.05,0.18,1,59,Two-Year,Electronic Check,0
    CUST-13116,54,63.45,0.02,0,53,Month-to-Month,Electronic Check,0
    CUST-13117,33,87.34,0.5,2,53,One-Year,Electronic Check,1
    CUST-13118,50,49.44,0.14,2,34,Month-to-Month,Credit Card,1
    CUST-13119,38,95.3,0.17,2,92,One-Year,Bank Transfer,0
    CUST-13120,27,95.23,0.39,4,68,Month-to-Month,Bank Transfer,1
    CUST-13121,15,46.9,0.4,1,105,Month-to-Month,Credit Card,1
    CUST-13122,61,123.43,0.25,3,12,One-Year,Bank Transfer,0
    CUST-13123,21,102.11,0.12,1,2,Month-to-Month,Credit Card,1
    CUST-13124,46,61.31,0.85,1,25,Month-to-Month,Credit Card,1
    CUST-13125,69,50.18,0.12,4,88,Two-Year,Credit Card,0
    CUST-13126,6,134.24,0.32,5,95,One-Year,Bank Transfer,1
    CUST-13127,38,128.65,0.27,4,68,Month-to-Month,Credit Card,1
    CUST-13128,62,49.87,0.78,3,44,Month-to-Month,Bank Transfer,1
    CUST-13129,62,24.63,0.37,0,34,One-Year,Electronic Check,0
    CUST-13130,46,124.59,0.11,4,6,Two-Year,Electronic Check,0
    CUST-13131,13,100.02,0.01,1,95,Two-Year,Credit Card,1
    CUST-13132,3,33.11,0.65,4,39,One-Year,Credit Card,1
    CUST-13133,6,96.36,0.64,5,50,Month-to-Month,Electronic Check,1
    CUST-13134,8,78.78,0.38,1,24,One-Year,Electronic Check,1
    CUST-13135,44,120.69,0.11,2,89,Month-to-Month,Electronic Check,1
    CUST-13136,33,47.18,0.33,0,5,Two-Year,Credit Card,0
    CUST-13137,50,78.91,0.53,2,54,Month-to-Month,Electronic Check,1
    CUST-13138,11,40.31,0.63,2,54,One-Year,Credit Card,1
    CUST-13139,28,144.48,0.07,2,10,One-Year,Credit Card,0
    CUST-13140,70,121.24,0.5,1,82,Month-to-Month,Credit Card,1
    CUST-13141,41,115.77,0.25,3,93,Month-to-Month,Bank Transfer,1
    CUST-13142,16,109.73,0.56,0,75,One-Year,Credit Card,1
    CUST-13143,68,75.03,0.58,2,113,Month-to-Month,Electronic Check,1
    CUST-13144,48,140.03,0.82,2,94,Month-to-Month,Electronic Check,1
    CUST-13145,56,29.48,0.37,2,107,Month-to-Month,Credit Card,1
    CUST-13146,64,124.42,0.48,1,69,Two-Year,Bank Transfer,0
    CUST-13147,59,47.98,0.24,4,6,Month-to-Month,Bank Transfer,1
    CUST-13148,62,62.12,0.26,2,78,One-Year,Credit Card,0
    CUST-13149,11,87.53,0.04,2,16,Month-to-Month,Bank Transfer,1
    CUST-13150,18,121.75,0.26,0,60,One-Year,Credit Card,0
    CUST-13151,19,129.01,0.06,1,14,Two-Year,Electronic Check,0
    CUST-13152,55,95.89,0.87,2,33,Month-to-Month,Bank Transfer,1
    CUST-13153,26,72.39,0.56,1,101,Two-Year,Credit Card,1
    CUST-13154,6,143.05,0.16,3,69,Two-Year,Bank Transfer,1
    CUST-13155,4,52.05,0.11,0,40,One-Year,Bank Transfer,0
    CUST-13156,29,124.4,0.33,0,78,One-Year,Bank Transfer,0
    CUST-13157,59,99.57,0.28,2,40,Two-Year,Electronic Check,0
    CUST-13158,17,69.0,0.25,1,9,Two-Year,Electronic Check,0
    CUST-13159,43,20.18,0.42,1,91,Month-to-Month,Bank Transfer,1
    CUST-13160,66,78.06,0.82,2,116,Two-Year,Electronic Check,1
    CUST-13161,34,55.97,0.51,1,67,Month-to-Month,Electronic Check,1
    CUST-13162,8,33.57,0.47,3,74,Two-Year,Bank Transfer,1
    CUST-13163,13,29.77,0.73,4,48,Month-to-Month,Bank Transfer,1
    CUST-13164,8,65.18,0.0,2,75,One-Year,Bank Transfer,0
    CUST-13165,65,99.92,0.18,2,98,One-Year,Credit Card,0
    CUST-13166,43,128.88,0.45,3,65,Month-to-Month,Electronic Check,1
    CUST-13167,39,43.86,0.63,0,10,One-Year,Credit Card,0
    CUST-13168,59,75.2,0.44,2,117,Two-Year,Credit Card,1
    CUST-13169,44,70.95,0.15,1,6,Month-to-Month,Credit Card,0
    CUST-13170,9,86.74,0.84,2,72,Month-to-Month,Electronic Check,1
    CUST-13171,37,125.25,0.3,1,62,One-Year,Bank Transfer,0
    CUST-13172,36,91.97,0.71,3,31,One-Year,Electronic Check,1
    CUST-13173,28,130.07,0.8,3,6,Month-to-Month,Bank Transfer,1
    CUST-13174,42,87.41,0.31,3,95,One-Year,Credit Card,1
    CUST-13175,43,98.5,0.76,1,34,Two-Year,Credit Card,1
    CUST-13176,42,76.86,0.64,5,104,Month-to-Month,Credit Card,1
    CUST-13177,66,127.0,0.81,4,117,One-Year,Credit Card,1
    CUST-13178,55,140.1,0.23,1,93,One-Year,Credit Card,0
    CUST-13179,48,103.09,0.84,3,67,Month-to-Month,Bank Transfer,1
    CUST-13180,22,126.7,0.06,2,62,Two-Year,Credit Card,0
    CUST-13181,27,27.67,0.71,4,86,Month-to-Month,Credit Card,1
    CUST-13182,67,137.79,0.39,1,12,One-Year,Bank Transfer,0
    CUST-13183,13,44.56,0.16,2,38,Month-to-Month,Electronic Check,1
    CUST-13184,45,53.35,0.07,0,83,Month-to-Month,Credit Card,0
    CUST-13185,10,26.93,0.35,0,7,Month-to-Month,Bank Transfer,1
    CUST-13186,9,145.5,0.35,1,64,Month-to-Month,Credit Card,1
    CUST-13187,54,130.76,0.21,0,87,Two-Year,Bank Transfer,0
    CUST-13188,27,138.71,0.19,2,119,Month-to-Month,Electronic Check,1
    CUST-13189,34,130.14,0.36,3,119,One-Year,Credit Card,1
    CUST-13190,1,82.34,0.37,1,77,Two-Year,Credit Card,1
    CUST-13191,32,140.13,0.4,5,4,Month-to-Month,Electronic Check,1
    CUST-13192,71,146.03,0.78,4,21,Two-Year,Electronic Check,1
    CUST-13193,67,85.33,0.55,0,78,Month-to-Month,Electronic Check,1
    CUST-13194,20,42.83,0.02,5,36,Month-to-Month,Bank Transfer,1
    CUST-13195,35,105.62,0.47,1,114,One-Year,Credit Card,1
    CUST-13196,17,146.81,0.69,0,7,Two-Year,Bank Transfer,0
    CUST-13197,18,133.38,0.05,4,77,Month-to-Month,Electronic Check,1
    CUST-13198,45,132.04,0.38,1,35,One-Year,Credit Card,0
    CUST-13199,53,141.4,0.41,3,49,Month-to-Month,Electronic Check,1
    CUST-13200,68,136.21,0.86,3,97,One-Year,Electronic Check,1
    CUST-13201,65,120.92,0.43,0,11,One-Year,Bank Transfer,0
    CUST-13202,1,113.38,0.67,2,115,One-Year,Bank Transfer,1
    CUST-13203,58,54.42,0.27,2,103,Two-Year,Credit Card,1
    CUST-13204,26,100.77,0.7,0,89,Two-Year,Bank Transfer,1
    CUST-13205,20,87.79,0.29,2,110,Month-to-Month,Credit Card,1
    CUST-13206,10,132.05,0.39,3,103,Month-to-Month,Electronic Check,1
    CUST-13207,59,83.92,0.43,4,24,One-Year,Credit Card,0
    CUST-13208,41,36.61,0.83,0,22,Two-Year,Electronic Check,0
    CUST-13209,5,20.65,0.05,1,43,Month-to-Month,Bank Transfer,1
    CUST-13210,65,108.12,0.18,2,51,Month-to-Month,Electronic Check,0
    CUST-13211,17,91.49,0.64,3,112,Two-Year,Bank Transfer,1
    CUST-13212,22,63.03,0.52,3,49,Month-to-Month,Credit Card,1
    CUST-13213,41,41.97,0.23,1,110,Month-to-Month,Credit Card,1
    CUST-13214,68,80.67,0.26,2,22,Month-to-Month,Credit Card,0
    CUST-13215,69,33.04,0.33,1,79,Month-to-Month,Electronic Check,1
    CUST-13216,11,63.69,0.41,4,18,Month-to-Month,Bank Transfer,1
    CUST-13217,56,69.3,0.74,2,44,One-Year,Credit Card,1
    CUST-13218,51,80.53,0.01,2,109,Month-to-Month,Electronic Check,1
    CUST-13219,21,80.66,0.81,3,32,One-Year,Electronic Check,1
    CUST-13220,26,53.41,0.37,1,58,Month-to-Month,Electronic Check,1
    CUST-13221,19,130.53,0.21,5,56,Month-to-Month,Credit Card,1
    CUST-13222,60,66.22,0.46,2,100,One-Year,Electronic Check,1
    CUST-13223,71,49.85,0.59,3,74,Month-to-Month,Bank Transfer,1
    CUST-13224,47,42.86,0.04,1,9,One-Year,Bank Transfer,0
    CUST-13225,71,61.94,0.64,2,63,Two-Year,Credit Card,1
    CUST-13226,26,28.78,0.68,2,108,Month-to-Month,Electronic Check,1
    CUST-13227,40,24.28,0.15,1,89,Month-to-Month,Credit Card,1
    CUST-13228,5,98.67,0.15,1,4,Month-to-Month,Electronic Check,1
    CUST-13229,21,100.49,0.18,1,38,Month-to-Month,Credit Card,1
    CUST-13230,4,88.85,0.72,1,110,One-Year,Credit Card,1
    CUST-13231,23,119.1,0.24,3,100,Month-to-Month,Bank Transfer,1
    CUST-13232,15,25.09,0.72,2,42,Month-to-Month,Electronic Check,1
    CUST-13233,8,141.68,0.49,3,101,Month-to-Month,Bank Transfer,1
    CUST-13234,41,32.36,0.69,3,103,One-Year,Bank Transfer,1
    CUST-13235,19,107.62,0.5,5,7,One-Year,Electronic Check,1
    CUST-13236,46,37.34,0.3,4,42,Month-to-Month,Credit Card,1
    CUST-13237,28,134.39,0.82,1,118,Month-to-Month,Electronic Check,1
    CUST-13238,68,86.39,0.64,2,60,One-Year,Electronic Check,1
    CUST-13239,15,30.7,0.44,2,90,Month-to-Month,Bank Transfer,1
    CUST-13240,37,100.17,0.57,3,20,One-Year,Bank Transfer,1
    CUST-13241,1,21.18,0.55,3,63,Two-Year,Electronic Check,1
    CUST-13242,67,120.88,0.32,3,109,One-Year,Electronic Check,0
    CUST-13243,24,104.58,0.38,0,111,Month-to-Month,Credit Card,1
    CUST-13244,27,47.64,0.29,1,21,Month-to-Month,Bank Transfer,1
    CUST-13245,40,68.72,0.9,2,5,Month-to-Month,Bank Transfer,1
    CUST-13246,63,21.01,0.52,4,30,Month-to-Month,Bank Transfer,1
    CUST-13247,61,110.18,0.08,1,63,One-Year,Electronic Check,0
    CUST-13248,36,61.95,0.47,4,112,One-Year,Electronic Check,1
    CUST-13249,24,94.31,0.04,4,59,Two-Year,Credit Card,1
    CUST-13250,24,144.37,0.26,3,38,Month-to-Month,Bank Transfer,1
    CUST-13251,4,58.93,0.4,2,36,One-Year,Bank Transfer,1
    CUST-13252,67,148.73,0.48,2,38,Month-to-Month,Credit Card,1
    CUST-13253,34,102.25,0.88,2,23,Month-to-Month,Credit Card,1
    CUST-13254,57,51.47,0.88,3,23,Month-to-Month,Credit Card,1
    CUST-13255,49,76.78,0.09,2,58,Month-to-Month,Bank Transfer,0
    CUST-13256,53,116.26,0.48,4,48,Month-to-Month,Bank Transfer,1
    CUST-13257,23,78.04,0.74,4,115,Month-to-Month,Bank Transfer,1
    CUST-13258,69,28.91,0.21,3,6,One-Year,Bank Transfer,0
    CUST-13259,53,41.92,0.68,2,107,Month-to-Month,Credit Card,1
    CUST-13260,62,122.87,0.79,2,46,Month-to-Month,Credit Card,1
    CUST-13261,41,104.29,0.6,1,87,One-Year,Credit Card,1
    CUST-13262,57,94.08,0.29,2,15,One-Year,Bank Transfer,0
    CUST-13263,60,41.79,0.83,1,1,Month-to-Month,Credit Card,1
    CUST-13264,54,128.91,0.8,3,100,Two-Year,Bank Transfer,1
    CUST-13265,70,144.9,0.64,3,103,One-Year,Credit Card,1
    CUST-13266,57,25.32,0.33,1,92,Month-to-Month,Credit Card,1
    CUST-13267,10,30.14,0.71,2,74,Month-to-Month,Electronic Check,1
    CUST-13268,40,135.01,0.28,2,33,One-Year,Bank Transfer,0
    CUST-13269,7,126.02,0.23,3,110,One-Year,Bank Transfer,1
    CUST-13270,38,100.33,0.46,7,24,Two-Year,Electronic Check,1
    CUST-13271,61,142.85,0.9,0,70,Month-to-Month,Electronic Check,1
    CUST-13272,3,104.04,0.72,5,14,Month-to-Month,Bank Transfer,1
    CUST-13273,51,48.08,0.66,3,118,One-Year,Electronic Check,1
    CUST-13274,47,114.72,0.41,0,96,One-Year,Bank Transfer,1
    CUST-13275,68,103.94,0.28,1,83,Month-to-Month,Electronic Check,1
    CUST-13276,38,148.15,0.77,1,70,Month-to-Month,Bank Transfer,1
    CUST-13277,36,47.81,0.51,1,84,Month-to-Month,Electronic Check,1
    CUST-13278,41,97.73,0.73,3,89,Two-Year,Bank Transfer,1
    CUST-13279,69,121.42,0.44,1,84,Month-to-Month,Credit Card,1
    CUST-13280,13,64.07,0.68,1,38,Month-to-Month,Electronic Check,1
    CUST-13281,58,69.36,0.78,2,11,Month-to-Month,Credit Card,1
    CUST-13282,50,135.43,0.35,4,63,Two-Year,Electronic Check,0
    CUST-13283,30,72.55,0.01,2,32,One-Year,Electronic Check,0
    CUST-13284,62,101.22,0.23,2,29,Month-to-Month,Bank Transfer,0
    CUST-13285,25,135.6,0.82,1,30,Two-Year,Bank Transfer,1
    CUST-13286,27,47.28,0.62,4,29,Two-Year,Bank Transfer,1
    CUST-13287,51,147.64,0.66,3,86,Month-to-Month,Bank Transfer,1
    CUST-13288,57,111.25,0.29,1,11,Month-to-Month,Electronic Check,0
    CUST-13289,47,84.5,0.63,2,49,Two-Year,Bank Transfer,1
    CUST-13290,39,76.02,0.58,0,84,Month-to-Month,Electronic Check,1
    CUST-13291,16,144.07,0.16,1,105,Month-to-Month,Bank Transfer,1
    CUST-13292,22,46.74,0.87,0,78,Month-to-Month,Electronic Check,1
    CUST-13293,54,60.52,0.32,4,91,Month-to-Month,Credit Card,1
    CUST-13294,21,60.01,0.3,0,64,One-Year,Bank Transfer,0
    CUST-13295,16,57.57,0.33,3,38,Month-to-Month,Bank Transfer,1
    CUST-13296,59,80.91,0.08,3,60,Month-to-Month,Bank Transfer,1
    CUST-13297,31,148.59,0.56,4,68,Month-to-Month,Bank Transfer,1
    CUST-13298,42,135.54,0.21,1,7,Month-to-Month,Bank Transfer,0
    CUST-13299,32,62.63,0.72,0,94,Month-to-Month,Credit Card,1
    CUST-13300,59,74.97,0.35,3,74,Two-Year,Electronic Check,1
    CUST-13301,34,107.03,0.41,1,7,Month-to-Month,Electronic Check,0
    CUST-13302,9,22.23,0.58,2,5,One-Year,Bank Transfer,1
    CUST-13303,11,126.62,0.69,2,68,Month-to-Month,Credit Card,1
    CUST-13304,10,134.37,0.21,3,47,One-Year,Bank Transfer,1
    CUST-13305,17,131.44,0.87,1,36,Month-to-Month,Bank Transfer,1
    CUST-13306,68,68.76,0.56,1,15,Month-to-Month,Bank Transfer,1
    CUST-13307,48,80.06,0.01,4,39,Two-Year,Bank Transfer,0
    CUST-13308,52,21.61,0.37,1,38,Month-to-Month,Electronic Check,1
    CUST-13309,25,71.92,0.39,1,36,One-Year,Bank Transfer,1
    CUST-13310,21,79.86,0.73,2,115,Two-Year,Bank Transfer,1
    CUST-13311,65,137.91,0.27,5,2,One-Year,Bank Transfer,0
    CUST-13312,63,136.22,0.3,1,15,Two-Year,Bank Transfer,0
    CUST-13313,51,145.59,0.06,3,84,Month-to-Month,Credit Card,1
    CUST-13314,36,135.06,0.26,5,55,Two-Year,Credit Card,1
    CUST-13315,66,21.07,0.65,1,98,One-Year,Electronic Check,1
    CUST-13316,15,103.39,0.57,1,77,Month-to-Month,Credit Card,1
    CUST-13317,39,28.87,0.07,2,60,Month-to-Month,Credit Card,1
    CUST-13318,70,55.44,0.1,5,25,One-Year,Credit Card,0
    CUST-13319,1,95.18,0.34,1,14,Month-to-Month,Electronic Check,1
    CUST-13320,23,111.08,0.67,4,105,One-Year,Credit Card,1
    CUST-13321,39,105.1,0.75,1,112,Month-to-Month,Electronic Check,1
    CUST-13322,57,26.38,0.01,0,118,Two-Year,Electronic Check,0
    CUST-13323,34,33.47,0.3,0,9,One-Year,Credit Card,0
    CUST-13324,41,36.72,0.38,2,49,Month-to-Month,Bank Transfer,1
    CUST-13325,13,31.88,0.82,1,118,Month-to-Month,Bank Transfer,1
    CUST-13326,70,43.17,0.45,2,35,Two-Year,Bank Transfer,0
    CUST-13327,6,109.5,0.24,3,86,Month-to-Month,Credit Card,1
    CUST-13328,52,128.01,0.35,2,5,Month-to-Month,Bank Transfer,0
    CUST-13329,3,73.15,0.39,1,108,One-Year,Credit Card,1
    CUST-13330,63,110.06,0.6,5,101,Month-to-Month,Credit Card,1
    CUST-13331,49,46.0,0.04,3,78,Month-to-Month,Credit Card,1
    CUST-13332,47,146.53,0.35,0,17,One-Year,Electronic Check,0
    CUST-13333,55,65.5,0.58,1,69,Month-to-Month,Credit Card,1
    CUST-13334,64,129.96,0.25,2,77,Month-to-Month,Electronic Check,1
    CUST-13335,65,142.9,0.53,2,54,One-Year,Electronic Check,0
    CUST-13336,67,132.41,0.32,2,47,Two-Year,Credit Card,0
    CUST-13337,15,28.72,0.68,3,95,Two-Year,Electronic Check,1
    CUST-13338,32,104.54,0.05,1,49,Month-to-Month,Electronic Check,1
    CUST-13339,68,35.61,0.83,0,74,Month-to-Month,Credit Card,1
    CUST-13340,18,20.74,0.15,3,112,Two-Year,Credit Card,1
    CUST-13341,43,26.73,0.14,1,62,One-Year,Bank Transfer,0
    CUST-13342,35,139.1,0.76,1,23,One-Year,Electronic Check,1
    CUST-13343,58,138.1,0.78,1,93,Two-Year,Credit Card,1
    CUST-13344,33,49.36,0.08,3,16,One-Year,Credit Card,0
    CUST-13345,14,91.12,0.82,2,81,Two-Year,Credit Card,1
    CUST-13346,34,144.15,0.25,5,7,Two-Year,Credit Card,1
    CUST-13347,61,84.57,0.56,4,43,One-Year,Credit Card,0
    CUST-13348,4,71.17,0.06,4,78,Two-Year,Electronic Check,1
    CUST-13349,59,82.82,0.34,3,44,Month-to-Month,Electronic Check,1
    CUST-13350,29,122.73,0.41,2,9,One-Year,Credit Card,0
    CUST-13351,6,82.05,0.54,2,71,Month-to-Month,Bank Transfer,1
    CUST-13352,49,121.83,0.47,5,78,Two-Year,Bank Transfer,1
    CUST-13353,40,76.12,0.42,3,80,Month-to-Month,Electronic Check,1
    CUST-13354,65,52.76,0.86,0,60,Two-Year,Credit Card,1
    CUST-13355,69,62.44,0.17,1,10,Month-to-Month,Electronic Check,0
    CUST-13356,27,30.12,0.14,1,5,One-Year,Credit Card,0
    CUST-13357,6,84.66,0.64,2,51,Month-to-Month,Credit Card,1
    CUST-13358,13,39.25,0.07,2,7,One-Year,Bank Transfer,0
    CUST-13359,64,125.5,0.43,1,22,Month-to-Month,Credit Card,0
    CUST-13360,62,74.68,0.44,1,24,Two-Year,Credit Card,0
    CUST-13361,19,119.45,0.28,2,104,One-Year,Credit Card,1
    CUST-13362,43,144.08,0.84,2,42,One-Year,Credit Card,1
    CUST-13363,20,130.43,0.25,2,22,Month-to-Month,Electronic Check,1
    CUST-13364,68,143.69,0.26,5,119,Month-to-Month,Credit Card,1
    CUST-13365,44,93.83,0.21,4,35,Two-Year,Bank Transfer,0
    CUST-13366,23,41.49,0.13,4,110,Month-to-Month,Electronic Check,1
    CUST-13367,2,141.6,0.33,0,116,Two-Year,Bank Transfer,1
    CUST-13368,22,132.91,0.61,1,55,Month-to-Month,Credit Card,1
    CUST-13369,57,132.37,0.67,2,118,Month-to-Month,Bank Transfer,1
    CUST-13370,7,110.13,0.73,0,3,Two-Year,Electronic Check,1
    CUST-13371,56,101.24,0.18,2,111,Two-Year,Bank Transfer,1
    CUST-13372,67,21.91,0.03,2,106,Month-to-Month,Credit Card,1
    CUST-13373,16,117.25,0.88,2,71,Month-to-Month,Credit Card,1
    CUST-13374,51,31.9,0.01,2,19,Two-Year,Bank Transfer,0
    CUST-13375,12,53.77,0.86,2,42,Month-to-Month,Credit Card,1
    CUST-13376,53,91.69,0.75,0,46,Month-to-Month,Electronic Check,1
    CUST-13377,5,78.73,0.82,4,72,One-Year,Electronic Check,1
    CUST-13378,27,22.05,0.35,9,87,Month-to-Month,Electronic Check,1
    CUST-13379,12,127.12,0.18,3,20,Month-to-Month,Bank Transfer,1
    CUST-13380,17,134.24,0.55,0,33,Month-to-Month,Bank Transfer,1
    CUST-13381,6,108.64,0.67,4,6,Two-Year,Electronic Check,1
    CUST-13382,5,90.34,0.12,0,15,Two-Year,Bank Transfer,0
    CUST-13383,57,144.9,0.72,2,69,Month-to-Month,Electronic Check,1
    CUST-13384,28,35.59,0.19,1,78,Month-to-Month,Credit Card,1
    CUST-13385,69,115.93,0.44,5,73,One-Year,Bank Transfer,1
    CUST-13386,59,36.69,0.77,1,90,Month-to-Month,Electronic Check,1
    CUST-13387,33,69.64,0.17,1,96,Two-Year,Electronic Check,0
    CUST-13388,62,96.11,0.22,4,31,Month-to-Month,Electronic Check,1
    CUST-13389,50,115.82,0.06,3,6,Month-to-Month,Bank Transfer,0
    CUST-13390,19,20.48,0.13,2,1,One-Year,Credit Card,0
    CUST-13391,69,53.88,0.13,2,19,Month-to-Month,Bank Transfer,0
    CUST-13392,66,89.97,0.18,0,15,Month-to-Month,Electronic Check,0
    CUST-13393,47,89.27,0.26,3,34,Month-to-Month,Bank Transfer,1
    CUST-13394,39,102.89,0.73,0,64,Month-to-Month,Credit Card,1
    CUST-13395,68,59.5,0.82,2,83,Two-Year,Credit Card,1
    CUST-13396,33,90.27,0.37,0,49,One-Year,Bank Transfer,0
    CUST-13397,13,44.67,0.12,0,75,Month-to-Month,Credit Card,1
    CUST-13398,54,44.29,0.2,1,82,Month-to-Month,Bank Transfer,1
    CUST-13399,7,94.95,0.66,2,88,Month-to-Month,Bank Transfer,1
    CUST-13400,14,109.11,0.61,3,46,One-Year,Credit Card,1
    CUST-13401,19,35.65,0.87,1,51,One-Year,Electronic Check,1
    CUST-13402,54,35.96,0.01,1,73,Two-Year,Bank Transfer,0
    CUST-13403,20,93.49,0.68,1,11,Month-to-Month,Electronic Check,1
    CUST-13404,29,55.11,0.46,0,107,One-Year,Credit Card,1
    CUST-13405,24,71.01,0.81,1,4,One-Year,Electronic Check,0
    CUST-13406,63,72.1,0.52,1,82,Two-Year,Bank Transfer,1
    CUST-13407,57,43.21,0.4,1,108,Month-to-Month,Credit Card,1
    CUST-13408,8,20.17,0.6,3,87,Month-to-Month,Bank Transfer,1
    CUST-13409,62,130.91,0.75,1,41,Month-to-Month,Credit Card,1
    CUST-13410,29,112.95,0.25,1,101,Month-to-Month,Bank Transfer,1
    CUST-13411,17,109.77,0.1,2,64,Month-to-Month,Electronic Check,1
    CUST-13412,66,91.05,0.39,1,1,Two-Year,Bank Transfer,0
    CUST-13413,6,111.13,0.19,4,89,Two-Year,Electronic Check,1
    CUST-13414,58,141.64,0.39,1,9,Month-to-Month,Bank Transfer,0
    CUST-13415,69,106.54,0.89,4,39,One-Year,Bank Transfer,1
    CUST-13416,28,54.46,0.52,5,65,Month-to-Month,Bank Transfer,1
    CUST-13417,62,94.17,0.62,3,116,Two-Year,Bank Transfer,1
    CUST-13418,41,77.5,0.61,1,17,Month-to-Month,Bank Transfer,1
    CUST-13419,69,92.33,0.74,3,67,Two-Year,Credit Card,1
    CUST-13420,41,87.29,0.85,1,87,Month-to-Month,Electronic Check,1
    CUST-13421,49,131.64,0.59,4,1,Month-to-Month,Electronic Check,1
    CUST-13422,49,104.73,0.43,1,24,One-Year,Credit Card,0
    CUST-13423,71,44.54,0.29,4,77,Month-to-Month,Bank Transfer,1
    CUST-13424,3,28.19,0.32,2,20,Month-to-Month,Electronic Check,1
    CUST-13425,10,75.17,0.3,2,64,One-Year,Credit Card,0
    CUST-13426,35,22.03,0.29,3,20,One-Year,Credit Card,0
    CUST-13427,2,61.38,0.63,3,76,Two-Year,Credit Card,1
    CUST-13428,24,67.84,0.53,1,81,Month-to-Month,Electronic Check,1
    CUST-13429,38,68.83,0.18,3,85,One-Year,Credit Card,1
    CUST-13430,22,147.32,0.87,4,40,Two-Year,Credit Card,1
    CUST-13431,26,59.51,0.38,0,88,Two-Year,Electronic Check,1
    CUST-13432,43,54.48,0.51,3,30,Month-to-Month,Credit Card,1
    CUST-13433,55,36.82,0.63,0,23,Month-to-Month,Electronic Check,1
    CUST-13434,39,86.43,0.55,3,23,Month-to-Month,Bank Transfer,1
    CUST-13435,29,39.98,0.28,3,56,One-Year,Electronic Check,1
    CUST-13436,20,100.12,0.72,0,47,Two-Year,Electronic Check,1
    CUST-13437,41,40.17,0.1,1,17,Two-Year,Bank Transfer,0
    CUST-13438,54,94.97,0.51,3,2,Two-Year,Credit Card,0
    CUST-13439,20,127.42,0.25,0,106,Month-to-Month,Credit Card,1
    CUST-13440,19,25.53,0.55,4,88,Month-to-Month,Credit Card,1
    CUST-13441,66,74.57,0.2,0,33,Month-to-Month,Electronic Check,0
    CUST-13442,30,79.94,0.69,0,109,One-Year,Bank Transfer,1
    CUST-13443,53,122.84,0.2,3,108,Month-to-Month,Bank Transfer,1
    CUST-13444,34,80.83,0.8,1,15,Month-to-Month,Credit Card,1
    CUST-13445,22,93.78,0.78,0,32,Month-to-Month,Credit Card,1
    CUST-13446,67,122.86,0.33,1,106,Month-to-Month,Credit Card,1
    CUST-13447,6,92.77,0.35,2,34,Month-to-Month,Bank Transfer,1
    CUST-13448,27,66.58,0.63,1,60,Two-Year,Credit Card,1
    CUST-13449,10,31.16,0.08,1,86,Month-to-Month,Bank Transfer,1
    CUST-13450,48,114.89,0.07,1,31,Two-Year,Electronic Check,0
    CUST-13451,70,133.25,0.12,5,15,Two-Year,Credit Card,0
    CUST-13452,59,146.11,0.51,3,20,Month-to-Month,Electronic Check,1
    CUST-13453,59,140.46,0.13,2,106,Two-Year,Bank Transfer,0
    CUST-13454,2,123.66,0.25,2,87,Month-to-Month,Electronic Check,1
    CUST-13455,29,103.65,0.58,4,31,Two-Year,Electronic Check,1
    CUST-13456,68,121.59,0.01,2,2,Two-Year,Credit Card,0
    CUST-13457,65,76.17,0.16,0,13,Two-Year,Credit Card,0
    CUST-13458,26,97.32,0.84,2,106,Month-to-Month,Bank Transfer,1
    CUST-13459,10,65.33,0.6,2,96,Two-Year,Bank Transfer,1
    CUST-13460,53,62.47,0.27,3,113,Two-Year,Bank Transfer,1
    CUST-13461,59,118.37,0.04,4,16,Two-Year,Bank Transfer,0
    CUST-13462,22,79.01,0.53,5,15,Month-to-Month,Electronic Check,1
    CUST-13463,51,47.58,0.2,1,25,Month-to-Month,Bank Transfer,0
    CUST-13464,48,46.25,0.86,0,76,Month-to-Month,Electronic Check,1
    CUST-13465,21,131.69,0.62,3,28,One-Year,Bank Transfer,1
    CUST-13466,22,108.11,0.88,1,105,Month-to-Month,Credit Card,1
    CUST-13467,30,90.99,0.76,1,12,Two-Year,Bank Transfer,1
    CUST-13468,25,72.12,0.43,0,85,Month-to-Month,Electronic Check,1
    CUST-13469,28,76.01,0.6,3,76,Month-to-Month,Electronic Check,1
    CUST-13470,65,27.47,0.73,0,115,One-Year,Electronic Check,1
    CUST-13471,45,79.14,0.52,1,54,One-Year,Electronic Check,0
    CUST-13472,68,123.41,0.06,2,58,Month-to-Month,Electronic Check,1
    CUST-13473,7,70.44,0.42,0,113,Month-to-Month,Electronic Check,1
    CUST-13474,49,69.87,0.12,3,16,Month-to-Month,Electronic Check,0
    CUST-13475,9,22.04,0.64,3,62,One-Year,Bank Transfer,1
    CUST-13476,36,79.52,0.61,6,74,One-Year,Bank Transfer,1
    CUST-13477,1,23.29,0.89,1,10,Month-to-Month,Bank Transfer,1
    CUST-13478,10,94.15,0.57,3,116,Month-to-Month,Credit Card,1
    CUST-13479,36,85.88,0.72,4,66,Month-to-Month,Electronic Check,1
    CUST-13480,46,129.2,0.24,5,91,Month-to-Month,Bank Transfer,1
    CUST-13481,32,95.63,0.31,2,52,One-Year,Credit Card,1
    CUST-13482,32,62.05,0.83,5,30,One-Year,Credit Card,1
    CUST-13483,6,87.11,0.68,1,97,Month-to-Month,Electronic Check,1
    CUST-13484,48,110.96,0.59,1,16,Month-to-Month,Credit Card,1
    CUST-13485,38,32.22,0.23,3,10,Month-to-Month,Bank Transfer,1
    CUST-13486,17,100.74,0.63,1,15,One-Year,Electronic Check,1
    CUST-13487,27,139.16,0.8,1,26,Month-to-Month,Bank Transfer,1
    CUST-13488,54,58.89,0.21,1,61,Month-to-Month,Bank Transfer,0
    CUST-13489,50,101.46,0.64,3,15,Month-to-Month,Credit Card,1
    CUST-13490,35,126.77,0.35,1,6,Month-to-Month,Electronic Check,1
    CUST-13491,25,86.53,0.11,2,81,Two-Year,Credit Card,0
    CUST-13492,28,113.34,0.69,3,109,Month-to-Month,Credit Card,1
    CUST-13493,15,60.43,0.15,3,1,One-Year,Bank Transfer,0
    CUST-13494,4,59.79,0.23,0,114,Two-Year,Bank Transfer,0
    CUST-13495,27,106.79,0.7,4,87,Month-to-Month,Credit Card,1
    CUST-13496,26,111.7,0.67,3,98,Month-to-Month,Bank Transfer,1
    CUST-13497,19,141.81,0.23,0,35,Month-to-Month,Credit Card,1
    CUST-13498,17,49.23,0.85,0,107,Two-Year,Electronic Check,1
    CUST-13499,43,80.87,0.19,2,89,Two-Year,Bank Transfer,0
    CUST-13500,41,52.57,0.89,1,1,One-Year,Bank Transfer,1
    CUST-13501,42,30.41,0.66,1,89,One-Year,Credit Card,1
    CUST-13502,50,72.42,0.35,2,38,Two-Year,Credit Card,0
    CUST-13503,40,68.63,0.12,2,80,Two-Year,Bank Transfer,0
    CUST-13504,39,55.16,0.29,0,111,Two-Year,Electronic Check,0
    CUST-13505,23,58.61,0.17,3,41,Month-to-Month,Bank Transfer,1
    CUST-13506,52,66.85,0.56,1,12,Month-to-Month,Credit Card,1
    CUST-13507,47,148.55,0.32,2,64,One-Year,Electronic Check,0
    CUST-13508,63,121.78,0.27,2,10,Month-to-Month,Electronic Check,0
    CUST-13509,69,29.28,0.68,3,27,One-Year,Electronic Check,1
    CUST-13510,43,133.41,0.21,3,39,Month-to-Month,Credit Card,1
    CUST-13511,48,102.33,0.53,0,106,One-Year,Bank Transfer,1
    CUST-13512,34,135.78,0.18,0,71,Two-Year,Bank Transfer,0
    CUST-13513,40,64.42,0.64,1,70,Month-to-Month,Electronic Check,1
    CUST-13514,61,80.39,0.56,2,45,One-Year,Bank Transfer,1
    CUST-13515,50,136.51,0.72,3,11,Month-to-Month,Credit Card,1
    CUST-13516,67,55.43,0.06,2,24,One-Year,Bank Transfer,0
    CUST-13517,62,139.02,0.19,2,57,Month-to-Month,Credit Card,1
    CUST-13518,58,127.7,0.14,2,40,Month-to-Month,Electronic Check,0
    CUST-13519,33,147.47,0.17,4,89,Two-Year,Electronic Check,1
    CUST-13520,16,62.15,0.09,2,37,Month-to-Month,Credit Card,1
    CUST-13521,48,50.65,0.51,2,3,One-Year,Electronic Check,0
    CUST-13522,10,63.01,0.53,0,68,Month-to-Month,Bank Transfer,1
    CUST-13523,38,144.1,0.76,2,68,One-Year,Bank Transfer,1
    CUST-13524,19,63.3,0.38,4,105,Two-Year,Bank Transfer,1
    CUST-13525,36,93.48,0.48,1,1,Month-to-Month,Credit Card,1
    CUST-13526,59,72.48,0.89,6,94,Month-to-Month,Bank Transfer,1
    CUST-13527,63,71.51,0.48,2,79,Two-Year,Electronic Check,1
    CUST-13528,46,45.14,0.52,1,45,Month-to-Month,Bank Transfer,1
    CUST-13529,3,89.82,0.9,0,31,Month-to-Month,Bank Transfer,1
    CUST-13530,65,130.42,0.89,1,37,Month-to-Month,Credit Card,1
    CUST-13531,8,26.43,0.38,3,114,Month-to-Month,Electronic Check,1
    CUST-13532,51,135.6,0.57,2,69,One-Year,Bank Transfer,1
    CUST-13533,6,106.51,0.43,2,43,Two-Year,Electronic Check,1
    CUST-13534,39,100.18,0.65,1,85,One-Year,Credit Card,1
    CUST-13535,60,101.37,0.84,3,99,Two-Year,Credit Card,1
    CUST-13536,28,58.52,0.28,2,4,One-Year,Bank Transfer,0
    CUST-13537,54,73.97,0.74,0,71,Two-Year,Bank Transfer,1
    CUST-13538,37,123.91,0.59,0,29,Two-Year,Electronic Check,0
    CUST-13539,9,59.83,0.25,0,100,Month-to-Month,Bank Transfer,1
    CUST-13540,56,81.1,0.72,4,99,Month-to-Month,Credit Card,1
    CUST-13541,59,22.55,0.38,3,96,Month-to-Month,Credit Card,1
    CUST-13542,2,115.36,0.11,2,106,Month-to-Month,Credit Card,1
    CUST-13543,61,74.3,0.89,1,116,Month-to-Month,Credit Card,1
    CUST-13544,58,88.3,0.38,1,11,One-Year,Credit Card,0
    CUST-13545,60,34.91,0.49,1,114,Month-to-Month,Bank Transfer,1
    CUST-13546,40,148.92,0.73,0,33,Month-to-Month,Electronic Check,1
    CUST-13547,36,59.32,0.86,2,53,Month-to-Month,Bank Transfer,1
    CUST-13548,37,102.55,0.79,0,105,Month-to-Month,Bank Transfer,1
    CUST-13549,18,95.56,0.47,2,17,Month-to-Month,Electronic Check,1
    CUST-13550,63,122.06,0.49,2,12,Month-to-Month,Bank Transfer,1
    CUST-13551,22,58.2,0.25,1,1,Month-to-Month,Electronic Check,1
    CUST-13552,11,118.27,0.42,1,56,Month-to-Month,Credit Card,1
    CUST-13553,58,69.73,0.85,3,23,Two-Year,Credit Card,1
    CUST-13554,57,73.45,0.65,3,7,One-Year,Credit Card,1
    CUST-13555,4,107.45,0.01,2,78,Month-to-Month,Credit Card,1
    CUST-13556,7,121.96,0.1,3,41,One-Year,Credit Card,1
    CUST-13557,61,106.69,0.83,1,108,Two-Year,Electronic Check,1
    CUST-13558,54,136.98,0.76,3,53,Month-to-Month,Bank Transfer,1
    CUST-13559,68,57.07,0.44,3,104,Month-to-Month,Electronic Check,1
    CUST-13560,1,137.08,0.56,3,7,Two-Year,Electronic Check,1
    CUST-13561,55,37.01,0.26,1,78,Month-to-Month,Electronic Check,1
    CUST-13562,3,105.74,0.71,1,98,Month-to-Month,Electronic Check,1
    CUST-13563,38,91.19,0.54,2,66,Month-to-Month,Electronic Check,1
    CUST-13564,1,84.3,0.63,2,84,Month-to-Month,Credit Card,1
    CUST-13565,38,60.42,0.34,3,81,Month-to-Month,Bank Transfer,1
    CUST-13566,29,85.49,0.39,1,74,Month-to-Month,Credit Card,1
    CUST-13567,5,41.03,0.19,2,53,Month-to-Month,Electronic Check,1
    CUST-13568,21,68.01,0.85,2,5,Two-Year,Bank Transfer,1
    CUST-13569,71,32.83,0.85,2,97,One-Year,Electronic Check,1
    CUST-13570,67,94.34,0.74,1,101,Two-Year,Credit Card,1
    CUST-13571,47,32.45,0.84,4,36,Month-to-Month,Credit Card,1
    CUST-13572,35,40.84,0.6,3,44,Month-to-Month,Electronic Check,1
    CUST-13573,68,31.11,0.21,0,110,Month-to-Month,Bank Transfer,0
    CUST-13574,69,69.57,0.68,2,11,Month-to-Month,Electronic Check,1
    CUST-13575,1,129.45,0.29,1,64,Month-to-Month,Bank Transfer,1
    CUST-13576,68,137.9,0.4,2,21,Month-to-Month,Electronic Check,1
    CUST-13577,12,29.35,0.25,2,4,Month-to-Month,Bank Transfer,1
    CUST-13578,60,102.49,0.38,1,89,Month-to-Month,Electronic Check,1
    CUST-13579,27,108.97,0.61,1,105,Two-Year,Credit Card,1
    CUST-13580,56,89.39,0.1,3,35,Month-to-Month,Electronic Check,0
    CUST-13581,23,106.71,0.09,5,35,One-Year,Bank Transfer,1
    CUST-13582,25,50.38,0.62,2,35,Two-Year,Bank Transfer,1
    CUST-13583,21,83.65,0.7,1,39,Month-to-Month,Credit Card,1
    CUST-13584,61,70.81,0.5,1,33,Two-Year,Bank Transfer,0
    CUST-13585,63,31.66,0.16,3,77,Two-Year,Bank Transfer,0
    CUST-13586,52,101.32,0.39,0,68,Month-to-Month,Bank Transfer,1
    CUST-13587,25,84.38,0.68,1,44,Two-Year,Credit Card,1
    CUST-13588,55,55.77,0.62,2,104,Two-Year,Electronic Check,1
    CUST-13589,46,81.58,0.1,3,51,Month-to-Month,Credit Card,1
    CUST-13590,32,120.79,0.87,2,38,Two-Year,Credit Card,1
    CUST-13591,55,124.22,0.2,3,42,Month-to-Month,Electronic Check,1
    CUST-13592,5,104.44,0.2,3,45,Two-Year,Bank Transfer,1
    CUST-13593,36,80.81,0.41,0,30,One-Year,Electronic Check,0
    CUST-13594,49,94.85,0.29,1,91,Month-to-Month,Credit Card,1
    CUST-13595,58,70.05,0.89,0,35,One-Year,Electronic Check,1
    CUST-13596,39,36.45,0.07,2,28,One-Year,Credit Card,0
    CUST-13597,61,70.13,0.28,4,41,One-Year,Electronic Check,0
    CUST-13598,9,88.94,0.34,1,106,Two-Year,Credit Card,1
    CUST-13599,6,97.85,0.44,2,45,One-Year,Bank Transfer,1
    CUST-13600,35,141.65,0.01,2,48,Two-Year,Electronic Check,0
    CUST-13601,39,121.05,0.07,2,55,One-Year,Electronic Check,0
    CUST-13602,22,39.76,0.23,1,8,Two-Year,Electronic Check,0
    CUST-13603,41,42.64,0.5,2,26,Month-to-Month,Bank Transfer,1
    CUST-13604,5,33.06,0.69,2,107,Month-to-Month,Electronic Check,1
    CUST-13605,42,115.96,0.62,4,98,Month-to-Month,Electronic Check,1
    CUST-13606,67,111.8,0.51,1,115,Month-to-Month,Electronic Check,1
    CUST-13607,30,148.23,0.36,5,29,Two-Year,Credit Card,1
    CUST-13608,57,87.86,0.78,1,55,Month-to-Month,Credit Card,1
    CUST-13609,29,127.43,0.41,1,66,Month-to-Month,Electronic Check,1
    CUST-13610,37,94.94,0.27,6,70,Month-to-Month,Bank Transfer,1
    CUST-13611,13,133.63,0.57,1,48,Two-Year,Credit Card,1
    CUST-13612,32,113.73,0.62,2,80,Month-to-Month,Bank Transfer,1
    CUST-13613,46,103.57,0.36,1,7,Month-to-Month,Bank Transfer,1
    CUST-13614,23,93.47,0.03,4,75,Month-to-Month,Bank Transfer,1
    CUST-13615,45,113.99,0.08,4,80,Month-to-Month,Electronic Check,1
    CUST-13616,17,74.55,0.76,1,6,Month-to-Month,Bank Transfer,1
    CUST-13617,66,32.55,0.05,1,37,Two-Year,Bank Transfer,0
    CUST-13618,6,25.2,0.53,0,9,Month-to-Month,Bank Transfer,1
    CUST-13619,18,82.27,0.17,2,3,Two-Year,Electronic Check,0
    CUST-13620,22,97.91,0.21,1,53,Month-to-Month,Credit Card,1
    CUST-13621,33,30.25,0.25,2,93,Month-to-Month,Credit Card,1
    CUST-13622,30,57.3,0.03,3,117,One-Year,Bank Transfer,1
    CUST-13623,32,61.86,0.16,2,8,Month-to-Month,Credit Card,1
    CUST-13624,42,93.16,0.59,4,40,Month-to-Month,Electronic Check,1
    CUST-13625,10,56.2,0.45,5,17,Month-to-Month,Electronic Check,1
    CUST-13626,36,32.43,0.72,3,102,One-Year,Electronic Check,1
    CUST-13627,34,41.43,0.06,3,108,Month-to-Month,Credit Card,1
    CUST-13628,28,42.61,0.8,5,70,Two-Year,Bank Transfer,1
    CUST-13629,11,129.55,0.9,1,47,Month-to-Month,Bank Transfer,1
    CUST-13630,39,56.96,0.01,3,11,Month-to-Month,Bank Transfer,0
    CUST-13631,47,112.91,0.87,0,10,Two-Year,Credit Card,0
    CUST-13632,19,93.82,0.21,4,61,One-Year,Bank Transfer,1
    CUST-13633,15,147.02,0.62,2,2,One-Year,Credit Card,1
    CUST-13634,28,55.47,0.26,1,117,Two-Year,Credit Card,1
    CUST-13635,24,40.59,0.47,4,29,Month-to-Month,Bank Transfer,1
    CUST-13636,9,26.76,0.46,3,70,One-Year,Electronic Check,1
    CUST-13637,47,51.32,0.32,4,51,Month-to-Month,Bank Transfer,1
    CUST-13638,33,108.93,0.65,2,113,Month-to-Month,Electronic Check,1
    CUST-13639,62,31.08,0.54,2,73,Month-to-Month,Electronic Check,1
    CUST-13640,19,51.81,0.46,3,66,Two-Year,Electronic Check,1
    CUST-13641,67,131.19,0.88,0,68,One-Year,Credit Card,0
    CUST-13642,40,95.78,0.85,4,57,Month-to-Month,Credit Card,1
    CUST-13643,47,29.04,0.86,1,41,Month-to-Month,Electronic Check,1
    CUST-13644,65,26.2,0.79,0,104,Month-to-Month,Electronic Check,1
    CUST-13645,29,27.95,0.23,2,94,Month-to-Month,Electronic Check,1
    CUST-13646,50,142.44,0.31,3,64,One-Year,Bank Transfer,1
    CUST-13647,13,130.48,0.21,1,4,Month-to-Month,Electronic Check,1
    CUST-13648,1,129.84,0.89,1,1,One-Year,Credit Card,1
    CUST-13649,34,140.15,0.14,0,107,Two-Year,Electronic Check,0
    CUST-13650,48,85.68,0.33,0,75,Month-to-Month,Bank Transfer,1
    CUST-13651,48,52.15,0.18,3,7,Two-Year,Bank Transfer,0
    CUST-13652,49,72.18,0.2,0,82,Month-to-Month,Electronic Check,1
    CUST-13653,64,113.45,0.22,1,8,Month-to-Month,Electronic Check,0
    CUST-13654,61,133.88,0.58,2,94,Month-to-Month,Bank Transfer,1
    CUST-13655,29,76.56,0.07,6,79,Month-to-Month,Electronic Check,1
    CUST-13656,39,89.6,0.52,2,58,Two-Year,Bank Transfer,1
    CUST-13657,26,141.13,0.74,1,10,Month-to-Month,Bank Transfer,1
    CUST-13658,17,33.97,0.69,0,110,One-Year,Credit Card,1
    CUST-13659,71,132.1,0.14,4,66,One-Year,Electronic Check,0
    CUST-13660,13,40.71,0.82,1,106,Month-to-Month,Credit Card,1
    CUST-13661,69,82.9,0.69,2,115,Month-to-Month,Credit Card,1
    CUST-13662,26,48.4,0.0,2,79,Month-to-Month,Electronic Check,1
    CUST-13663,49,98.38,0.66,4,22,Month-to-Month,Credit Card,1
    CUST-13664,67,92.61,0.66,1,52,Two-Year,Credit Card,0
    CUST-13665,7,69.4,0.45,4,98,One-Year,Credit Card,1
    CUST-13666,58,132.23,0.04,1,49,Two-Year,Bank Transfer,0
    CUST-13667,49,105.78,0.52,0,67,One-Year,Credit Card,0
    CUST-13668,53,113.76,0.69,1,4,Month-to-Month,Bank Transfer,0
    CUST-13669,65,39.59,0.24,1,89,Month-to-Month,Electronic Check,1
    CUST-13670,62,134.81,0.6,1,57,One-Year,Bank Transfer,1
    CUST-13671,17,41.72,0.32,0,69,Month-to-Month,Electronic Check,1
    CUST-13672,43,48.96,0.52,4,76,Month-to-Month,Electronic Check,1
    CUST-13673,25,36.65,0.35,4,53,Month-to-Month,Credit Card,1
    CUST-13674,3,77.25,0.27,5,55,Month-to-Month,Electronic Check,1
    CUST-13675,29,135.4,0.77,4,24,One-Year,Bank Transfer,1
    CUST-13676,32,52.82,0.68,2,83,Two-Year,Bank Transfer,1
    CUST-13677,26,68.59,0.31,3,96,Month-to-Month,Credit Card,1
    CUST-13678,16,129.99,0.39,3,12,One-Year,Credit Card,1
    CUST-13679,25,100.32,0.62,2,101,One-Year,Credit Card,1
    CUST-13680,54,117.71,0.73,2,55,Month-to-Month,Electronic Check,1
    CUST-13681,28,47.82,0.62,1,47,Month-to-Month,Electronic Check,1
    CUST-13682,56,113.14,0.49,1,27,Two-Year,Electronic Check,0
    CUST-13683,65,49.59,0.86,3,18,Month-to-Month,Electronic Check,1
    CUST-13684,41,148.35,0.7,3,89,Month-to-Month,Credit Card,1
    CUST-13685,51,92.79,0.1,1,51,Month-to-Month,Electronic Check,0
    CUST-13686,71,110.43,0.5,2,87,Month-to-Month,Bank Transfer,1
    CUST-13687,29,35.39,0.37,1,60,Month-to-Month,Bank Transfer,1
    CUST-13688,19,52.59,0.72,1,57,Month-to-Month,Credit Card,1
    CUST-13689,66,38.17,0.04,1,67,Month-to-Month,Credit Card,0
    CUST-13690,41,70.72,0.37,2,2,Month-to-Month,Bank Transfer,1
    CUST-13691,45,56.94,0.29,3,11,Month-to-Month,Electronic Check,0
    CUST-13692,15,115.28,0.13,4,110,Month-to-Month,Electronic Check,1
    CUST-13693,3,34.13,0.34,0,117,Two-Year,Credit Card,1
    CUST-13694,11,117.77,0.61,1,101,Month-to-Month,Credit Card,1
    CUST-13695,53,25.94,0.33,1,94,Month-to-Month,Bank Transfer,1
    CUST-13696,46,46.26,0.52,1,13,Two-Year,Bank Transfer,0
    CUST-13697,30,122.96,0.53,2,40,Month-to-Month,Credit Card,1
    CUST-13698,57,116.56,0.53,2,6,One-Year,Electronic Check,0
    CUST-13699,18,81.92,0.48,0,12,One-Year,Bank Transfer,1
    CUST-13700,51,26.5,0.11,1,103,Month-to-Month,Electronic Check,1
    CUST-13701,48,99.29,0.2,0,43,Two-Year,Electronic Check,0
    CUST-13702,66,72.87,0.72,2,72,Month-to-Month,Credit Card,1
    CUST-13703,8,61.15,0.45,1,73,One-Year,Electronic Check,1
    CUST-13704,22,103.25,0.64,1,4,Month-to-Month,Credit Card,1
    CUST-13705,6,76.76,0.51,4,37,Month-to-Month,Credit Card,1
    CUST-13706,57,32.01,0.03,1,36,Two-Year,Electronic Check,0
    CUST-13707,36,139.07,0.72,2,32,One-Year,Bank Transfer,1
    CUST-13708,57,121.2,0.06,0,57,Month-to-Month,Electronic Check,0
    CUST-13709,49,27.33,0.85,3,12,Month-to-Month,Credit Card,1
    CUST-13710,45,88.26,0.19,3,18,One-Year,Electronic Check,0
    CUST-13711,66,30.84,0.46,3,61,Month-to-Month,Bank Transfer,1
    CUST-13712,45,128.85,0.06,2,31,Two-Year,Electronic Check,0
    CUST-13713,20,99.69,0.81,2,111,Two-Year,Electronic Check,1
    CUST-13714,64,42.42,0.88,3,40,Month-to-Month,Credit Card,1
    CUST-13715,67,22.7,0.13,1,107,One-Year,Electronic Check,0
    CUST-13716,3,24.11,0.27,2,46,Two-Year,Electronic Check,1
    CUST-13717,54,85.96,0.01,3,39,Month-to-Month,Electronic Check,0
    CUST-13718,64,115.47,0.71,1,63,Month-to-Month,Bank Transfer,1
    CUST-13719,40,35.71,0.28,0,93,Month-to-Month,Electronic Check,1
    CUST-13720,59,48.77,0.53,5,112,Month-to-Month,Electronic Check,1
    CUST-13721,55,62.54,0.04,4,55,Two-Year,Electronic Check,0
    CUST-13722,62,48.35,0.64,0,40,Month-to-Month,Bank Transfer,1
    CUST-13723,4,70.87,0.48,0,29,Month-to-Month,Electronic Check,1
    CUST-13724,60,92.75,0.65,3,91,Month-to-Month,Electronic Check,1
    CUST-13725,30,109.04,0.71,1,11,Month-to-Month,Electronic Check,1
    CUST-13726,2,145.29,0.08,1,97,Month-to-Month,Bank Transfer,1
    CUST-13727,62,141.01,0.52,3,113,One-Year,Credit Card,1
    CUST-13728,49,94.12,0.58,4,39,One-Year,Credit Card,1
    CUST-13729,9,115.44,0.47,2,82,Month-to-Month,Credit Card,1
    CUST-13730,31,143.61,0.16,2,44,Two-Year,Electronic Check,0
    CUST-13731,61,30.85,0.72,5,20,Two-Year,Bank Transfer,1
    CUST-13732,48,20.73,0.9,6,92,Month-to-Month,Credit Card,1
    CUST-13733,25,23.87,0.87,0,86,Month-to-Month,Bank Transfer,1
    CUST-13734,36,93.24,0.7,1,96,Month-to-Month,Bank Transfer,1
    CUST-13735,8,119.17,0.38,0,85,Month-to-Month,Electronic Check,1
    CUST-13736,58,67.72,0.3,3,101,One-Year,Electronic Check,1
    CUST-13737,45,90.88,0.06,1,27,One-Year,Bank Transfer,0
    CUST-13738,62,87.13,0.37,3,38,Month-to-Month,Credit Card,1
    CUST-13739,39,32.32,0.14,2,90,Month-to-Month,Bank Transfer,1
    CUST-13740,58,61.81,0.23,1,87,Month-to-Month,Credit Card,1
    CUST-13741,64,22.53,0.8,1,98,Month-to-Month,Bank Transfer,1
    CUST-13742,44,34.39,0.87,1,76,Two-Year,Credit Card,1
    CUST-13743,29,125.54,0.85,5,11,One-Year,Credit Card,1
    CUST-13744,59,127.82,0.17,2,36,Month-to-Month,Bank Transfer,1
    CUST-13745,71,124.25,0.81,3,32,Month-to-Month,Bank Transfer,1
    CUST-13746,9,114.49,0.13,3,103,Two-Year,Bank Transfer,1
    CUST-13747,6,123.13,0.46,1,101,Month-to-Month,Bank Transfer,1
    CUST-13748,29,107.23,0.58,3,107,One-Year,Bank Transfer,1
    CUST-13749,58,107.08,0.42,3,62,Month-to-Month,Credit Card,1
    CUST-13750,17,106.76,0.86,1,16,Month-to-Month,Credit Card,1
    CUST-13751,16,86.83,0.3,2,42,One-Year,Bank Transfer,1
    CUST-13752,3,67.24,0.47,4,31,Month-to-Month,Credit Card,1
    CUST-13753,21,114.93,0.07,5,105,Month-to-Month,Credit Card,1
    CUST-13754,64,58.82,0.77,0,70,Month-to-Month,Credit Card,1
    CUST-13755,36,90.58,0.37,0,13,Month-to-Month,Credit Card,1
    CUST-13756,62,76.34,0.63,1,36,One-Year,Credit Card,0
    CUST-13757,42,55.96,0.61,5,75,Month-to-Month,Credit Card,1
    CUST-13758,42,146.71,0.61,1,11,One-Year,Bank Transfer,0
    CUST-13759,61,53.64,0.46,2,48,Month-to-Month,Credit Card,1
    CUST-13760,13,60.21,0.25,1,20,One-Year,Bank Transfer,0
    CUST-13761,11,41.01,0.56,0,29,Month-to-Month,Electronic Check,1
    CUST-13762,54,126.99,0.87,4,19,Month-to-Month,Credit Card,1
    CUST-13763,16,96.26,0.75,3,94,Month-to-Month,Bank Transfer,1
    CUST-13764,8,99.7,0.1,2,6,Month-to-Month,Credit Card,1
    CUST-13765,59,126.67,0.02,4,56,Month-to-Month,Electronic Check,1
    CUST-13766,57,64.58,0.45,1,81,Month-to-Month,Bank Transfer,1
    CUST-13767,40,45.17,0.7,0,82,Two-Year,Electronic Check,1
    CUST-13768,59,45.79,0.28,1,100,One-Year,Electronic Check,1
    CUST-13769,2,115.24,0.63,2,119,Month-to-Month,Electronic Check,1
    CUST-13770,10,99.83,0.84,3,18,Month-to-Month,Credit Card,1
    CUST-13771,44,46.82,0.41,3,107,Two-Year,Bank Transfer,1
    CUST-13772,11,38.86,0.22,1,76,Two-Year,Credit Card,1
    CUST-13773,2,35.69,0.83,5,42,Two-Year,Credit Card,1
    CUST-13774,50,101.61,0.43,0,60,Two-Year,Electronic Check,0
    CUST-13775,12,20.02,0.37,1,56,Month-to-Month,Credit Card,1
    CUST-13776,23,22.38,0.32,1,3,Month-to-Month,Bank Transfer,0
    CUST-13777,18,70.64,0.38,2,111,One-Year,Bank Transfer,1
    CUST-13778,62,109.88,0.61,3,82,One-Year,Electronic Check,1
    CUST-13779,62,110.36,0.39,0,80,Month-to-Month,Credit Card,0
    CUST-13780,38,75.92,0.29,0,39,Month-to-Month,Credit Card,1
    CUST-13781,67,109.84,0.67,0,43,Two-Year,Electronic Check,0
    CUST-13782,38,87.74,0.18,2,28,Two-Year,Credit Card,0
    CUST-13783,67,147.0,0.18,1,42,Month-to-Month,Electronic Check,0
    CUST-13784,61,41.12,0.63,4,9,Month-to-Month,Credit Card,1
    CUST-13785,1,98.09,0.78,1,84,Two-Year,Bank Transfer,1
    CUST-13786,45,83.86,0.22,7,18,Month-to-Month,Electronic Check,1
    CUST-13787,28,45.28,0.17,0,89,One-Year,Electronic Check,1
    CUST-13788,21,117.5,0.6,2,21,Month-to-Month,Credit Card,1
    CUST-13789,13,55.82,0.56,2,109,One-Year,Bank Transfer,1
    CUST-13790,27,69.62,0.4,3,26,Month-to-Month,Bank Transfer,1
    CUST-13791,7,68.73,0.09,0,23,Two-Year,Electronic Check,0
    CUST-13792,22,51.75,0.08,3,10,Month-to-Month,Electronic Check,0
    CUST-13793,53,75.99,0.7,1,117,Month-to-Month,Bank Transfer,1
    CUST-13794,4,81.53,0.41,1,44,Month-to-Month,Credit Card,1
    CUST-13795,23,116.75,0.77,0,13,One-Year,Electronic Check,1
    CUST-13796,70,119.46,0.52,2,53,Month-to-Month,Credit Card,1
    CUST-13797,33,40.61,0.56,2,118,One-Year,Credit Card,1
    CUST-13798,28,97.06,0.84,7,37,Month-to-Month,Credit Card,1
    CUST-13799,8,136.51,0.15,0,56,Two-Year,Bank Transfer,0
    CUST-13800,1,34.14,0.49,1,59,Month-to-Month,Credit Card,1
    CUST-13801,37,81.48,0.05,1,12,Two-Year,Credit Card,0
    CUST-13802,63,117.55,0.32,1,100,One-Year,Electronic Check,0
    CUST-13803,22,99.49,0.13,2,3,Month-to-Month,Electronic Check,0
    CUST-13804,70,33.08,0.17,3,14,Month-to-Month,Bank Transfer,0
    CUST-13805,21,71.56,0.84,2,35,Two-Year,Electronic Check,1
    CUST-13806,35,85.94,0.55,2,98,Month-to-Month,Electronic Check,1
    CUST-13807,5,149.46,0.8,1,104,One-Year,Credit Card,1
    CUST-13808,60,43.22,0.4,2,93,Month-to-Month,Bank Transfer,1
    CUST-13809,46,147.72,0.54,3,30,Two-Year,Bank Transfer,1
    CUST-13810,50,68.9,0.03,1,71,One-Year,Electronic Check,0
    CUST-13811,48,46.04,0.42,1,118,Two-Year,Bank Transfer,1
    CUST-13812,6,73.83,0.51,4,66,Two-Year,Bank Transfer,1
    CUST-13813,56,99.82,0.02,2,18,Month-to-Month,Electronic Check,0
    CUST-13814,59,47.75,0.71,3,26,Month-to-Month,Bank Transfer,1
    CUST-13815,29,57.89,0.27,2,81,Month-to-Month,Bank Transfer,1
    CUST-13816,71,131.09,0.41,0,46,Month-to-Month,Bank Transfer,1
    CUST-13817,18,149.87,0.48,2,12,Month-to-Month,Electronic Check,1
    CUST-13818,2,61.36,0.89,0,58,Month-to-Month,Bank Transfer,1
    CUST-13819,8,39.35,0.09,1,114,Two-Year,Credit Card,1
    CUST-13820,54,123.11,0.5,4,57,Month-to-Month,Credit Card,1
    CUST-13821,38,98.06,0.48,1,32,Month-to-Month,Electronic Check,1
    CUST-13822,48,33.05,0.06,1,113,One-Year,Electronic Check,0
    CUST-13823,27,143.08,0.57,4,93,Two-Year,Credit Card,1
    CUST-13824,20,30.15,0.26,4,112,Month-to-Month,Bank Transfer,1
    CUST-13825,12,101.3,0.09,4,64,Month-to-Month,Electronic Check,1
    CUST-13826,43,75.11,0.16,2,74,Month-to-Month,Electronic Check,1
    CUST-13827,61,92.36,0.74,1,100,Month-to-Month,Bank Transfer,1
    CUST-13828,31,47.72,0.09,2,66,One-Year,Electronic Check,0
    CUST-13829,61,109.45,0.42,2,37,One-Year,Bank Transfer,0
    CUST-13830,67,144.76,0.18,0,14,Two-Year,Electronic Check,0
    CUST-13831,35,79.6,0.15,4,10,Two-Year,Credit Card,0
    CUST-13832,15,87.98,0.19,4,104,Two-Year,Credit Card,1
    CUST-13833,16,51.18,0.44,4,65,Month-to-Month,Electronic Check,1
    CUST-13834,13,135.94,0.21,0,64,Month-to-Month,Bank Transfer,1
    CUST-13835,35,146.25,0.09,2,41,Month-to-Month,Credit Card,1
    CUST-13836,59,122.22,0.72,0,119,One-Year,Credit Card,1
    CUST-13837,21,90.56,0.49,2,21,Two-Year,Electronic Check,0
    CUST-13838,54,144.38,0.14,0,69,Month-to-Month,Credit Card,1
    CUST-13839,30,40.0,0.42,3,9,Two-Year,Bank Transfer,1
    CUST-13840,48,82.2,0.06,1,9,Month-to-Month,Bank Transfer,0
    CUST-13841,35,89.89,0.52,2,18,Month-to-Month,Credit Card,1
    CUST-13842,38,83.95,0.31,4,69,One-Year,Electronic Check,1
    CUST-13843,31,124.31,0.09,2,62,Two-Year,Bank Transfer,0
    CUST-13844,24,107.15,0.17,2,16,Month-to-Month,Bank Transfer,1
    CUST-13845,49,36.47,0.31,3,98,Month-to-Month,Bank Transfer,1
    CUST-13846,32,65.04,0.73,4,4,Month-to-Month,Credit Card,1
    CUST-13847,55,64.08,0.16,2,21,Month-to-Month,Bank Transfer,0
    CUST-13848,58,93.53,0.1,0,119,Month-to-Month,Bank Transfer,1
    CUST-13849,3,57.89,0.46,1,114,Month-to-Month,Credit Card,1
    CUST-13850,69,35.25,0.5,4,101,Month-to-Month,Credit Card,1
    CUST-13851,10,104.98,0.08,4,104,Month-to-Month,Credit Card,1
    CUST-13852,25,130.63,0.26,1,44,Month-to-Month,Electronic Check,1
    CUST-13853,68,141.11,0.24,1,78,One-Year,Electronic Check,0
    CUST-13854,61,146.44,0.17,2,91,One-Year,Credit Card,1
    CUST-13855,29,121.55,0.28,2,113,Month-to-Month,Electronic Check,1
    CUST-13856,19,38.16,0.03,3,76,Month-to-Month,Bank Transfer,1
    CUST-13857,43,130.9,0.59,3,27,Month-to-Month,Electronic Check,1
    CUST-13858,66,71.99,0.89,4,34,Month-to-Month,Electronic Check,1
    CUST-13859,61,114.89,0.57,2,4,Month-to-Month,Bank Transfer,1
    CUST-13860,43,89.06,0.32,4,107,Month-to-Month,Credit Card,1
    CUST-13861,25,127.72,0.6,1,108,Month-to-Month,Bank Transfer,1
    CUST-13862,20,75.32,0.51,1,51,One-Year,Bank Transfer,1
    CUST-13863,48,28.03,0.76,0,2,Two-Year,Bank Transfer,0
    CUST-13864,24,92.39,0.56,1,106,Two-Year,Credit Card,1
    CUST-13865,11,42.27,0.57,3,106,Two-Year,Electronic Check,1
    CUST-13866,55,145.52,0.2,1,32,One-Year,Bank Transfer,0
    CUST-13867,28,88.51,0.37,3,2,Two-Year,Bank Transfer,0
    CUST-13868,69,91.96,0.31,1,58,One-Year,Electronic Check,0
    CUST-13869,63,137.94,0.01,4,22,Month-to-Month,Electronic Check,1
    CUST-13870,59,101.2,0.28,1,19,One-Year,Bank Transfer,0
    CUST-13871,5,59.35,0.44,0,90,Month-to-Month,Bank Transfer,1
    CUST-13872,51,58.49,0.54,1,20,Month-to-Month,Bank Transfer,1
    CUST-13873,21,85.21,0.84,1,100,Month-to-Month,Electronic Check,1
    CUST-13874,12,132.66,0.22,0,18,Month-to-Month,Bank Transfer,1
    CUST-13875,50,123.31,0.14,2,116,One-Year,Credit Card,0
    CUST-13876,4,145.16,0.78,6,50,Two-Year,Electronic Check,1
    CUST-13877,42,29.35,0.85,2,14,Two-Year,Credit Card,1
    CUST-13878,38,54.88,0.44,3,20,Month-to-Month,Electronic Check,1
    CUST-13879,25,30.43,0.1,2,45,Two-Year,Bank Transfer,0
    CUST-13880,14,117.64,0.44,0,88,One-Year,Electronic Check,1
    CUST-13881,32,38.31,0.1,3,47,Month-to-Month,Electronic Check,1
    CUST-13882,11,32.99,0.79,2,111,One-Year,Bank Transfer,1
    CUST-13883,61,93.02,0.64,0,57,Month-to-Month,Electronic Check,1
    CUST-13884,18,73.49,0.22,6,31,Month-to-Month,Bank Transfer,1
    CUST-13885,27,112.96,0.8,2,52,Month-to-Month,Bank Transfer,1
    CUST-13886,55,83.31,0.57,0,100,One-Year,Electronic Check,1
    CUST-13887,54,75.29,0.86,0,79,Month-to-Month,Credit Card,1
    CUST-13888,21,75.32,0.88,3,46,Two-Year,Bank Transfer,1
    CUST-13889,44,133.34,0.0,2,7,One-Year,Bank Transfer,0
    CUST-13890,5,71.38,0.11,2,49,Month-to-Month,Bank Transfer,1
    CUST-13891,41,63.34,0.49,4,23,One-Year,Bank Transfer,1
    CUST-13892,59,64.01,0.86,4,93,Month-to-Month,Credit Card,1
    CUST-13893,54,45.56,0.89,1,41,Month-to-Month,Bank Transfer,1
    CUST-13894,22,131.89,0.51,1,4,Two-Year,Credit Card,0
    CUST-13895,65,39.06,0.16,2,95,Month-to-Month,Credit Card,1
    CUST-13896,64,138.12,0.15,3,82,Month-to-Month,Bank Transfer,1
    CUST-13897,71,56.85,0.69,5,109,One-Year,Electronic Check,1
    CUST-13898,4,136.93,0.53,4,31,One-Year,Credit Card,1
    CUST-13899,65,122.81,0.49,1,47,Month-to-Month,Electronic Check,1
    CUST-13900,15,95.66,0.42,1,100,One-Year,Bank Transfer,1
    CUST-13901,22,107.03,0.65,3,18,Two-Year,Electronic Check,1
    CUST-13902,47,62.36,0.77,2,74,One-Year,Electronic Check,1
    CUST-13903,46,94.65,0.27,1,7,Two-Year,Bank Transfer,0
    CUST-13904,14,58.01,0.2,2,38,Month-to-Month,Electronic Check,1
    CUST-13905,50,72.3,0.6,3,45,Month-to-Month,Bank Transfer,1
    CUST-13906,20,119.41,0.82,3,28,Month-to-Month,Electronic Check,1
    CUST-13907,50,51.71,0.31,4,59,One-Year,Credit Card,1
    CUST-13908,33,129.05,0.25,0,18,Two-Year,Bank Transfer,0
    CUST-13909,59,68.86,0.2,1,95,Two-Year,Electronic Check,0
    CUST-13910,43,89.18,0.23,1,118,Month-to-Month,Credit Card,1
    CUST-13911,12,142.45,0.12,1,9,One-Year,Credit Card,0
    CUST-13912,40,108.56,0.54,0,107,Two-Year,Electronic Check,1
    CUST-13913,20,103.93,0.25,4,16,Month-to-Month,Electronic Check,1
    CUST-13914,38,112.51,0.55,0,62,One-Year,Electronic Check,1
    CUST-13915,3,139.35,0.07,0,40,Two-Year,Credit Card,0
    CUST-13916,28,52.31,0.1,3,89,Two-Year,Bank Transfer,1
    CUST-13917,56,99.72,0.48,3,101,Month-to-Month,Electronic Check,1
    CUST-13918,13,72.05,0.46,0,94,Month-to-Month,Credit Card,1
    CUST-13919,66,21.54,0.24,1,111,One-Year,Electronic Check,0
    CUST-13920,37,36.29,0.74,2,58,Two-Year,Credit Card,1
    CUST-13921,49,62.25,0.17,1,66,Month-to-Month,Electronic Check,0
    CUST-13922,66,93.45,0.32,1,69,Month-to-Month,Electronic Check,1
    CUST-13923,36,134.59,0.5,2,106,Two-Year,Electronic Check,1
    CUST-13924,54,122.84,0.78,1,94,Month-to-Month,Electronic Check,1
    CUST-13925,26,91.93,0.38,0,19,One-Year,Electronic Check,0
    CUST-13926,40,29.6,0.36,1,78,Month-to-Month,Bank Transfer,1
    CUST-13927,43,57.17,0.52,4,27,Month-to-Month,Credit Card,1
    CUST-13928,22,67.67,0.29,4,30,Month-to-Month,Electronic Check,1
    CUST-13929,20,100.82,0.64,0,45,Month-to-Month,Electronic Check,1
    CUST-13930,8,28.44,0.22,3,78,Two-Year,Electronic Check,1
    CUST-13931,29,88.93,0.74,2,31,Month-to-Month,Credit Card,1
    CUST-13932,40,137.19,0.25,4,36,Month-to-Month,Credit Card,1
    CUST-13933,30,111.71,0.89,0,39,One-Year,Bank Transfer,1
    CUST-13934,55,123.62,0.28,1,50,Month-to-Month,Credit Card,0
    CUST-13935,16,108.62,0.79,1,94,One-Year,Electronic Check,1
    CUST-13936,46,46.86,0.36,2,38,Month-to-Month,Credit Card,1
    CUST-13937,62,34.36,0.22,0,111,Month-to-Month,Electronic Check,1
    CUST-13938,7,127.83,0.2,2,11,Month-to-Month,Bank Transfer,1
    CUST-13939,45,110.42,0.77,2,81,Month-to-Month,Bank Transfer,1
    CUST-13940,59,94.76,0.28,4,74,Two-Year,Bank Transfer,1
    CUST-13941,56,44.61,0.3,1,16,Month-to-Month,Bank Transfer,1
    CUST-13942,48,98.43,0.18,1,51,Month-to-Month,Electronic Check,1
    CUST-13943,27,24.07,0.87,3,75,Month-to-Month,Credit Card,1
    CUST-13944,53,35.45,0.22,0,39,One-Year,Electronic Check,0
    CUST-13945,35,60.55,0.22,0,92,Month-to-Month,Bank Transfer,1
    CUST-13946,51,77.69,0.85,1,85,One-Year,Electronic Check,1
    CUST-13947,37,35.67,0.81,3,92,Month-to-Month,Bank Transfer,1
    CUST-13948,57,35.59,0.22,2,119,Month-to-Month,Credit Card,1
    CUST-13949,8,114.37,0.78,4,23,Two-Year,Credit Card,1
    CUST-13950,20,94.06,0.22,7,110,Month-to-Month,Bank Transfer,1
    CUST-13951,53,89.39,0.08,2,65,One-Year,Credit Card,0
    CUST-13952,12,78.82,0.74,0,49,Month-to-Month,Credit Card,1
    CUST-13953,49,146.95,0.69,2,61,Month-to-Month,Credit Card,1
    CUST-13954,17,26.47,0.27,1,54,Month-to-Month,Credit Card,1
    CUST-13955,64,43.48,0.08,4,13,Month-to-Month,Electronic Check,1
    CUST-13956,42,104.18,0.19,1,72,Month-to-Month,Credit Card,1
    CUST-13957,29,37.73,0.69,0,83,Two-Year,Electronic Check,1
    CUST-13958,19,96.62,0.87,2,24,Two-Year,Bank Transfer,1
    CUST-13959,11,93.81,0.23,1,104,Month-to-Month,Electronic Check,1
    CUST-13960,50,146.23,0.74,1,49,Month-to-Month,Credit Card,1
    CUST-13961,71,134.84,0.21,1,37,One-Year,Electronic Check,0
    CUST-13962,58,142.92,0.61,2,89,Month-to-Month,Bank Transfer,1
    CUST-13963,34,34.77,0.08,1,107,One-Year,Electronic Check,1
    CUST-13964,20,132.86,0.53,0,26,One-Year,Electronic Check,0
    CUST-13965,50,36.78,0.24,3,110,One-Year,Credit Card,1
    CUST-13966,10,102.28,0.83,3,42,Month-to-Month,Electronic Check,1
    CUST-13967,32,113.61,0.26,0,91,Month-to-Month,Bank Transfer,1
    CUST-13968,52,40.91,0.36,5,96,Two-Year,Credit Card,1
    CUST-13969,15,102.25,0.76,1,108,Month-to-Month,Credit Card,1
    CUST-13970,3,26.82,0.39,3,3,Two-Year,Electronic Check,1
    CUST-13971,37,58.12,0.21,2,105,Month-to-Month,Electronic Check,1
    CUST-13972,40,139.75,0.49,0,61,Month-to-Month,Electronic Check,1
    CUST-13973,40,42.33,0.76,2,43,One-Year,Credit Card,1
    CUST-13974,56,28.49,0.39,1,73,Month-to-Month,Electronic Check,1
    CUST-13975,23,77.68,0.12,1,65,Month-to-Month,Credit Card,1
    CUST-13976,11,130.58,0.34,1,18,Two-Year,Bank Transfer,1
    CUST-13977,64,29.97,0.86,3,67,Month-to-Month,Credit Card,1
    CUST-13978,8,66.22,0.06,2,14,Month-to-Month,Credit Card,0
    CUST-13979,56,136.97,0.37,3,64,Month-to-Month,Credit Card,1
    CUST-13980,60,35.36,0.58,4,32,One-Year,Bank Transfer,1
    CUST-13981,10,60.39,0.07,1,68,Month-to-Month,Credit Card,1
    CUST-13982,39,121.19,0.31,0,60,Month-to-Month,Electronic Check,1
    CUST-13983,28,90.62,0.85,6,101,Month-to-Month,Electronic Check,1
    CUST-13984,49,128.2,0.03,2,21,Two-Year,Credit Card,0
    CUST-13985,36,34.51,0.68,3,106,Two-Year,Electronic Check,1
    CUST-13986,13,139.67,0.76,0,27,Two-Year,Electronic Check,1
    CUST-13987,36,141.54,0.25,2,5,Two-Year,Bank Transfer,0
    CUST-13988,26,40.19,0.19,4,67,One-Year,Electronic Check,1
    CUST-13989,4,24.4,0.82,3,86,Two-Year,Bank Transfer,1
    CUST-13990,64,148.68,0.69,2,84,Month-to-Month,Electronic Check,1
    CUST-13991,38,82.69,0.1,2,41,Month-to-Month,Credit Card,1
    CUST-13992,22,94.37,0.19,1,108,One-Year,Credit Card,1
    CUST-13993,2,100.07,0.56,1,2,Two-Year,Bank Transfer,1
    CUST-13994,31,122.66,0.38,0,43,One-Year,Bank Transfer,0
    CUST-13995,11,125.56,0.45,4,1,Month-to-Month,Bank Transfer,1
    CUST-13996,46,45.21,0.86,1,23,Two-Year,Bank Transfer,0
    CUST-13997,62,50.76,0.38,2,63,One-Year,Credit Card,0
    CUST-13998,69,133.99,0.79,1,48,One-Year,Electronic Check,1
    CUST-13999,64,126.54,0.59,1,25,One-Year,Credit Card,0
    CUST-14000,10,100.29,0.11,1,90,One-Year,Bank Transfer,1
    CUST-14001,40,149.31,0.67,3,67,Month-to-Month,Electronic Check,1
    CUST-14002,24,115.57,0.47,0,95,Month-to-Month,Credit Card,1
    CUST-14003,44,48.06,0.2,3,91,Two-Year,Electronic Check,0
    CUST-14004,60,130.06,0.26,2,77,Month-to-Month,Credit Card,1
    CUST-14005,62,73.92,0.5,2,47,One-Year,Electronic Check,0
    CUST-14006,17,24.7,0.54,1,97,Month-to-Month,Bank Transfer,1
    CUST-14007,65,61.78,0.87,2,89,Two-Year,Electronic Check,1
    CUST-14008,57,119.26,0.77,4,119,One-Year,Bank Transfer,1
    CUST-14009,55,144.83,0.19,2,56,One-Year,Credit Card,0
    CUST-14010,53,55.9,0.7,2,59,Month-to-Month,Credit Card,1
    CUST-14011,56,52.05,0.01,2,16,Month-to-Month,Electronic Check,0
    CUST-14012,9,93.27,0.12,2,47,One-Year,Electronic Check,1
    CUST-14013,22,125.52,0.18,1,102,Month-to-Month,Bank Transfer,1
    CUST-14014,13,117.05,0.54,2,90,One-Year,Electronic Check,1
    CUST-14015,48,92.79,0.18,3,54,One-Year,Electronic Check,0
    CUST-14016,18,102.08,0.33,4,47,Two-Year,Electronic Check,1
    CUST-14017,40,51.47,0.22,1,52,Month-to-Month,Electronic Check,1
    CUST-14018,17,76.23,0.3,1,18,Month-to-Month,Electronic Check,1
    CUST-14019,15,53.2,0.85,2,81,One-Year,Electronic Check,1
    CUST-14020,15,134.97,0.9,1,46,Month-to-Month,Electronic Check,1
    CUST-14021,63,34.63,0.62,2,118,One-Year,Bank Transfer,1
    CUST-14022,39,108.37,0.52,2,89,Month-to-Month,Bank Transfer,1
    CUST-14023,13,53.84,0.64,3,26,Month-to-Month,Electronic Check,1
    CUST-14024,32,81.83,0.69,2,18,Month-to-Month,Credit Card,1
    CUST-14025,9,58.92,0.67,2,49,Month-to-Month,Credit Card,1
    CUST-14026,40,62.02,0.07,1,65,Two-Year,Electronic Check,0
    CUST-14027,20,53.85,0.28,2,110,Month-to-Month,Electronic Check,1
    CUST-14028,63,117.86,0.31,5,7,Month-to-Month,Electronic Check,1
    CUST-14029,44,67.54,0.33,0,30,Month-to-Month,Bank Transfer,1
    CUST-14030,38,114.43,0.31,1,97,One-Year,Electronic Check,1
    CUST-14031,60,79.29,0.71,3,25,One-Year,Bank Transfer,1
    CUST-14032,71,91.14,0.67,3,25,Month-to-Month,Credit Card,1
    CUST-14033,48,90.63,0.0,1,27,Month-to-Month,Bank Transfer,0
    CUST-14034,18,146.86,0.27,1,35,Two-Year,Bank Transfer,0
    CUST-14035,16,67.72,0.56,2,107,Month-to-Month,Credit Card,1
    CUST-14036,55,47.0,0.11,3,82,Month-to-Month,Bank Transfer,1
    CUST-14037,39,138.53,0.06,0,30,Month-to-Month,Bank Transfer,0
    CUST-14038,68,42.73,0.75,4,14,Month-to-Month,Electronic Check,1
    CUST-14039,59,128.47,0.41,1,35,One-Year,Credit Card,0
    CUST-14040,62,39.53,0.77,4,34,Month-to-Month,Bank Transfer,1
    CUST-14041,13,105.63,0.74,1,84,Month-to-Month,Electronic Check,1
    CUST-14042,6,39.57,0.8,5,15,Month-to-Month,Credit Card,1
    CUST-14043,60,140.0,0.04,0,7,Month-to-Month,Credit Card,0
    CUST-14044,14,93.45,0.17,3,13,One-Year,Credit Card,0
    CUST-14045,54,62.81,0.27,0,100,Month-to-Month,Credit Card,1
    CUST-14046,4,38.24,0.12,5,40,Two-Year,Bank Transfer,1
    CUST-14047,39,68.25,0.44,1,60,One-Year,Credit Card,0
    CUST-14048,25,111.65,0.72,2,117,One-Year,Credit Card,1
    CUST-14049,32,70.04,0.86,1,34,Month-to-Month,Credit Card,1
    CUST-14050,59,51.99,0.8,0,13,Month-to-Month,Bank Transfer,1
    CUST-14051,63,95.06,0.41,2,4,One-Year,Electronic Check,0
    CUST-14052,38,74.32,0.57,5,13,Month-to-Month,Bank Transfer,1
    CUST-14053,53,41.55,0.21,1,48,One-Year,Bank Transfer,0
    CUST-14054,67,40.02,0.36,2,108,Month-to-Month,Bank Transfer,1
    CUST-14055,28,111.97,0.78,1,13,Month-to-Month,Credit Card,1
    CUST-14056,3,146.71,0.03,2,87,One-Year,Electronic Check,1
    CUST-14057,22,50.3,0.48,2,93,One-Year,Credit Card,1
    CUST-14058,38,120.51,0.79,1,33,One-Year,Electronic Check,1
    CUST-14059,62,31.39,0.11,0,23,One-Year,Electronic Check,0
    CUST-14060,57,69.6,0.88,2,67,Month-to-Month,Bank Transfer,1
    CUST-14061,6,85.87,0.01,1,32,Two-Year,Bank Transfer,0
    CUST-14062,32,54.94,0.8,4,55,Month-to-Month,Bank Transfer,1
    CUST-14063,10,88.85,0.32,1,3,Month-to-Month,Electronic Check,1
    CUST-14064,3,134.74,0.12,1,12,Month-to-Month,Electronic Check,1
    CUST-14065,59,142.78,0.14,1,56,One-Year,Bank Transfer,0
    CUST-14066,49,33.07,0.63,4,68,Month-to-Month,Bank Transfer,1
    CUST-14067,59,55.34,0.78,0,33,Month-to-Month,Bank Transfer,1
    CUST-14068,31,147.29,0.58,0,32,Month-to-Month,Electronic Check,1
    CUST-14069,69,55.15,0.84,3,17,One-Year,Electronic Check,0
    CUST-14070,62,110.05,0.76,0,52,One-Year,Bank Transfer,1
    CUST-14071,52,52.95,0.01,5,73,One-Year,Electronic Check,1
    CUST-14072,41,66.33,0.6,2,5,Two-Year,Electronic Check,0
    CUST-14073,31,44.87,0.27,1,21,Two-Year,Credit Card,0
    CUST-14074,22,131.32,0.41,2,3,Month-to-Month,Bank Transfer,1
    CUST-14075,4,134.74,0.08,2,117,One-Year,Credit Card,1
    CUST-14076,13,58.6,0.25,2,103,One-Year,Bank Transfer,1
    CUST-14077,45,127.07,0.57,2,67,Month-to-Month,Electronic Check,1
    CUST-14078,42,66.57,0.2,2,37,Month-to-Month,Electronic Check,1
    CUST-14079,49,32.87,0.58,1,108,One-Year,Electronic Check,1
    CUST-14080,20,118.55,0.83,2,35,Month-to-Month,Bank Transfer,1
    CUST-14081,54,97.54,0.0,2,33,One-Year,Electronic Check,0
    CUST-14082,36,55.67,0.71,1,54,Month-to-Month,Electronic Check,1
    CUST-14083,1,52.89,0.58,1,3,Two-Year,Electronic Check,0
    CUST-14084,15,146.83,0.04,0,48,One-Year,Credit Card,0
    CUST-14085,17,132.13,0.71,1,18,Two-Year,Electronic Check,1
    CUST-14086,24,125.27,0.2,1,3,Month-to-Month,Credit Card,1
    CUST-14087,58,36.64,0.24,3,93,One-Year,Electronic Check,1
    CUST-14088,23,118.17,0.08,3,101,One-Year,Electronic Check,1
    CUST-14089,46,47.89,0.48,0,5,Month-to-Month,Electronic Check,0
    CUST-14090,8,147.06,0.45,4,9,Month-to-Month,Bank Transfer,1
    CUST-14091,59,26.77,0.31,4,76,Month-to-Month,Electronic Check,1
    CUST-14092,59,65.78,0.15,0,16,Two-Year,Electronic Check,0
    CUST-14093,13,75.72,0.75,1,91,Month-to-Month,Credit Card,1
    CUST-14094,39,127.15,0.79,2,73,Month-to-Month,Electronic Check,1
    CUST-14095,28,119.61,0.49,1,50,One-Year,Bank Transfer,0
    CUST-14096,61,68.75,0.22,0,118,One-Year,Electronic Check,0
    CUST-14097,16,93.52,0.09,2,57,Month-to-Month,Bank Transfer,1
    CUST-14098,2,128.63,0.78,1,57,Two-Year,Credit Card,1
    CUST-14099,17,22.37,0.09,3,107,Two-Year,Credit Card,1
    CUST-14100,30,124.28,0.01,3,86,Month-to-Month,Bank Transfer,1
    CUST-14101,13,143.1,0.42,0,17,One-Year,Bank Transfer,0
    CUST-14102,13,24.17,0.66,3,65,One-Year,Bank Transfer,1
    CUST-14103,43,25.93,0.41,3,57,Month-to-Month,Bank Transfer,1
    CUST-14104,21,64.79,0.05,2,63,Two-Year,Bank Transfer,1
    CUST-14105,55,31.41,0.62,3,67,Two-Year,Bank Transfer,1
    CUST-14106,40,82.31,0.58,3,5,One-Year,Electronic Check,0
    CUST-14107,15,114.73,0.61,1,22,Month-to-Month,Bank Transfer,1
    CUST-14108,52,93.7,0.19,3,1,Month-to-Month,Electronic Check,0
    CUST-14109,53,45.54,0.72,2,47,Month-to-Month,Credit Card,1
    CUST-14110,52,105.13,0.43,1,49,Month-to-Month,Bank Transfer,1
    CUST-14111,30,109.03,0.48,3,4,Two-Year,Credit Card,1
    CUST-14112,33,141.22,0.49,2,22,Two-Year,Electronic Check,0
    CUST-14113,57,39.08,0.26,6,88,Month-to-Month,Bank Transfer,1
    CUST-14114,52,110.0,0.23,4,55,One-Year,Electronic Check,0
    CUST-14115,9,138.49,0.0,2,32,Month-to-Month,Bank Transfer,1
    CUST-14116,54,85.2,0.36,2,110,Month-to-Month,Bank Transfer,1
    CUST-14117,1,67.03,0.44,1,66,Month-to-Month,Bank Transfer,1
    CUST-14118,44,42.2,0.67,8,100,Month-to-Month,Bank Transfer,1
    CUST-14119,9,132.68,0.06,2,69,Month-to-Month,Electronic Check,1
    CUST-14120,32,71.25,0.83,2,71,Month-to-Month,Electronic Check,1
    CUST-14121,15,140.23,0.24,0,100,One-Year,Credit Card,0
    CUST-14122,12,130.21,0.33,1,104,Month-to-Month,Bank Transfer,1
    CUST-14123,57,68.96,0.04,4,107,Month-to-Month,Credit Card,1
    CUST-14124,8,94.61,0.59,3,8,Two-Year,Credit Card,1
    CUST-14125,27,23.53,0.64,5,36,Month-to-Month,Credit Card,1
    CUST-14126,62,54.22,0.84,3,107,One-Year,Electronic Check,1
    CUST-14127,12,112.34,0.3,6,12,Month-to-Month,Credit Card,1
    CUST-14128,65,108.13,0.23,0,28,Month-to-Month,Bank Transfer,0
    CUST-14129,42,65.94,0.65,2,2,Month-to-Month,Bank Transfer,1
    CUST-14130,62,125.12,0.64,2,111,One-Year,Bank Transfer,1
    CUST-14131,11,50.66,0.84,1,78,One-Year,Credit Card,1
    CUST-14132,43,79.97,0.18,2,19,Month-to-Month,Credit Card,1
    CUST-14133,17,81.43,0.63,4,85,Month-to-Month,Credit Card,1
    CUST-14134,32,64.31,0.06,3,94,One-Year,Bank Transfer,1
    CUST-14135,40,144.11,0.43,3,49,Month-to-Month,Electronic Check,1
    CUST-14136,23,110.57,0.11,1,112,Month-to-Month,Credit Card,1
    CUST-14137,56,90.1,0.59,2,37,Month-to-Month,Electronic Check,1
    CUST-14138,6,86.37,0.54,2,52,Month-to-Month,Credit Card,1
    CUST-14139,50,40.71,0.04,2,85,Month-to-Month,Electronic Check,1
    CUST-14140,37,68.38,0.29,0,92,One-Year,Bank Transfer,0
    CUST-14141,64,107.46,0.36,3,60,Month-to-Month,Bank Transfer,1
    CUST-14142,54,140.19,0.22,3,97,One-Year,Credit Card,0
    CUST-14143,49,126.14,0.03,1,42,Two-Year,Credit Card,0
    CUST-14144,11,59.05,0.29,3,7,Two-Year,Bank Transfer,1
    CUST-14145,49,76.41,0.71,0,42,Month-to-Month,Electronic Check,1
    CUST-14146,21,30.78,0.32,4,57,One-Year,Electronic Check,1
    CUST-14147,66,33.28,0.29,1,16,One-Year,Bank Transfer,0
    CUST-14148,63,81.13,0.85,3,101,Two-Year,Credit Card,1
    CUST-14149,28,88.93,0.04,1,115,Two-Year,Credit Card,0
    CUST-14150,17,54.32,0.69,1,25,One-Year,Credit Card,1
    CUST-14151,6,103.56,0.43,3,38,One-Year,Bank Transfer,1
    CUST-14152,19,111.44,0.85,0,44,Month-to-Month,Credit Card,1
    CUST-14153,56,58.89,0.35,2,38,Month-to-Month,Credit Card,1
    CUST-14154,28,118.6,0.64,1,106,One-Year,Electronic Check,1
    CUST-14155,66,46.73,0.06,4,106,Month-to-Month,Bank Transfer,1
    CUST-14156,38,90.75,0.84,5,45,Month-to-Month,Credit Card,1
    CUST-14157,37,124.56,0.31,2,115,Two-Year,Bank Transfer,1
    CUST-14158,68,89.81,0.47,1,30,Two-Year,Electronic Check,0
    CUST-14159,49,138.04,0.12,0,81,Month-to-Month,Bank Transfer,0
    CUST-14160,43,27.61,0.85,2,16,Two-Year,Bank Transfer,1
    CUST-14161,36,96.48,0.61,0,4,Two-Year,Electronic Check,0
    CUST-14162,58,93.03,0.05,2,94,Month-to-Month,Bank Transfer,1
    CUST-14163,13,105.85,0.14,1,84,Month-to-Month,Credit Card,1
    CUST-14164,52,128.34,0.36,2,35,Two-Year,Bank Transfer,0
    CUST-14165,58,114.36,0.2,1,61,Month-to-Month,Credit Card,0
    CUST-14166,32,122.74,0.27,5,5,Two-Year,Electronic Check,0
    CUST-14167,60,57.55,0.9,6,109,Month-to-Month,Credit Card,1
    CUST-14168,58,70.37,0.59,2,78,One-Year,Credit Card,1
    CUST-14169,56,101.48,0.83,5,41,Month-to-Month,Electronic Check,1
    CUST-14170,28,91.95,0.39,4,41,Month-to-Month,Credit Card,1
    CUST-14171,1,144.94,0.64,2,104,Two-Year,Credit Card,1
    CUST-14172,42,44.29,0.41,0,28,Month-to-Month,Bank Transfer,0
    CUST-14173,48,65.67,0.3,4,10,One-Year,Credit Card,0
    CUST-14174,40,94.46,0.47,3,118,Two-Year,Electronic Check,1
    CUST-14175,63,132.84,0.38,1,52,Two-Year,Bank Transfer,0
    CUST-14176,4,140.82,0.88,2,94,Two-Year,Bank Transfer,1
    CUST-14177,38,63.68,0.45,2,114,Month-to-Month,Credit Card,1
    CUST-14178,27,28.72,0.73,1,32,One-Year,Bank Transfer,1
    CUST-14179,9,74.81,0.6,2,76,Month-to-Month,Electronic Check,1
    CUST-14180,16,71.26,0.43,0,45,Month-to-Month,Electronic Check,1
    CUST-14181,56,148.24,0.43,2,16,Month-to-Month,Credit Card,1
    CUST-14182,31,76.04,0.31,1,90,Month-to-Month,Credit Card,1
    CUST-14183,14,59.74,0.1,2,64,Month-to-Month,Electronic Check,1
    CUST-14184,25,67.5,0.69,2,35,Month-to-Month,Electronic Check,1
    CUST-14185,34,71.6,0.83,3,105,Month-to-Month,Electronic Check,1
    CUST-14186,67,126.8,0.2,1,80,Month-to-Month,Bank Transfer,1
    CUST-14187,24,30.53,0.83,2,17,Month-to-Month,Credit Card,1
    CUST-14188,26,61.15,0.21,0,112,Month-to-Month,Credit Card,1
    CUST-14189,20,145.62,0.48,3,87,Two-Year,Electronic Check,1
    CUST-14190,64,39.9,0.31,3,42,Month-to-Month,Electronic Check,1
    CUST-14191,10,116.54,0.1,3,22,One-Year,Credit Card,1
    CUST-14192,67,66.33,0.05,6,50,Month-to-Month,Bank Transfer,1
    CUST-14193,24,95.63,0.33,2,21,Month-to-Month,Credit Card,1
    CUST-14194,5,32.94,0.04,2,98,One-Year,Credit Card,1
    CUST-14195,67,59.83,0.09,4,46,Month-to-Month,Credit Card,0
    CUST-14196,58,85.11,0.13,6,57,Two-Year,Electronic Check,1
    CUST-14197,27,50.12,0.0,2,5,Two-Year,Credit Card,0
    CUST-14198,15,90.44,0.14,1,102,Two-Year,Credit Card,1
    CUST-14199,35,48.57,0.52,1,52,Month-to-Month,Credit Card,1
    CUST-14200,53,104.51,0.74,0,31,Two-Year,Credit Card,1
    CUST-14201,44,137.57,0.17,2,33,Month-to-Month,Bank Transfer,1
    CUST-14202,26,31.11,0.07,3,47,One-Year,Bank Transfer,0
    CUST-14203,47,48.16,0.66,1,3,Two-Year,Electronic Check,0
    CUST-14204,34,129.77,0.01,4,53,Month-to-Month,Credit Card,1
    CUST-14205,50,102.1,0.66,2,83,Month-to-Month,Electronic Check,1
    CUST-14206,12,30.23,0.12,3,56,Month-to-Month,Credit Card,1
    CUST-14207,4,83.23,0.21,0,18,One-Year,Electronic Check,0
    CUST-14208,48,47.27,0.11,4,28,One-Year,Credit Card,0
    CUST-14209,55,45.88,0.22,2,15,Month-to-Month,Bank Transfer,0
    CUST-14210,1,142.28,0.72,2,50,One-Year,Bank Transfer,1
    CUST-14211,66,119.0,0.12,3,33,Two-Year,Credit Card,0
    CUST-14212,30,110.51,0.89,2,28,Two-Year,Electronic Check,1
    CUST-14213,3,51.06,0.29,1,46,Month-to-Month,Credit Card,1
    CUST-14214,21,35.41,0.83,1,113,Month-to-Month,Credit Card,1
    CUST-14215,49,133.21,0.17,3,116,Two-Year,Credit Card,1
    CUST-14216,62,20.76,0.17,2,72,Month-to-Month,Bank Transfer,1
    CUST-14217,38,70.45,0.51,2,104,Month-to-Month,Electronic Check,1
    CUST-14218,15,56.09,0.05,1,113,Two-Year,Bank Transfer,1
    CUST-14219,52,94.15,0.72,4,94,One-Year,Credit Card,1
    CUST-14220,46,52.57,0.4,2,1,One-Year,Electronic Check,0
    CUST-14221,25,60.46,0.63,6,71,Month-to-Month,Electronic Check,1
    CUST-14222,21,130.51,0.16,2,55,Two-Year,Bank Transfer,0
    CUST-14223,5,98.41,0.58,4,58,Month-to-Month,Credit Card,1
    CUST-14224,70,38.94,0.53,2,78,Month-to-Month,Credit Card,1
    CUST-14225,47,114.44,0.68,1,21,Two-Year,Electronic Check,0
    CUST-14226,68,46.97,0.27,4,56,Month-to-Month,Bank Transfer,1
    CUST-14227,18,76.29,0.84,2,70,One-Year,Bank Transfer,1
    CUST-14228,21,104.06,0.87,2,17,Month-to-Month,Credit Card,1
    CUST-14229,23,55.35,0.78,1,78,Month-to-Month,Bank Transfer,1
    CUST-14230,64,69.93,0.51,2,7,One-Year,Electronic Check,0
    CUST-14231,67,115.44,0.38,5,79,One-Year,Credit Card,1
    CUST-14232,40,141.93,0.05,1,72,Month-to-Month,Electronic Check,1
    CUST-14233,10,88.8,0.85,1,60,One-Year,Bank Transfer,1
    CUST-14234,52,21.3,0.86,2,48,Month-to-Month,Credit Card,1
    CUST-14235,61,64.0,0.02,2,10,Month-to-Month,Electronic Check,0
    CUST-14236,64,71.82,0.32,2,93,One-Year,Credit Card,0
    CUST-14237,5,64.09,0.79,4,41,One-Year,Credit Card,1
    CUST-14238,53,76.71,0.07,2,19,Two-Year,Electronic Check,0
    CUST-14239,55,102.25,0.18,3,62,Month-to-Month,Credit Card,1
    CUST-14240,37,35.75,0.88,2,66,Month-to-Month,Credit Card,1
    CUST-14241,56,55.44,0.76,2,8,Month-to-Month,Credit Card,1
    CUST-14242,59,85.99,0.82,1,30,One-Year,Electronic Check,1
    CUST-14243,69,61.02,0.13,2,107,Month-to-Month,Electronic Check,1
    CUST-14244,59,148.84,0.19,4,36,Month-to-Month,Credit Card,0
    CUST-14245,2,76.09,0.54,0,50,Month-to-Month,Electronic Check,1
    CUST-14246,65,133.07,0.45,0,82,Two-Year,Credit Card,0
    CUST-14247,60,136.55,0.27,4,2,One-Year,Bank Transfer,0
    CUST-14248,51,128.68,0.8,0,5,Month-to-Month,Bank Transfer,1
    CUST-14249,30,26.1,0.81,1,46,One-Year,Bank Transfer,1
    CUST-14250,11,143.21,0.26,0,77,One-Year,Electronic Check,0
    CUST-14251,39,36.74,0.14,2,40,Two-Year,Credit Card,0
    CUST-14252,63,24.47,0.13,0,57,One-Year,Electronic Check,0
    CUST-14253,64,73.87,0.44,1,11,Month-to-Month,Bank Transfer,1
    CUST-14254,61,45.3,0.12,2,118,Two-Year,Bank Transfer,0
    CUST-14255,54,43.95,0.43,1,72,Month-to-Month,Credit Card,1
    CUST-14256,58,57.42,0.42,1,111,One-Year,Credit Card,1
    CUST-14257,56,52.29,0.8,1,38,One-Year,Credit Card,1
    CUST-14258,34,109.02,0.27,4,17,Month-to-Month,Electronic Check,1
    CUST-14259,31,44.28,0.5,1,75,Two-Year,Electronic Check,1
    CUST-14260,52,90.61,0.67,1,26,Month-to-Month,Credit Card,1
    CUST-14261,1,148.24,0.54,3,39,Month-to-Month,Electronic Check,1
    CUST-14262,55,76.21,0.86,1,98,Month-to-Month,Electronic Check,1
    CUST-14263,22,103.44,0.54,3,67,Two-Year,Bank Transfer,1
    CUST-14264,40,146.02,0.81,2,114,Month-to-Month,Bank Transfer,1
    CUST-14265,1,37.89,0.22,1,25,Month-to-Month,Credit Card,1
    CUST-14266,65,74.42,0.5,2,88,Month-to-Month,Credit Card,1
    CUST-14267,63,130.53,0.49,2,117,Month-to-Month,Credit Card,1
    CUST-14268,54,141.2,0.89,2,116,Month-to-Month,Bank Transfer,1
    CUST-14269,42,98.16,0.18,1,87,Month-to-Month,Electronic Check,1
    CUST-14270,21,38.64,0.13,2,30,Month-to-Month,Electronic Check,1
    CUST-14271,22,137.19,0.55,1,46,Month-to-Month,Bank Transfer,1
    CUST-14272,38,42.68,0.2,0,41,One-Year,Credit Card,0
    CUST-14273,8,65.87,0.58,3,104,Month-to-Month,Credit Card,1
    CUST-14274,62,68.82,0.88,3,91,One-Year,Credit Card,1
    CUST-14275,47,78.15,0.85,2,50,Month-to-Month,Credit Card,1
    CUST-14276,17,122.72,0.21,1,108,Two-Year,Electronic Check,1
    CUST-14277,17,124.28,0.15,2,44,Month-to-Month,Credit Card,1
    CUST-14278,13,113.56,0.5,3,10,One-Year,Bank Transfer,1
    CUST-14279,17,22.88,0.53,1,73,Two-Year,Credit Card,1
    CUST-14280,38,93.43,0.6,5,2,Two-Year,Electronic Check,1
    CUST-14281,45,117.17,0.67,2,21,One-Year,Credit Card,1
    CUST-14282,6,77.8,0.54,1,75,Month-to-Month,Credit Card,1
    CUST-14283,35,142.84,0.1,3,118,Month-to-Month,Electronic Check,1
    CUST-14284,14,127.1,0.71,3,74,Month-to-Month,Bank Transfer,1
    CUST-14285,61,102.96,0.07,1,25,Two-Year,Electronic Check,0
    CUST-14286,15,28.12,0.02,6,104,Month-to-Month,Electronic Check,1
    CUST-14287,54,104.81,0.69,2,69,One-Year,Credit Card,1
    CUST-14288,27,138.51,0.49,1,22,Month-to-Month,Electronic Check,1
    CUST-14289,13,69.33,0.63,0,69,Two-Year,Credit Card,1
    CUST-14290,31,128.96,0.34,2,73,One-Year,Electronic Check,1
    CUST-14291,35,60.71,0.01,1,11,Month-to-Month,Electronic Check,1
    CUST-14292,60,94.11,0.3,3,44,One-Year,Credit Card,0
    CUST-14293,6,104.3,0.55,3,5,Month-to-Month,Electronic Check,1
    CUST-14294,69,108.14,0.2,4,6,One-Year,Electronic Check,0
    CUST-14295,58,134.73,0.62,1,97,Two-Year,Credit Card,1
    CUST-14296,49,50.5,0.71,0,16,Two-Year,Electronic Check,1
    CUST-14297,23,54.11,0.41,3,46,Month-to-Month,Electronic Check,1
    CUST-14298,34,111.53,0.79,1,24,Month-to-Month,Credit Card,1
    CUST-14299,26,43.04,0.77,3,14,One-Year,Electronic Check,1
    CUST-14300,47,80.36,0.79,2,24,One-Year,Bank Transfer,1
    CUST-14301,5,22.6,0.59,1,109,Month-to-Month,Electronic Check,1
    CUST-14302,20,38.33,0.27,3,76,One-Year,Electronic Check,1
    CUST-14303,6,108.25,0.43,1,23,Month-to-Month,Electronic Check,1
    CUST-14304,70,117.17,0.64,3,39,One-Year,Credit Card,1
    CUST-14305,59,34.99,0.19,0,6,Two-Year,Credit Card,0
    CUST-14306,64,49.6,0.66,1,119,One-Year,Bank Transfer,1
    CUST-14307,18,32.86,0.49,2,105,Month-to-Month,Credit Card,1
    CUST-14308,4,76.34,0.09,2,21,Two-Year,Bank Transfer,0
    CUST-14309,17,36.4,0.5,2,112,Month-to-Month,Electronic Check,1
    CUST-14310,14,76.85,0.06,0,73,Month-to-Month,Electronic Check,1
    CUST-14311,13,115.17,0.01,2,46,Month-to-Month,Electronic Check,1
    CUST-14312,7,108.84,0.8,1,105,Month-to-Month,Electronic Check,1
    CUST-14313,44,56.46,0.44,8,100,Month-to-Month,Bank Transfer,1
    CUST-14314,15,107.59,0.49,0,41,One-Year,Bank Transfer,0
    CUST-14315,19,140.6,0.25,2,104,One-Year,Electronic Check,1
    CUST-14316,63,65.18,0.49,0,110,One-Year,Electronic Check,0
    CUST-14317,35,62.79,0.15,2,59,Two-Year,Credit Card,0
    CUST-14318,35,94.29,0.67,4,69,Two-Year,Electronic Check,1
    CUST-14319,19,51.92,0.74,1,112,Month-to-Month,Bank Transfer,1
    CUST-14320,20,104.71,0.77,4,42,Month-to-Month,Bank Transfer,1
    CUST-14321,35,128.19,0.1,1,95,One-Year,Credit Card,0
    CUST-14322,32,79.71,0.5,5,59,One-Year,Electronic Check,1
    CUST-14323,48,108.34,0.73,2,35,Month-to-Month,Credit Card,1
    CUST-14324,44,104.75,0.12,3,41,One-Year,Bank Transfer,0
    CUST-14325,24,25.03,0.09,5,67,One-Year,Credit Card,1
    CUST-14326,61,43.84,0.74,2,83,Two-Year,Credit Card,1
    CUST-14327,17,136.16,0.72,1,83,One-Year,Bank Transfer,1
    CUST-14328,71,142.06,0.4,0,65,One-Year,Electronic Check,0
    CUST-14329,50,121.46,0.1,2,86,One-Year,Credit Card,0
    CUST-14330,65,139.76,0.46,2,19,Month-to-Month,Credit Card,1
    CUST-14331,32,59.8,0.36,3,90,One-Year,Bank Transfer,1
    CUST-14332,36,52.2,0.47,4,79,Month-to-Month,Bank Transfer,1
    CUST-14333,13,69.96,0.4,5,19,Month-to-Month,Credit Card,1
    CUST-14334,70,27.19,0.51,2,25,One-Year,Bank Transfer,0
    CUST-14335,58,125.28,0.65,2,39,Month-to-Month,Electronic Check,1
    CUST-14336,14,147.94,0.7,2,95,Month-to-Month,Credit Card,1
    CUST-14337,37,127.12,0.58,3,94,Month-to-Month,Electronic Check,1
    CUST-14338,68,92.15,0.18,1,33,Month-to-Month,Bank Transfer,0
    CUST-14339,40,58.39,0.36,0,80,Month-to-Month,Electronic Check,1
    CUST-14340,59,45.7,0.06,3,40,Month-to-Month,Electronic Check,0
    CUST-14341,16,67.33,0.41,1,12,Month-to-Month,Credit Card,1
    CUST-14342,62,106.71,0.87,0,92,Month-to-Month,Bank Transfer,1
    CUST-14343,4,78.12,0.58,2,30,Month-to-Month,Bank Transfer,1
    CUST-14344,45,141.43,0.14,1,70,Two-Year,Electronic Check,0
    CUST-14345,28,131.05,0.24,2,42,Two-Year,Credit Card,0
    CUST-14346,66,33.31,0.06,3,14,Month-to-Month,Credit Card,0
    CUST-14347,31,37.1,0.16,2,5,Month-to-Month,Electronic Check,0
    CUST-14348,3,107.91,0.44,1,36,One-Year,Credit Card,0
    CUST-14349,8,50.0,0.31,2,59,Month-to-Month,Credit Card,1
    CUST-14350,24,122.83,0.18,0,57,Two-Year,Bank Transfer,0
    CUST-14351,15,96.88,0.13,2,87,One-Year,Bank Transfer,1
    CUST-14352,43,49.88,0.59,3,60,Month-to-Month,Bank Transfer,1
    CUST-14353,31,82.23,0.5,1,96,Month-to-Month,Bank Transfer,1
    CUST-14354,45,72.79,0.76,1,95,One-Year,Credit Card,1
    CUST-14355,66,133.51,0.16,0,78,Month-to-Month,Electronic Check,0
    CUST-14356,8,24.18,0.76,0,96,Month-to-Month,Credit Card,1
    CUST-14357,71,136.46,0.52,2,63,One-Year,Electronic Check,0
    CUST-14358,57,104.77,0.24,2,49,Month-to-Month,Electronic Check,1
    CUST-14359,30,115.88,0.25,0,91,One-Year,Electronic Check,0
    CUST-14360,18,20.34,0.35,3,65,Two-Year,Credit Card,1
    CUST-14361,69,101.67,0.41,0,113,Month-to-Month,Electronic Check,1
    CUST-14362,39,96.5,0.07,2,52,Month-to-Month,Bank Transfer,0
    CUST-14363,60,89.84,0.76,3,9,Two-Year,Credit Card,1
    CUST-14364,43,122.16,0.11,4,16,Month-to-Month,Electronic Check,1
    CUST-14365,45,92.26,0.44,2,35,Month-to-Month,Electronic Check,1
    CUST-14366,23,131.42,0.34,1,74,Two-Year,Electronic Check,1
    CUST-14367,69,50.24,0.46,1,113,Month-to-Month,Bank Transfer,1
    CUST-14368,6,124.78,0.8,4,16,Month-to-Month,Bank Transfer,1
    CUST-14369,56,43.31,0.89,1,94,Month-to-Month,Bank Transfer,1
    CUST-14370,4,125.71,0.02,2,33,Two-Year,Bank Transfer,1
    CUST-14371,23,142.26,0.35,1,51,One-Year,Bank Transfer,1
    CUST-14372,6,63.64,0.74,2,61,One-Year,Credit Card,1
    CUST-14373,32,88.89,0.29,0,79,Month-to-Month,Credit Card,1
    CUST-14374,18,105.58,0.58,1,59,Month-to-Month,Bank Transfer,1
    CUST-14375,15,30.33,0.89,2,103,Two-Year,Electronic Check,1
    CUST-14376,40,84.23,0.58,2,72,One-Year,Credit Card,1
    CUST-14377,6,66.88,0.1,2,4,Month-to-Month,Bank Transfer,1
    CUST-14378,63,133.42,0.76,1,108,Two-Year,Bank Transfer,1
    CUST-14379,67,133.97,0.87,1,2,Two-Year,Bank Transfer,1
    CUST-14380,11,111.1,0.64,2,71,One-Year,Electronic Check,1
    CUST-14381,43,105.24,0.38,0,58,Two-Year,Credit Card,0
    CUST-14382,17,115.38,0.85,2,102,Month-to-Month,Credit Card,1
    CUST-14383,4,67.58,0.87,2,62,One-Year,Bank Transfer,1
    CUST-14384,63,72.59,0.84,1,98,Month-to-Month,Credit Card,1
    CUST-14385,68,91.98,0.37,3,25,One-Year,Electronic Check,0
    CUST-14386,41,141.94,0.71,4,71,Two-Year,Electronic Check,1
    CUST-14387,5,114.12,0.59,1,25,Month-to-Month,Credit Card,1
    CUST-14388,32,91.63,0.16,3,66,One-Year,Electronic Check,1
    CUST-14389,70,120.15,0.48,0,26,Month-to-Month,Bank Transfer,0
    CUST-14390,35,68.22,0.67,0,100,One-Year,Bank Transfer,1
    CUST-14391,22,114.96,0.81,0,112,Month-to-Month,Bank Transfer,1
    CUST-14392,65,73.39,0.78,5,102,Month-to-Month,Electronic Check,1
    CUST-14393,22,56.36,0.14,0,106,One-Year,Bank Transfer,0
    CUST-14394,11,99.26,0.44,1,55,One-Year,Credit Card,1
    CUST-14395,3,109.29,0.43,4,110,Month-to-Month,Electronic Check,1
    CUST-14396,9,79.71,0.81,4,3,Month-to-Month,Credit Card,1
    CUST-14397,60,93.52,0.0,2,46,One-Year,Bank Transfer,0
    CUST-14398,14,110.23,0.66,2,29,One-Year,Electronic Check,1
    CUST-14399,18,119.8,0.56,5,58,Month-to-Month,Electronic Check,1
    CUST-14400,23,136.42,0.83,0,11,One-Year,Credit Card,1
    CUST-14401,47,66.09,0.41,2,107,One-Year,Credit Card,1
    CUST-14402,69,143.69,0.59,5,21,One-Year,Credit Card,1
    CUST-14403,47,102.85,0.88,0,43,Two-Year,Credit Card,0
    CUST-14404,30,122.4,0.67,1,4,One-Year,Electronic Check,0
    CUST-14405,25,110.97,0.06,1,69,Two-Year,Bank Transfer,0
    CUST-14406,28,46.72,0.15,1,70,Two-Year,Credit Card,1
    CUST-14407,25,29.29,0.74,3,22,One-Year,Electronic Check,1
    CUST-14408,58,114.42,0.3,0,110,Month-to-Month,Credit Card,1
    CUST-14409,41,86.44,0.64,2,103,Month-to-Month,Bank Transfer,1
    CUST-14410,25,111.29,0.63,3,6,Two-Year,Bank Transfer,1
    CUST-14411,48,81.99,0.89,4,78,Month-to-Month,Credit Card,1
    CUST-14412,10,60.59,0.42,4,22,Month-to-Month,Credit Card,1
    CUST-14413,11,57.05,0.66,1,16,Two-Year,Electronic Check,1
    CUST-14414,21,114.97,0.04,1,96,One-Year,Electronic Check,0
    CUST-14415,45,55.98,0.42,2,36,Month-to-Month,Electronic Check,1
    CUST-14416,7,112.91,0.17,2,50,Two-Year,Credit Card,0
    CUST-14417,64,69.91,0.76,2,58,One-Year,Credit Card,1
    CUST-14418,64,120.22,0.76,4,71,Month-to-Month,Credit Card,1
    CUST-14419,2,38.57,0.21,4,87,Month-to-Month,Bank Transfer,1
    CUST-14420,42,46.65,0.29,2,51,One-Year,Bank Transfer,0
    CUST-14421,54,109.17,0.63,2,78,One-Year,Credit Card,1
    CUST-14422,16,92.83,0.66,1,47,One-Year,Electronic Check,1
    CUST-14423,18,46.5,0.59,4,53,Month-to-Month,Electronic Check,1
    CUST-14424,59,137.37,0.9,4,6,One-Year,Credit Card,1
    CUST-14425,16,55.87,0.78,5,106,One-Year,Electronic Check,1
    CUST-14426,6,74.74,0.38,2,25,Two-Year,Credit Card,1
    CUST-14427,57,46.3,0.29,4,3,One-Year,Bank Transfer,0
    CUST-14428,47,70.44,0.54,4,13,Month-to-Month,Electronic Check,1
    CUST-14429,48,83.91,0.74,1,115,Month-to-Month,Bank Transfer,1
    CUST-14430,42,58.38,0.43,3,53,One-Year,Bank Transfer,1
    CUST-14431,60,119.98,0.66,2,114,One-Year,Credit Card,1
    CUST-14432,4,71.21,0.02,3,67,Month-to-Month,Bank Transfer,1
    CUST-14433,2,114.84,0.83,1,31,Month-to-Month,Electronic Check,1
    CUST-14434,59,46.92,0.7,6,118,Month-to-Month,Credit Card,1
    CUST-14435,27,69.01,0.35,2,67,Month-to-Month,Credit Card,1
    CUST-14436,27,21.05,0.35,3,81,Month-to-Month,Electronic Check,1
    CUST-14437,7,118.62,0.09,1,55,Two-Year,Bank Transfer,0
    CUST-14438,63,101.37,0.73,2,103,One-Year,Credit Card,1
    CUST-14439,46,126.32,0.69,1,66,Two-Year,Credit Card,1
    CUST-14440,63,79.23,0.57,4,5,Two-Year,Credit Card,0
    CUST-14441,12,123.97,0.09,2,9,One-Year,Electronic Check,0
    CUST-14442,13,104.19,0.24,2,29,Month-to-Month,Electronic Check,1
    CUST-14443,43,20.47,0.41,1,35,Two-Year,Credit Card,0
    CUST-14444,17,52.98,0.24,1,104,Month-to-Month,Credit Card,1
    CUST-14445,63,84.21,0.39,1,100,Month-to-Month,Electronic Check,1
    CUST-14446,36,100.43,0.2,1,35,Month-to-Month,Bank Transfer,1
    CUST-14447,8,28.53,0.31,3,50,Month-to-Month,Credit Card,1
    CUST-14448,69,111.66,0.59,3,30,Month-to-Month,Electronic Check,1
    CUST-14449,36,90.66,0.8,4,15,Month-to-Month,Bank Transfer,1
    CUST-14450,28,88.35,0.35,3,29,Month-to-Month,Bank Transfer,1
    CUST-14451,47,57.97,0.62,3,25,One-Year,Electronic Check,1
    CUST-14452,30,97.33,0.12,2,75,One-Year,Credit Card,0
    CUST-14453,23,23.57,0.49,1,101,Month-to-Month,Electronic Check,1
    CUST-14454,16,28.41,0.83,2,57,Month-to-Month,Electronic Check,1
    CUST-14455,14,115.4,0.03,5,112,Month-to-Month,Bank Transfer,1
    CUST-14456,71,61.85,0.24,1,51,Month-to-Month,Credit Card,0
    CUST-14457,52,65.11,0.12,4,68,One-Year,Bank Transfer,1
    CUST-14458,37,47.09,0.48,3,118,Two-Year,Electronic Check,1
    CUST-14459,29,77.93,0.61,3,107,Month-to-Month,Electronic Check,1
    CUST-14460,67,26.76,0.05,2,58,Month-to-Month,Credit Card,0
    CUST-14461,15,59.05,0.06,2,12,Month-to-Month,Electronic Check,1
    CUST-14462,47,88.53,0.78,3,96,Month-to-Month,Electronic Check,1
    CUST-14463,46,80.53,0.41,1,69,Month-to-Month,Bank Transfer,1
    CUST-14464,52,149.96,0.42,2,106,Month-to-Month,Credit Card,1
    CUST-14465,19,70.54,0.85,3,106,Month-to-Month,Electronic Check,1
    CUST-14466,21,70.31,0.29,1,115,Two-Year,Credit Card,1
    CUST-14467,64,85.47,0.81,2,101,Two-Year,Credit Card,1
    CUST-14468,37,44.74,0.88,3,37,One-Year,Bank Transfer,1
    CUST-14469,27,133.92,0.22,2,25,Two-Year,Bank Transfer,0
    CUST-14470,55,94.39,0.46,3,68,Month-to-Month,Electronic Check,1
    CUST-14471,29,44.97,0.48,2,24,Month-to-Month,Electronic Check,1
    CUST-14472,20,123.15,0.78,0,36,Month-to-Month,Credit Card,1
    CUST-14473,25,24.46,0.27,2,2,One-Year,Bank Transfer,0
    CUST-14474,70,147.73,0.72,0,35,Two-Year,Electronic Check,0
    CUST-14475,63,132.47,0.87,6,100,Month-to-Month,Credit Card,1
    CUST-14476,36,95.35,0.76,2,8,Month-to-Month,Credit Card,1
    CUST-14477,2,34.47,0.82,4,73,Two-Year,Bank Transfer,1
    CUST-14478,22,47.99,0.64,4,28,Month-to-Month,Electronic Check,1
    CUST-14479,16,56.33,0.81,1,60,One-Year,Electronic Check,1
    CUST-14480,18,51.33,0.15,2,54,Month-to-Month,Electronic Check,1
    CUST-14481,69,84.68,0.64,0,104,Month-to-Month,Bank Transfer,1
    CUST-14482,54,142.79,0.66,2,44,One-Year,Credit Card,0
    CUST-14483,30,77.74,0.4,5,10,Month-to-Month,Electronic Check,1
    CUST-14484,45,106.0,0.07,0,5,Month-to-Month,Bank Transfer,0
    CUST-14485,19,109.52,0.56,5,101,Two-Year,Electronic Check,1
    CUST-14486,34,133.31,0.05,1,47,Month-to-Month,Electronic Check,1
    CUST-14487,13,24.4,0.34,1,31,Month-to-Month,Bank Transfer,1
    CUST-14488,43,72.56,0.35,1,116,Month-to-Month,Electronic Check,1
    CUST-14489,62,122.02,0.9,1,29,Month-to-Month,Electronic Check,1
    CUST-14490,22,125.93,0.27,4,3,Month-to-Month,Credit Card,1
    CUST-14491,52,140.55,0.74,1,26,Month-to-Month,Bank Transfer,1
    CUST-14492,52,111.36,0.05,2,95,Month-to-Month,Electronic Check,1
    CUST-14493,36,51.87,0.48,0,2,Month-to-Month,Credit Card,0
    CUST-14494,19,85.74,0.48,0,79,Two-Year,Electronic Check,1
    CUST-14495,38,24.2,0.57,2,77,Month-to-Month,Electronic Check,1
    CUST-14496,70,104.1,0.73,1,92,One-Year,Credit Card,1
    CUST-14497,57,92.06,0.69,2,56,Month-to-Month,Electronic Check,1
    CUST-14498,20,106.69,0.68,5,108,Month-to-Month,Credit Card,1
    CUST-14499,9,140.92,0.39,2,14,Month-to-Month,Credit Card,1
    CUST-14500,32,109.35,0.65,3,76,Two-Year,Credit Card,1
    CUST-14501,4,61.66,0.44,0,15,Month-to-Month,Electronic Check,0
    CUST-14502,50,45.84,0.06,2,85,Month-to-Month,Bank Transfer,1
    CUST-14503,5,131.1,0.8,0,118,Month-to-Month,Bank Transfer,1
    CUST-14504,20,45.26,0.8,1,93,One-Year,Electronic Check,1
    CUST-14505,37,41.01,0.29,2,45,Two-Year,Credit Card,0
    CUST-14506,22,46.86,0.82,1,99,Month-to-Month,Bank Transfer,1
    CUST-14507,58,86.15,0.68,2,47,One-Year,Credit Card,0
    CUST-14508,68,36.14,0.36,2,20,Month-to-Month,Bank Transfer,0
    CUST-14509,44,141.96,0.3,1,18,Two-Year,Electronic Check,0
    CUST-14510,34,145.61,0.88,6,102,One-Year,Bank Transfer,1
    CUST-14511,42,146.59,0.64,2,79,Month-to-Month,Electronic Check,1
    CUST-14512,9,25.09,0.34,1,61,Month-to-Month,Credit Card,1
    CUST-14513,7,143.01,0.58,2,76,Month-to-Month,Credit Card,1
    CUST-14514,68,149.66,0.51,2,98,One-Year,Electronic Check,0
    CUST-14515,19,142.52,0.47,5,5,Month-to-Month,Bank Transfer,1
    CUST-14516,31,107.22,0.58,1,58,One-Year,Credit Card,1
    CUST-14517,35,111.16,0.48,3,81,One-Year,Electronic Check,1
    CUST-14518,57,35.89,0.59,2,77,Month-to-Month,Electronic Check,1
    CUST-14519,61,133.66,0.82,2,60,One-Year,Bank Transfer,1
    CUST-14520,31,27.75,0.89,3,13,Two-Year,Bank Transfer,1
    CUST-14521,53,61.3,0.64,3,100,Month-to-Month,Electronic Check,1
    CUST-14522,32,148.85,0.84,2,80,One-Year,Bank Transfer,1
    CUST-14523,66,74.9,0.77,1,40,Month-to-Month,Electronic Check,1
    CUST-14524,59,37.05,0.27,1,67,Month-to-Month,Credit Card,1
    CUST-14525,10,146.01,0.84,3,52,Two-Year,Electronic Check,1
    CUST-14526,2,147.94,0.06,1,2,One-Year,Bank Transfer,0
    CUST-14527,66,44.32,0.3,0,89,One-Year,Bank Transfer,0
    CUST-14528,60,132.42,0.58,0,53,Month-to-Month,Bank Transfer,1
    CUST-14529,17,70.76,0.47,0,67,Month-to-Month,Bank Transfer,1
    CUST-14530,16,69.58,0.49,2,11,Month-to-Month,Electronic Check,1
    CUST-14531,16,54.15,0.72,1,11,One-Year,Electronic Check,1
    CUST-14532,46,25.81,0.18,3,10,One-Year,Electronic Check,0
    CUST-14533,39,54.84,0.88,3,28,Month-to-Month,Electronic Check,1
    CUST-14534,31,26.99,0.39,2,119,Month-to-Month,Bank Transfer,1
    CUST-14535,1,140.17,0.85,2,11,One-Year,Credit Card,1
    CUST-14536,11,106.02,0.34,4,113,Two-Year,Credit Card,1
    CUST-14537,4,135.26,0.54,1,7,Month-to-Month,Bank Transfer,1
    CUST-14538,71,113.25,0.41,3,29,One-Year,Credit Card,0
    CUST-14539,26,37.07,0.61,1,65,One-Year,Electronic Check,1
    CUST-14540,50,142.28,0.17,3,52,Month-to-Month,Credit Card,1
    CUST-14541,12,136.99,0.36,1,15,Month-to-Month,Electronic Check,1
    CUST-14542,65,65.25,0.06,2,7,One-Year,Electronic Check,0
    CUST-14543,47,34.5,0.54,2,68,One-Year,Electronic Check,1
    CUST-14544,53,111.54,0.87,4,55,One-Year,Bank Transfer,1
    CUST-14545,71,114.69,0.04,2,3,Month-to-Month,Electronic Check,0
    CUST-14546,2,136.59,0.59,5,20,Month-to-Month,Bank Transfer,1
    CUST-14547,24,26.85,0.7,1,3,Month-to-Month,Bank Transfer,1
    CUST-14548,4,38.42,0.19,2,29,Month-to-Month,Credit Card,1
    CUST-14549,19,97.77,0.25,3,20,Month-to-Month,Credit Card,1
    CUST-14550,26,100.49,0.18,2,10,Month-to-Month,Credit Card,1
    CUST-14551,40,24.37,0.27,1,61,One-Year,Bank Transfer,0
    CUST-14552,50,71.6,0.1,4,99,Month-to-Month,Bank Transfer,1
    CUST-14553,43,95.94,0.33,3,90,Month-to-Month,Electronic Check,1
    CUST-14554,67,115.93,0.33,2,94,Two-Year,Bank Transfer,0
    CUST-14555,12,61.1,0.73,0,90,One-Year,Electronic Check,1
    CUST-14556,67,82.91,0.72,1,37,Month-to-Month,Credit Card,1
    CUST-14557,27,125.83,0.72,3,84,Two-Year,Bank Transfer,1
    CUST-14558,54,144.01,0.51,1,51,Month-to-Month,Electronic Check,1
    CUST-14559,66,49.94,0.29,2,117,Month-to-Month,Electronic Check,1
    CUST-14560,49,52.9,0.37,1,42,Month-to-Month,Bank Transfer,1
    CUST-14561,16,142.18,0.29,1,73,Two-Year,Credit Card,0
    CUST-14562,2,71.47,0.52,3,75,One-Year,Electronic Check,1
    CUST-14563,60,113.39,0.84,4,97,One-Year,Bank Transfer,1
    CUST-14564,54,99.59,0.26,2,30,Month-to-Month,Bank Transfer,0
    CUST-14565,30,57.13,0.41,1,94,One-Year,Electronic Check,1
    CUST-14566,38,104.96,0.59,0,116,Month-to-Month,Electronic Check,1
    CUST-14567,28,105.22,0.76,2,45,Two-Year,Electronic Check,1
    CUST-14568,25,97.02,0.23,1,87,Month-to-Month,Bank Transfer,1
    CUST-14569,10,32.96,0.25,1,100,Month-to-Month,Bank Transfer,1
    CUST-14570,60,149.37,0.8,3,24,Two-Year,Bank Transfer,1
    CUST-14571,42,72.05,0.07,3,31,Month-to-Month,Credit Card,1
    CUST-14572,40,102.97,0.54,1,23,Month-to-Month,Credit Card,1
    CUST-14573,42,135.15,0.77,3,53,Month-to-Month,Bank Transfer,1
    CUST-14574,47,75.03,0.83,0,42,Two-Year,Electronic Check,0
    CUST-14575,37,120.61,0.01,3,36,Month-to-Month,Bank Transfer,1
    CUST-14576,22,146.34,0.33,1,104,Month-to-Month,Bank Transfer,1
    CUST-14577,57,66.66,0.23,5,113,Month-to-Month,Credit Card,1
    CUST-14578,27,72.69,0.51,2,34,Month-to-Month,Bank Transfer,1
    CUST-14579,41,137.72,0.57,3,85,Two-Year,Electronic Check,1
    CUST-14580,34,40.75,0.9,1,26,Two-Year,Credit Card,0
    CUST-14581,32,23.72,0.46,0,71,Two-Year,Bank Transfer,0
    CUST-14582,66,138.16,0.5,3,25,Month-to-Month,Credit Card,1
    CUST-14583,12,126.81,0.37,3,3,One-Year,Electronic Check,0
    CUST-14584,40,146.44,0.13,1,117,One-Year,Electronic Check,1
    CUST-14585,10,27.57,0.27,4,43,Month-to-Month,Bank Transfer,1
    CUST-14586,48,40.3,0.22,1,82,Two-Year,Bank Transfer,0
    CUST-14587,20,33.69,0.72,3,6,Two-Year,Credit Card,1
    CUST-14588,39,108.84,0.49,3,54,Month-to-Month,Electronic Check,1
    CUST-14589,60,98.78,0.27,1,52,Two-Year,Bank Transfer,0
    CUST-14590,66,66.71,0.44,4,110,Two-Year,Electronic Check,1
    CUST-14591,65,27.47,0.2,3,13,One-Year,Bank Transfer,0
    CUST-14592,51,103.16,0.17,1,66,Two-Year,Bank Transfer,0
    CUST-14593,36,94.12,0.77,0,112,Month-to-Month,Electronic Check,1
    CUST-14594,24,34.68,0.85,0,56,One-Year,Bank Transfer,1
    CUST-14595,27,138.16,0.07,3,104,One-Year,Bank Transfer,1
    CUST-14596,2,45.86,0.69,0,47,Month-to-Month,Bank Transfer,1
    CUST-14597,31,116.66,0.41,4,77,Month-to-Month,Bank Transfer,1
    CUST-14598,57,135.06,0.35,4,65,Two-Year,Bank Transfer,0
    CUST-14599,66,95.33,0.62,6,66,Two-Year,Bank Transfer,1
    CUST-14600,29,52.09,0.24,1,68,Two-Year,Bank Transfer,0
    CUST-14601,15,60.2,0.02,0,13,Month-to-Month,Bank Transfer,0
    CUST-14602,12,135.15,0.19,1,30,Month-to-Month,Credit Card,1
    CUST-14603,28,58.77,0.17,0,108,One-Year,Bank Transfer,0
    CUST-14604,24,117.0,0.03,1,76,Two-Year,Bank Transfer,0
    CUST-14605,21,148.72,0.29,1,33,One-Year,Credit Card,0
    CUST-14606,10,149.98,0.43,4,38,Month-to-Month,Credit Card,1
    CUST-14607,18,89.35,0.66,3,43,One-Year,Electronic Check,1
    CUST-14608,14,127.45,0.29,1,112,Month-to-Month,Electronic Check,1
    CUST-14609,34,148.73,0.18,1,98,One-Year,Electronic Check,1
    CUST-14610,58,68.71,0.21,2,3,Month-to-Month,Electronic Check,0
    CUST-14611,22,52.81,0.8,2,43,Month-to-Month,Credit Card,1
    CUST-14612,70,34.85,0.18,3,73,One-Year,Electronic Check,0
    CUST-14613,36,38.32,0.79,0,71,Month-to-Month,Bank Transfer,1
    CUST-14614,45,130.96,0.4,1,4,Month-to-Month,Credit Card,0
    CUST-14615,36,96.53,0.84,1,92,Month-to-Month,Bank Transfer,1
    CUST-14616,22,133.58,0.37,0,106,Month-to-Month,Electronic Check,1
    CUST-14617,61,122.63,0.16,1,32,Month-to-Month,Electronic Check,0
    CUST-14618,56,107.59,0.49,1,1,Month-to-Month,Bank Transfer,1
    CUST-14619,33,99.21,0.53,4,13,Month-to-Month,Electronic Check,1
    CUST-14620,45,26.28,0.57,1,36,Month-to-Month,Electronic Check,1
    CUST-14621,36,133.4,0.37,0,26,Month-to-Month,Electronic Check,1
    CUST-14622,20,74.32,0.04,1,77,Month-to-Month,Electronic Check,1
    CUST-14623,18,92.77,0.56,4,22,Month-to-Month,Bank Transfer,1
    CUST-14624,38,22.85,0.84,0,88,Month-to-Month,Electronic Check,1
    CUST-14625,67,141.69,0.86,0,11,Two-Year,Credit Card,0
    CUST-14626,23,137.36,0.54,5,25,Two-Year,Bank Transfer,1
    CUST-14627,16,90.63,0.02,2,79,Two-Year,Bank Transfer,1
    CUST-14628,59,95.05,0.1,4,45,Month-to-Month,Credit Card,1
    CUST-14629,69,111.65,0.75,1,36,Month-to-Month,Electronic Check,1
    CUST-14630,68,54.41,0.75,1,102,Month-to-Month,Bank Transfer,1
    CUST-14631,21,48.85,0.85,3,34,One-Year,Credit Card,1
    CUST-14632,70,107.62,0.51,1,34,Month-to-Month,Credit Card,1
    CUST-14633,12,33.57,0.78,2,32,One-Year,Credit Card,1
    CUST-14634,16,79.03,0.74,1,102,One-Year,Bank Transfer,1
    CUST-14635,14,84.06,0.53,2,25,Two-Year,Credit Card,1
    CUST-14636,61,69.57,0.71,0,67,Two-Year,Credit Card,0
    CUST-14637,71,44.08,0.11,1,116,Two-Year,Credit Card,0
    CUST-14638,46,66.19,0.58,0,59,Month-to-Month,Bank Transfer,1
    CUST-14639,32,63.88,0.86,0,57,Two-Year,Credit Card,1
    CUST-14640,15,84.9,0.15,2,107,One-Year,Bank Transfer,1
    CUST-14641,44,107.71,0.67,3,111,One-Year,Bank Transfer,1
    CUST-14642,17,145.87,0.29,1,29,Month-to-Month,Credit Card,1
    CUST-14643,41,38.74,0.74,4,21,Month-to-Month,Electronic Check,1
    CUST-14644,54,133.49,0.63,0,73,One-Year,Bank Transfer,0
    CUST-14645,44,56.94,0.83,4,85,Month-to-Month,Credit Card,1
    CUST-14646,5,96.88,0.64,1,21,Month-to-Month,Bank Transfer,1
    CUST-14647,27,91.08,0.37,1,71,Month-to-Month,Credit Card,1
    CUST-14648,43,92.4,0.01,3,47,Month-to-Month,Credit Card,1
    CUST-14649,31,114.04,0.71,2,32,Month-to-Month,Electronic Check,1
    CUST-14650,17,69.62,0.37,3,22,Month-to-Month,Bank Transfer,1
    CUST-14651,54,61.48,0.6,2,42,Month-to-Month,Bank Transfer,1
    CUST-14652,62,130.87,0.09,1,11,Month-to-Month,Bank Transfer,0
    CUST-14653,32,48.61,0.8,1,119,Month-to-Month,Bank Transfer,1
    CUST-14654,40,43.43,0.39,2,58,Two-Year,Credit Card,1
    CUST-14655,13,22.03,0.83,2,98,Month-to-Month,Bank Transfer,1
    CUST-14656,35,47.38,0.64,1,78,One-Year,Electronic Check,1
    CUST-14657,5,87.41,0.11,7,112,Month-to-Month,Bank Transfer,1
    CUST-14658,29,90.01,0.52,2,41,Month-to-Month,Credit Card,1
    CUST-14659,70,53.07,0.82,5,86,Month-to-Month,Credit Card,1
    CUST-14660,25,29.4,0.72,5,25,Two-Year,Credit Card,1
    CUST-14661,22,116.8,0.38,1,16,Month-to-Month,Credit Card,1
    CUST-14662,66,118.54,0.86,4,97,Month-to-Month,Credit Card,1
    CUST-14663,45,149.72,0.24,0,66,One-Year,Bank Transfer,0
    CUST-14664,69,137.0,0.34,3,103,One-Year,Bank Transfer,1
    CUST-14665,1,140.39,0.67,2,108,One-Year,Credit Card,1
    CUST-14666,44,123.77,0.21,4,114,Month-to-Month,Credit Card,1
    CUST-14667,39,100.02,0.46,1,70,One-Year,Bank Transfer,1
    CUST-14668,54,36.71,0.66,3,34,Two-Year,Credit Card,1
    CUST-14669,29,100.9,0.58,5,46,Two-Year,Credit Card,1
    CUST-14670,54,27.27,0.14,0,48,Month-to-Month,Electronic Check,0
    CUST-14671,16,135.09,0.57,3,106,Month-to-Month,Electronic Check,1
    CUST-14672,20,82.64,0.52,4,37,Month-to-Month,Electronic Check,1
    CUST-14673,46,110.67,0.5,0,22,One-Year,Electronic Check,0
    CUST-14674,67,26.79,0.74,1,80,Month-to-Month,Credit Card,1
    CUST-14675,65,89.45,0.17,5,7,Month-to-Month,Credit Card,0
    CUST-14676,58,59.16,0.68,1,47,Month-to-Month,Credit Card,1
    CUST-14677,53,57.05,0.68,0,77,Month-to-Month,Credit Card,1
    CUST-14678,1,70.66,0.65,1,113,Month-to-Month,Electronic Check,1
    CUST-14679,66,20.08,0.46,4,114,Month-to-Month,Bank Transfer,1
    CUST-14680,29,80.67,0.36,0,114,Two-Year,Credit Card,1
    CUST-14681,70,83.25,0.36,2,17,Two-Year,Credit Card,0
    CUST-14682,8,132.21,0.66,5,3,Month-to-Month,Bank Transfer,1
    CUST-14683,29,78.31,0.45,1,12,Month-to-Month,Bank Transfer,1
    CUST-14684,51,67.26,0.3,0,70,Month-to-Month,Bank Transfer,1
    CUST-14685,33,149.32,0.56,4,76,One-Year,Electronic Check,1
    CUST-14686,3,94.26,0.75,2,75,Month-to-Month,Credit Card,1
    CUST-14687,60,81.44,0.06,3,105,Two-Year,Electronic Check,0
    CUST-14688,35,84.47,0.87,2,19,One-Year,Electronic Check,1
    CUST-14689,69,125.19,0.09,1,31,Two-Year,Bank Transfer,0
    CUST-14690,20,64.29,0.46,1,115,Month-to-Month,Bank Transfer,1
    CUST-14691,39,70.59,0.5,1,2,One-Year,Electronic Check,0
    CUST-14692,4,118.26,0.12,3,109,Month-to-Month,Bank Transfer,1
    CUST-14693,19,29.49,0.82,3,96,Month-to-Month,Bank Transfer,1
    CUST-14694,45,132.47,0.42,5,18,Two-Year,Bank Transfer,1
    CUST-14695,43,75.93,0.13,2,55,Month-to-Month,Electronic Check,1
    CUST-14696,13,95.57,0.64,2,4,Month-to-Month,Electronic Check,1
    CUST-14697,13,118.47,0.6,4,22,Month-to-Month,Credit Card,1
    CUST-14698,60,54.59,0.87,1,78,Month-to-Month,Bank Transfer,1
    CUST-14699,57,135.74,0.4,1,78,One-Year,Electronic Check,0
    CUST-14700,52,147.3,0.24,2,101,One-Year,Bank Transfer,1
    CUST-14701,53,84.26,0.05,2,93,Two-Year,Credit Card,0
    CUST-14702,43,141.8,0.66,1,115,Two-Year,Credit Card,1
    CUST-14703,42,20.15,0.56,2,34,Month-to-Month,Credit Card,1
    CUST-14704,26,136.25,0.88,2,48,Month-to-Month,Credit Card,1
    CUST-14705,23,60.44,0.64,3,70,Month-to-Month,Credit Card,1
    CUST-14706,43,60.49,0.84,1,107,Month-to-Month,Bank Transfer,1
    CUST-14707,28,49.65,0.89,3,76,One-Year,Credit Card,1
    CUST-14708,9,61.21,0.39,2,24,One-Year,Electronic Check,0
    CUST-14709,20,47.75,0.14,2,45,Month-to-Month,Bank Transfer,1
    CUST-14710,56,137.76,0.18,1,93,Two-Year,Bank Transfer,0
    CUST-14711,39,136.87,0.29,4,10,One-Year,Credit Card,0
    CUST-14712,51,33.29,0.46,1,46,Month-to-Month,Credit Card,1
    CUST-14713,12,38.57,0.11,3,36,Month-to-Month,Bank Transfer,1
    CUST-14714,55,132.06,0.27,4,98,Two-Year,Electronic Check,1
    CUST-14715,11,71.86,0.28,1,51,Month-to-Month,Bank Transfer,1
    CUST-14716,26,42.01,0.0,4,32,Two-Year,Credit Card,0
    CUST-14717,42,86.39,0.32,3,32,Month-to-Month,Credit Card,1
    CUST-14718,27,74.17,0.1,2,115,Month-to-Month,Electronic Check,1
    CUST-14719,11,48.49,0.39,3,15,One-Year,Electronic Check,1
    CUST-14720,38,113.7,0.18,2,9,Month-to-Month,Electronic Check,0
    CUST-14721,43,102.07,0.74,3,58,Two-Year,Credit Card,1
    CUST-14722,19,32.96,0.07,2,36,One-Year,Electronic Check,0
    CUST-14723,64,140.3,0.78,1,22,Two-Year,Electronic Check,0
    CUST-14724,6,92.6,0.52,1,13,One-Year,Credit Card,1
    CUST-14725,46,52.53,0.41,5,41,Month-to-Month,Bank Transfer,1
    CUST-14726,42,46.82,0.49,2,108,Month-to-Month,Electronic Check,1
    CUST-14727,65,37.67,0.34,3,78,Month-to-Month,Electronic Check,1
    CUST-14728,59,75.2,0.11,2,26,Two-Year,Credit Card,0
    CUST-14729,52,37.62,0.69,2,61,Month-to-Month,Credit Card,1
    CUST-14730,47,74.06,0.84,0,44,One-Year,Electronic Check,1
    CUST-14731,7,39.34,0.86,1,89,Month-to-Month,Credit Card,1
    CUST-14732,11,105.38,0.6,1,86,Month-to-Month,Electronic Check,1
    CUST-14733,61,122.08,0.37,2,30,Month-to-Month,Credit Card,1
    CUST-14734,68,91.44,0.43,2,77,One-Year,Bank Transfer,1
    CUST-14735,25,108.41,0.59,3,114,Month-to-Month,Credit Card,1
    CUST-14736,12,141.99,0.74,3,96,Month-to-Month,Bank Transfer,1
    CUST-14737,26,102.99,0.34,2,37,Month-to-Month,Credit Card,1
    CUST-14738,12,67.34,0.83,2,58,One-Year,Credit Card,1
    CUST-14739,43,78.43,0.29,3,83,Month-to-Month,Credit Card,1
    CUST-14740,51,131.87,0.48,1,35,Month-to-Month,Bank Transfer,1
    CUST-14741,37,36.99,0.87,6,49,Month-to-Month,Bank Transfer,1
    CUST-14742,46,62.35,0.84,2,59,One-Year,Electronic Check,1
    CUST-14743,53,95.05,0.63,2,116,Month-to-Month,Credit Card,1
    CUST-14744,13,107.93,0.29,1,93,Two-Year,Electronic Check,1
    CUST-14745,54,119.25,0.2,2,7,Month-to-Month,Bank Transfer,0
    CUST-14746,57,61.37,0.07,2,35,One-Year,Electronic Check,0
    CUST-14747,4,38.96,0.64,4,39,Two-Year,Electronic Check,1
    CUST-14748,49,144.13,0.45,2,6,Month-to-Month,Credit Card,1
    CUST-14749,7,29.93,0.52,2,78,Month-to-Month,Credit Card,1
    CUST-14750,11,32.45,0.43,6,92,Two-Year,Bank Transfer,1
    CUST-14751,54,84.34,0.43,3,65,Month-to-Month,Electronic Check,1
    CUST-14752,45,126.51,0.51,3,110,Month-to-Month,Bank Transfer,1
    CUST-14753,23,120.69,0.82,2,85,Month-to-Month,Credit Card,1
    CUST-14754,28,141.9,0.03,2,27,Month-to-Month,Bank Transfer,1
    CUST-14755,57,38.41,0.72,2,86,One-Year,Credit Card,1
    CUST-14756,26,68.84,0.35,1,11,Month-to-Month,Bank Transfer,1
    CUST-14757,25,56.68,0.67,1,9,Month-to-Month,Credit Card,1
    CUST-14758,54,131.91,0.85,2,10,One-Year,Credit Card,0
    CUST-14759,29,83.49,0.28,1,54,One-Year,Bank Transfer,0
    CUST-14760,36,23.49,0.08,2,43,Month-to-Month,Bank Transfer,1
    CUST-14761,14,112.04,0.21,3,50,Two-Year,Credit Card,1
    CUST-14762,35,70.53,0.2,4,113,Month-to-Month,Bank Transfer,1
    CUST-14763,30,89.05,0.67,3,46,One-Year,Electronic Check,1
    CUST-14764,17,136.19,0.06,2,63,Month-to-Month,Electronic Check,1
    CUST-14765,67,53.38,0.05,0,49,Month-to-Month,Electronic Check,0
    CUST-14766,30,51.23,0.62,0,103,Two-Year,Bank Transfer,1
    CUST-14767,45,54.22,0.5,4,95,One-Year,Credit Card,1
    CUST-14768,51,63.95,0.38,3,96,Two-Year,Bank Transfer,0
    CUST-14769,47,33.96,0.52,1,31,One-Year,Electronic Check,0
    CUST-14770,53,110.64,0.66,0,63,Month-to-Month,Bank Transfer,1
    CUST-14771,64,46.96,0.09,1,8,One-Year,Credit Card,0
    CUST-14772,38,140.4,0.5,4,40,Month-to-Month,Electronic Check,1
    CUST-14773,64,48.04,0.74,2,60,Month-to-Month,Bank Transfer,1
    CUST-14774,7,53.23,0.33,2,51,Month-to-Month,Credit Card,1
    CUST-14775,22,58.61,0.69,1,5,Two-Year,Credit Card,0
    CUST-14776,41,119.91,0.76,2,31,Month-to-Month,Bank Transfer,1
    CUST-14777,10,75.59,0.74,0,7,One-Year,Bank Transfer,1
    CUST-14778,57,126.51,0.59,0,45,Month-to-Month,Credit Card,0
    CUST-14779,7,122.03,0.65,2,47,Two-Year,Credit Card,1
    CUST-14780,50,140.83,0.71,0,14,Two-Year,Electronic Check,0
    CUST-14781,52,118.36,0.66,2,25,Month-to-Month,Credit Card,1
    CUST-14782,33,26.75,0.41,6,85,One-Year,Bank Transfer,1
    CUST-14783,1,128.85,0.14,1,47,Month-to-Month,Electronic Check,1
    CUST-14784,53,141.95,0.28,2,93,One-Year,Bank Transfer,1
    CUST-14785,60,149.18,0.19,1,46,Two-Year,Electronic Check,0
    CUST-14786,34,36.28,0.33,1,45,Two-Year,Bank Transfer,1
    CUST-14787,4,99.73,0.44,4,31,Month-to-Month,Electronic Check,1
    CUST-14788,17,45.93,0.86,2,52,Month-to-Month,Electronic Check,1
    CUST-14789,4,54.13,0.86,2,4,Month-to-Month,Bank Transfer,1
    CUST-14790,43,116.93,0.69,3,118,One-Year,Credit Card,1
    CUST-14791,4,147.1,0.88,2,105,One-Year,Electronic Check,1
    CUST-14792,1,97.33,0.9,1,46,Month-to-Month,Bank Transfer,1
    CUST-14793,71,130.58,0.8,6,29,Month-to-Month,Electronic Check,1
    CUST-14794,50,21.15,0.07,3,49,One-Year,Electronic Check,0
    CUST-14795,61,24.76,0.38,1,65,Month-to-Month,Electronic Check,1
    CUST-14796,35,97.57,0.48,2,96,Month-to-Month,Bank Transfer,1
    CUST-14797,8,70.57,0.11,2,1,Month-to-Month,Credit Card,1
    CUST-14798,24,135.67,0.73,0,68,Two-Year,Electronic Check,1
    CUST-14799,36,59.26,0.13,2,84,Month-to-Month,Credit Card,1
    CUST-14800,50,76.17,0.34,5,59,One-Year,Electronic Check,1
    CUST-14801,43,88.63,0.06,2,104,Two-Year,Bank Transfer,0
    CUST-14802,27,55.5,0.47,1,37,Month-to-Month,Electronic Check,1
    CUST-14803,32,138.1,0.54,0,78,One-Year,Electronic Check,1
    CUST-14804,18,80.39,0.66,3,52,Two-Year,Electronic Check,1
    CUST-14805,28,75.14,0.31,2,119,Month-to-Month,Electronic Check,1
    CUST-14806,29,130.47,0.53,2,78,Two-Year,Bank Transfer,1
    CUST-14807,16,60.56,0.66,1,118,Month-to-Month,Electronic Check,1
    CUST-14808,47,126.27,0.69,2,2,Month-to-Month,Bank Transfer,1
    CUST-14809,59,35.9,0.27,3,21,Two-Year,Electronic Check,0
    CUST-14810,31,43.76,0.06,1,29,Month-to-Month,Bank Transfer,0
    CUST-14811,4,143.61,0.03,2,76,One-Year,Electronic Check,1
    CUST-14812,37,129.52,0.69,1,82,Month-to-Month,Electronic Check,1
    CUST-14813,17,70.43,0.35,2,38,One-Year,Electronic Check,1
    CUST-14814,39,103.0,0.12,2,105,Month-to-Month,Bank Transfer,1
    CUST-14815,48,142.59,0.17,1,32,Month-to-Month,Credit Card,1
    CUST-14816,46,47.54,0.69,2,41,One-Year,Bank Transfer,1
    CUST-14817,48,27.67,0.54,1,22,Month-to-Month,Electronic Check,1
    CUST-14818,39,89.87,0.45,1,100,One-Year,Credit Card,1
    CUST-14819,4,38.54,0.56,0,42,Two-Year,Bank Transfer,1
    CUST-14820,30,44.35,0.12,1,12,Month-to-Month,Bank Transfer,0
    CUST-14821,30,135.9,0.29,0,57,Two-Year,Electronic Check,0
    CUST-14822,22,20.96,0.34,1,85,Month-to-Month,Electronic Check,1
    CUST-14823,66,126.19,0.28,2,8,Two-Year,Bank Transfer,0
    CUST-14824,12,87.2,0.78,2,28,Two-Year,Electronic Check,1
    CUST-14825,36,92.71,0.52,2,57,One-Year,Credit Card,1
    CUST-14826,18,107.33,0.66,0,53,Month-to-Month,Electronic Check,1
    CUST-14827,53,76.09,0.21,1,86,One-Year,Credit Card,0
    CUST-14828,71,35.03,0.24,1,116,Two-Year,Credit Card,0
    CUST-14829,1,33.37,0.2,4,80,Month-to-Month,Electronic Check,1
    CUST-14830,58,118.07,0.62,3,76,Month-to-Month,Bank Transfer,1
    CUST-14831,6,48.73,0.31,4,113,Month-to-Month,Credit Card,1
    CUST-14832,70,23.65,0.36,2,17,Two-Year,Electronic Check,0
    CUST-14833,44,147.35,0.64,4,21,Month-to-Month,Credit Card,1
    CUST-14834,24,147.45,0.87,2,51,One-Year,Bank Transfer,1
    CUST-14835,19,69.16,0.15,1,7,Month-to-Month,Bank Transfer,1
    CUST-14836,18,23.32,0.06,3,61,Two-Year,Bank Transfer,1
    CUST-14837,30,114.54,0.18,1,84,Month-to-Month,Credit Card,1
    CUST-14838,42,128.03,0.66,2,100,Two-Year,Credit Card,1
    CUST-14839,33,36.25,0.18,1,116,Month-to-Month,Credit Card,1
    CUST-14840,12,37.61,0.53,2,54,Month-to-Month,Bank Transfer,1
    CUST-14841,27,126.89,0.53,2,41,Month-to-Month,Electronic Check,1
    CUST-14842,39,139.85,0.26,1,60,Month-to-Month,Credit Card,1
    CUST-14843,9,122.8,0.06,0,44,One-Year,Electronic Check,0
    CUST-14844,21,46.1,0.36,2,77,Two-Year,Credit Card,1
    CUST-14845,29,73.5,0.17,3,105,One-Year,Electronic Check,1
    CUST-14846,33,98.11,0.17,1,29,Two-Year,Credit Card,0
    CUST-14847,62,40.84,0.47,4,43,Month-to-Month,Electronic Check,1
    CUST-14848,15,47.38,0.61,2,37,Two-Year,Electronic Check,1
    CUST-14849,2,56.78,0.07,2,61,Month-to-Month,Bank Transfer,1
    CUST-14850,52,86.24,0.52,2,59,Two-Year,Bank Transfer,1
    CUST-14851,44,86.4,0.22,2,61,Month-to-Month,Credit Card,1
    CUST-14852,54,125.86,0.61,3,72,Month-to-Month,Electronic Check,1
    CUST-14853,18,117.89,0.73,0,20,Month-to-Month,Bank Transfer,1
    CUST-14854,3,138.79,0.73,4,44,Two-Year,Electronic Check,1
    CUST-14855,7,128.28,0.33,3,56,One-Year,Electronic Check,1
    CUST-14856,43,53.0,0.51,2,48,Month-to-Month,Bank Transfer,1
    CUST-14857,38,63.07,0.71,4,74,Two-Year,Bank Transfer,1
    CUST-14858,37,85.06,0.05,2,15,Two-Year,Credit Card,0
    CUST-14859,58,21.86,0.55,0,76,Month-to-Month,Credit Card,1
    CUST-14860,33,137.51,0.75,2,56,Two-Year,Electronic Check,1
    CUST-14861,59,25.76,0.34,2,56,Month-to-Month,Bank Transfer,1
    CUST-14862,11,61.92,0.41,0,46,Two-Year,Electronic Check,1
    CUST-14863,68,93.99,0.63,3,57,Month-to-Month,Electronic Check,1
    CUST-14864,68,87.32,0.06,5,45,Month-to-Month,Electronic Check,1
    CUST-14865,22,105.08,0.35,0,80,One-Year,Credit Card,1
    CUST-14866,66,88.58,0.27,2,42,Month-to-Month,Bank Transfer,0
    CUST-14867,44,49.77,0.02,1,62,One-Year,Electronic Check,0
    CUST-14868,6,46.14,0.18,2,8,One-Year,Bank Transfer,0
    CUST-14869,42,137.94,0.36,6,84,One-Year,Electronic Check,1
    CUST-14870,25,54.32,0.18,3,14,One-Year,Credit Card,0
    CUST-14871,57,56.53,0.54,0,101,One-Year,Bank Transfer,1
    CUST-14872,55,73.68,0.4,3,26,Month-to-Month,Electronic Check,1
    CUST-14873,16,38.13,0.04,1,102,Month-to-Month,Electronic Check,1
    CUST-14874,14,85.95,0.25,1,117,Two-Year,Bank Transfer,1
    CUST-14875,39,106.45,0.02,0,41,Two-Year,Electronic Check,0
    CUST-14876,28,122.18,0.32,1,109,Month-to-Month,Bank Transfer,1
    CUST-14877,51,112.49,0.23,1,29,Two-Year,Bank Transfer,0
    CUST-14878,49,39.19,0.62,0,63,Month-to-Month,Credit Card,1
    CUST-14879,9,79.29,0.28,0,13,Month-to-Month,Bank Transfer,1
    CUST-14880,58,25.02,0.34,1,98,Month-to-Month,Bank Transfer,1
    CUST-14881,45,22.31,0.65,1,86,One-Year,Bank Transfer,0
    CUST-14882,22,77.22,0.43,1,109,Month-to-Month,Electronic Check,1
    CUST-14883,32,52.88,0.5,5,90,Two-Year,Bank Transfer,1
    CUST-14884,69,108.84,0.76,2,98,Two-Year,Credit Card,1
    CUST-14885,69,114.15,0.19,4,59,Two-Year,Bank Transfer,0
    CUST-14886,42,136.4,0.89,1,47,Month-to-Month,Electronic Check,1
    CUST-14887,53,118.89,0.81,2,88,Two-Year,Credit Card,1
    CUST-14888,59,26.27,0.26,1,21,One-Year,Bank Transfer,0
    CUST-14889,39,68.31,0.8,2,95,One-Year,Electronic Check,1
    CUST-14890,15,55.49,0.68,2,12,Two-Year,Bank Transfer,1
    CUST-14891,71,70.2,0.84,2,106,One-Year,Bank Transfer,1
    CUST-14892,29,40.81,0.62,2,24,Month-to-Month,Credit Card,1
    CUST-14893,3,32.7,0.61,3,21,Month-to-Month,Bank Transfer,1
    CUST-14894,10,87.73,0.0,3,4,One-Year,Bank Transfer,0
    CUST-14895,29,113.65,0.43,1,25,Two-Year,Credit Card,0
    CUST-14896,35,111.25,0.18,2,8,Two-Year,Electronic Check,0
    CUST-14897,6,78.62,0.29,3,36,One-Year,Bank Transfer,1
    CUST-14898,12,87.9,0.88,1,34,Month-to-Month,Bank Transfer,1
    CUST-14899,38,87.12,0.08,4,114,Month-to-Month,Bank Transfer,1
    CUST-14900,19,109.9,0.65,4,50,Month-to-Month,Credit Card,1
    CUST-14901,67,26.23,0.16,2,110,Month-to-Month,Bank Transfer,1
    CUST-14902,8,112.29,0.01,1,91,One-Year,Electronic Check,0
    CUST-14903,8,95.69,0.45,0,28,Two-Year,Credit Card,1
    CUST-14904,47,45.75,0.15,1,62,Month-to-Month,Bank Transfer,0
    CUST-14905,4,26.38,0.87,5,93,Two-Year,Credit Card,1
    CUST-14906,51,34.11,0.18,1,93,One-Year,Credit Card,0
    CUST-14907,67,88.21,0.17,3,74,Month-to-Month,Bank Transfer,1
    CUST-14908,45,118.59,0.03,2,44,One-Year,Electronic Check,0
    CUST-14909,8,63.51,0.3,1,32,One-Year,Bank Transfer,0
    CUST-14910,16,69.29,0.02,4,8,One-Year,Credit Card,0
    CUST-14911,67,141.44,0.45,2,54,Month-to-Month,Bank Transfer,1
    CUST-14912,9,47.69,0.46,2,17,Month-to-Month,Credit Card,1
    CUST-14913,60,33.49,0.05,1,12,Month-to-Month,Bank Transfer,0
    CUST-14914,71,64.64,0.22,4,90,Two-Year,Bank Transfer,0
    CUST-14915,15,116.97,0.75,5,116,Month-to-Month,Bank Transfer,1
    CUST-14916,71,101.39,0.42,2,67,One-Year,Electronic Check,0
    CUST-14917,41,74.05,0.39,3,106,Two-Year,Electronic Check,1
    CUST-14918,22,145.42,0.63,1,75,Two-Year,Electronic Check,1
    CUST-14919,24,115.55,0.64,0,78,Month-to-Month,Electronic Check,1
    CUST-14920,44,28.04,0.69,1,71,Two-Year,Bank Transfer,1
    CUST-14921,1,116.8,0.75,2,26,One-Year,Electronic Check,1
    CUST-14922,10,23.13,0.21,0,101,Month-to-Month,Bank Transfer,1
    CUST-14923,56,104.54,0.06,1,33,One-Year,Credit Card,0
    CUST-14924,50,47.36,0.34,2,44,Two-Year,Credit Card,1
    CUST-14925,12,110.54,0.77,3,112,Month-to-Month,Electronic Check,1
    CUST-14926,60,60.27,0.07,3,32,Two-Year,Electronic Check,0
    CUST-14927,26,133.49,0.52,2,38,Month-to-Month,Bank Transfer,1
    CUST-14928,41,63.8,0.63,1,84,Month-to-Month,Bank Transfer,1
    CUST-14929,36,100.56,0.43,1,10,Month-to-Month,Credit Card,1
    CUST-14930,23,57.17,0.23,3,79,One-Year,Bank Transfer,1
    CUST-14931,43,139.24,0.29,0,79,Month-to-Month,Electronic Check,1
    CUST-14932,6,121.53,0.06,1,70,Month-to-Month,Electronic Check,1
    CUST-14933,69,51.63,0.26,0,119,Month-to-Month,Bank Transfer,1
    CUST-14934,43,143.34,0.04,3,89,Two-Year,Credit Card,1
    CUST-14935,25,66.43,0.65,2,1,Month-to-Month,Credit Card,1
    CUST-14936,18,104.74,0.81,3,70,One-Year,Credit Card,1
    CUST-14937,62,116.57,0.57,2,77,One-Year,Electronic Check,0
    CUST-14938,13,22.98,0.59,1,75,Month-to-Month,Electronic Check,1
    CUST-14939,43,144.67,0.42,2,88,One-Year,Electronic Check,1
    CUST-14940,28,64.78,0.14,4,84,Month-to-Month,Credit Card,1
    CUST-14941,18,44.67,0.01,6,90,One-Year,Electronic Check,1
    CUST-14942,59,130.59,0.31,1,25,Two-Year,Bank Transfer,0
    CUST-14943,60,111.38,0.68,1,52,Month-to-Month,Bank Transfer,1
    CUST-14944,63,31.28,0.86,2,52,Two-Year,Credit Card,1
    CUST-14945,57,35.22,0.39,5,12,Two-Year,Credit Card,0
    CUST-14946,51,112.97,0.33,1,46,Month-to-Month,Bank Transfer,1
    CUST-14947,56,29.72,0.4,0,9,One-Year,Credit Card,0
    CUST-14948,27,139.23,0.38,2,45,One-Year,Bank Transfer,0
    CUST-14949,32,116.4,0.56,3,36,Month-to-Month,Electronic Check,1
    CUST-14950,9,63.61,0.66,3,9,Month-to-Month,Bank Transfer,1
    CUST-14951,68,67.18,0.71,3,97,Month-to-Month,Credit Card,1
    CUST-14952,46,85.84,0.58,5,40,One-Year,Credit Card,1
    CUST-14953,67,66.93,0.39,0,34,Month-to-Month,Credit Card,0
    CUST-14954,26,121.85,0.86,1,88,Month-to-Month,Bank Transfer,1
    CUST-14955,8,146.72,0.64,3,53,Two-Year,Bank Transfer,1
    CUST-14956,6,95.99,0.38,2,109,Month-to-Month,Credit Card,1
    CUST-14957,24,77.98,0.4,4,45,Month-to-Month,Credit Card,1
    CUST-14958,48,48.96,0.74,2,97,Month-to-Month,Electronic Check,1
    CUST-14959,45,104.95,0.4,3,33,Month-to-Month,Electronic Check,1
    CUST-14960,13,109.12,0.46,2,29,One-Year,Bank Transfer,1
    CUST-14961,69,109.07,0.26,5,38,Month-to-Month,Electronic Check,1
    CUST-14962,25,23.51,0.76,3,48,Month-to-Month,Electronic Check,1
    CUST-14963,20,136.89,0.47,0,113,Month-to-Month,Bank Transfer,1
    CUST-14964,66,63.95,0.5,0,77,Month-to-Month,Electronic Check,1
    CUST-14965,45,116.74,0.79,2,82,Month-to-Month,Bank Transfer,1
    CUST-14966,47,118.77,0.83,6,59,Month-to-Month,Credit Card,1
    CUST-14967,63,104.57,0.74,4,62,One-Year,Electronic Check,1
    CUST-14968,55,71.33,0.06,5,35,Month-to-Month,Bank Transfer,1
    CUST-14969,19,99.09,0.4,3,47,Month-to-Month,Bank Transfer,1
    CUST-14970,35,25.23,0.31,3,59,Two-Year,Bank Transfer,1
    CUST-14971,53,119.05,0.19,2,59,Month-to-Month,Electronic Check,1
    CUST-14972,26,32.95,0.82,2,2,Month-to-Month,Bank Transfer,1
    CUST-14973,14,71.58,0.8,0,89,One-Year,Bank Transfer,1
    CUST-14974,45,33.47,0.42,4,60,Month-to-Month,Electronic Check,1
    CUST-14975,44,128.82,0.12,1,6,Month-to-Month,Bank Transfer,0
    CUST-14976,65,91.54,0.01,2,25,One-Year,Bank Transfer,0
    CUST-14977,51,109.82,0.39,3,53,Month-to-Month,Electronic Check,1
    CUST-14978,43,108.74,0.04,1,84,Month-to-Month,Electronic Check,1
    CUST-14979,23,129.41,0.55,4,78,Month-to-Month,Credit Card,1
    CUST-14980,56,37.23,0.55,1,114,Month-to-Month,Credit Card,1
    CUST-14981,19,105.76,0.81,1,4,Two-Year,Bank Transfer,1
    CUST-14982,55,94.77,0.17,3,72,Month-to-Month,Credit Card,1
    CUST-14983,60,24.02,0.33,2,98,Month-to-Month,Bank Transfer,1
    CUST-14984,59,46.18,0.77,2,92,Month-to-Month,Bank Transfer,1
    CUST-14985,33,54.78,0.43,4,56,One-Year,Credit Card,1
    CUST-14986,19,29.43,0.05,2,2,Month-to-Month,Electronic Check,1
    CUST-14987,28,66.11,0.1,2,17,One-Year,Electronic Check,0
    CUST-14988,52,23.54,0.73,4,68,Two-Year,Credit Card,1
    CUST-14989,49,91.91,0.67,2,119,Month-to-Month,Bank Transfer,1
    CUST-14990,37,47.5,0.79,4,48,Month-to-Month,Electronic Check,1
    CUST-14991,26,57.31,0.11,3,98,Two-Year,Bank Transfer,1
    CUST-14992,40,138.36,0.68,2,27,Two-Year,Electronic Check,1
    CUST-14993,38,85.37,0.59,1,83,Month-to-Month,Credit Card,1
    CUST-14994,54,54.97,0.21,3,92,Two-Year,Credit Card,0
    CUST-14995,22,97.8,0.88,4,102,One-Year,Credit Card,1
    CUST-14996,16,46.22,0.51,1,34,Month-to-Month,Bank Transfer,1
    CUST-14997,28,29.67,0.82,2,96,Two-Year,Credit Card,1
    CUST-14998,35,22.72,0.77,1,41,One-Year,Credit Card,1
    CUST-14999,60,143.7,0.3,2,95,Two-Year,Credit Card,1
    CUST-15000,45,114.2,0.48,4,6,Month-to-Month,Bank Transfer,1
    CUST-15001,46,123.99,0.39,6,6,One-Year,Bank Transfer,1
    CUST-15002,55,147.52,0.64,1,28,Month-to-Month,Bank Transfer,1
    CUST-15003,26,141.11,0.53,1,8,One-Year,Electronic Check,1
    CUST-15004,25,115.8,0.71,3,1,Month-to-Month,Bank Transfer,1
    CUST-15005,65,110.22,0.01,3,80,Month-to-Month,Credit Card,0
    CUST-15006,6,63.79,0.62,1,106,One-Year,Electronic Check,1
    CUST-15007,23,33.52,0.29,1,83,Month-to-Month,Bank Transfer,1
    CUST-15008,64,94.58,0.2,3,18,Two-Year,Bank Transfer,0
    CUST-15009,43,94.91,0.72,1,94,Month-to-Month,Bank Transfer,1
    CUST-15010,23,143.79,0.08,1,80,One-Year,Electronic Check,1
    CUST-15011,30,77.53,0.21,1,97,Month-to-Month,Credit Card,1
    CUST-15012,18,109.8,0.18,1,92,One-Year,Credit Card,0
    CUST-15013,21,94.75,0.38,1,47,One-Year,Electronic Check,1
    CUST-15014,57,42.98,0.29,2,80,Two-Year,Credit Card,0
    CUST-15015,23,96.97,0.65,4,11,Two-Year,Bank Transfer,1
    CUST-15016,45,90.22,0.63,0,6,Month-to-Month,Electronic Check,0
    CUST-15017,44,84.21,0.29,3,14,One-Year,Credit Card,0
    CUST-15018,47,86.74,0.39,3,112,One-Year,Electronic Check,1
    CUST-15019,40,41.32,0.19,0,100,One-Year,Bank Transfer,0
    CUST-15020,51,80.25,0.6,5,22,Two-Year,Credit Card,1
    CUST-15021,42,98.73,0.36,1,104,Two-Year,Credit Card,0
    CUST-15022,7,83.63,0.12,4,87,One-Year,Bank Transfer,1
    CUST-15023,50,83.53,0.11,2,31,One-Year,Credit Card,0
    CUST-15024,48,30.08,0.29,2,28,Two-Year,Credit Card,0
    CUST-15025,6,44.8,0.67,0,19,Two-Year,Credit Card,1
    CUST-15026,9,61.73,0.02,1,115,Month-to-Month,Bank Transfer,1
    CUST-15027,57,74.52,0.23,1,86,One-Year,Electronic Check,0
    CUST-15028,31,97.21,0.15,0,1,Two-Year,Electronic Check,0
    CUST-15029,21,132.23,0.86,3,67,Month-to-Month,Credit Card,1
    CUST-15030,40,40.69,0.63,2,72,Month-to-Month,Electronic Check,1
    CUST-15031,45,21.96,0.21,2,13,Month-to-Month,Bank Transfer,1
    CUST-15032,49,78.4,0.19,1,51,Month-to-Month,Credit Card,0
    CUST-15033,20,76.17,0.77,3,1,Two-Year,Bank Transfer,1
    CUST-15034,17,91.75,0.17,4,29,Month-to-Month,Credit Card,1
    CUST-15035,28,128.32,0.9,2,13,One-Year,Credit Card,1
    CUST-15036,41,124.31,0.25,3,42,Two-Year,Credit Card,1
    CUST-15037,66,33.01,0.08,5,29,Two-Year,Electronic Check,0
    CUST-15038,25,141.42,0.62,4,94,Month-to-Month,Credit Card,1
    CUST-15039,58,34.35,0.55,3,16,Month-to-Month,Bank Transfer,0
    CUST-15040,41,102.49,0.9,0,60,Month-to-Month,Credit Card,1
    CUST-15041,6,107.41,0.72,4,105,Month-to-Month,Electronic Check,1
    CUST-15042,38,108.38,0.39,1,34,Month-to-Month,Credit Card,1
    CUST-15043,6,54.5,0.61,3,119,Month-to-Month,Electronic Check,1
    CUST-15044,45,62.94,0.74,0,40,Month-to-Month,Electronic Check,1
    CUST-15045,14,91.33,0.46,1,67,Month-to-Month,Credit Card,1
    CUST-15046,66,45.95,0.25,2,93,Month-to-Month,Electronic Check,1
    CUST-15047,40,22.64,0.19,3,94,Two-Year,Credit Card,1
    CUST-15048,3,93.08,0.27,5,55,One-Year,Electronic Check,1
    CUST-15049,24,80.49,0.76,1,58,One-Year,Credit Card,1
    CUST-15050,19,105.38,0.34,3,52,Two-Year,Credit Card,1
    CUST-15051,18,39.07,0.26,4,64,Month-to-Month,Credit Card,1
    CUST-15052,64,129.32,0.73,2,98,One-Year,Credit Card,1
    CUST-15053,35,39.01,0.03,0,4,Month-to-Month,Credit Card,0
    CUST-15054,62,135.87,0.53,4,48,Month-to-Month,Bank Transfer,1
    CUST-15055,1,78.44,0.79,0,72,Month-to-Month,Electronic Check,1
    CUST-15056,25,91.47,0.37,1,111,Month-to-Month,Credit Card,1
    CUST-15057,45,136.56,0.24,2,112,Month-to-Month,Bank Transfer,1
    CUST-15058,49,58.99,0.44,0,18,Two-Year,Credit Card,0
    CUST-15059,16,43.64,0.65,3,86,One-Year,Electronic Check,1
    CUST-15060,19,77.95,0.46,2,10,Month-to-Month,Bank Transfer,1
    CUST-15061,23,51.77,0.01,2,115,One-Year,Bank Transfer,1
    CUST-15062,25,88.62,0.07,1,14,Two-Year,Electronic Check,0
    CUST-15063,16,55.78,0.65,2,51,Month-to-Month,Credit Card,1
    CUST-15064,54,132.38,0.36,1,118,One-Year,Bank Transfer,1
    CUST-15065,1,98.95,0.71,1,110,Two-Year,Bank Transfer,1
    CUST-15066,42,20.03,0.58,1,95,One-Year,Bank Transfer,1
    CUST-15067,19,124.71,0.52,2,99,One-Year,Electronic Check,1
    CUST-15068,34,62.93,0.81,1,46,Two-Year,Credit Card,1
    CUST-15069,55,61.63,0.02,2,66,One-Year,Credit Card,0
    CUST-15070,18,69.8,0.14,0,61,Two-Year,Electronic Check,0
    CUST-15071,34,101.93,0.56,2,2,Month-to-Month,Credit Card,1
    CUST-15072,45,77.47,0.06,1,35,Two-Year,Electronic Check,0
    CUST-15073,6,101.72,0.58,0,34,One-Year,Bank Transfer,1
    CUST-15074,21,39.08,0.89,0,93,Month-to-Month,Bank Transfer,1
    CUST-15075,70,146.12,0.79,3,70,Two-Year,Bank Transfer,1
    CUST-15076,48,114.85,0.53,1,68,Two-Year,Electronic Check,1
    CUST-15077,39,52.53,0.8,2,65,Month-to-Month,Electronic Check,1
    CUST-15078,31,114.14,0.1,1,35,Two-Year,Bank Transfer,0
    CUST-15079,10,94.75,0.41,4,48,Month-to-Month,Electronic Check,1
    CUST-15080,30,34.19,0.39,3,47,Month-to-Month,Bank Transfer,1
    CUST-15081,18,43.17,0.3,3,90,Month-to-Month,Bank Transfer,1
    CUST-15082,60,25.37,0.0,1,93,Two-Year,Electronic Check,0
    CUST-15083,15,125.2,0.8,2,11,One-Year,Electronic Check,1
    CUST-15084,4,91.72,0.7,2,62,Month-to-Month,Bank Transfer,1
    CUST-15085,63,61.18,0.59,1,115,One-Year,Bank Transfer,1
    CUST-15086,40,36.42,0.12,2,4,Month-to-Month,Credit Card,0
    CUST-15087,9,82.93,0.34,3,86,One-Year,Bank Transfer,1
    CUST-15088,9,88.28,0.83,3,33,Month-to-Month,Electronic Check,1
    CUST-15089,26,111.25,0.56,1,34,Month-to-Month,Credit Card,1
    CUST-15090,4,146.09,0.54,3,95,Two-Year,Bank Transfer,1
    CUST-15091,16,76.54,0.82,0,74,One-Year,Bank Transfer,1
    CUST-15092,15,72.78,0.5,1,35,One-Year,Bank Transfer,1
    CUST-15093,52,68.09,0.54,2,53,One-Year,Electronic Check,1
    CUST-15094,69,127.5,0.31,0,28,Month-to-Month,Credit Card,0
    CUST-15095,5,40.32,0.33,1,23,One-Year,Bank Transfer,1
    CUST-15096,20,64.7,0.62,1,49,Month-to-Month,Electronic Check,1
    CUST-15097,18,114.25,0.29,1,76,Month-to-Month,Credit Card,1
    CUST-15098,2,22.04,0.5,2,93,One-Year,Bank Transfer,1
    CUST-15099,13,57.62,0.25,3,2,One-Year,Credit Card,0
    CUST-15100,4,103.39,0.15,3,77,Two-Year,Bank Transfer,1
    CUST-15101,42,44.17,0.41,3,100,One-Year,Credit Card,1
    CUST-15102,61,59.35,0.2,2,111,Two-Year,Electronic Check,0
    CUST-15103,8,83.19,0.81,0,26,One-Year,Bank Transfer,1
    CUST-15104,67,74.86,0.27,2,17,Month-to-Month,Electronic Check,0
    CUST-15105,63,33.78,0.54,2,43,Month-to-Month,Credit Card,1
    CUST-15106,9,141.97,0.24,1,97,One-Year,Bank Transfer,1
    CUST-15107,11,25.76,0.23,1,59,One-Year,Bank Transfer,1
    CUST-15108,42,117.47,0.32,3,86,Month-to-Month,Electronic Check,1
    CUST-15109,13,29.28,0.82,1,66,Month-to-Month,Bank Transfer,1
    CUST-15110,36,80.75,0.35,3,74,Month-to-Month,Bank Transfer,1
    CUST-15111,13,42.8,0.74,1,39,Month-to-Month,Electronic Check,1
    CUST-15112,12,38.34,0.18,3,26,Month-to-Month,Credit Card,1
    CUST-15113,37,36.37,0.04,2,94,Month-to-Month,Electronic Check,1
    CUST-15114,52,78.86,0.7,1,22,Two-Year,Electronic Check,1
    CUST-15115,71,87.01,0.49,3,75,Two-Year,Credit Card,1
    CUST-15116,2,37.34,0.45,2,22,Two-Year,Bank Transfer,1
    CUST-15117,56,147.32,0.24,3,88,One-Year,Bank Transfer,1
    CUST-15118,60,53.51,0.07,0,58,One-Year,Credit Card,0
    CUST-15119,23,79.65,0.43,0,29,Two-Year,Bank Transfer,1
    CUST-15120,40,48.12,0.78,5,115,Month-to-Month,Credit Card,1
    CUST-15121,64,84.21,0.11,2,10,Month-to-Month,Electronic Check,0
    CUST-15122,23,118.28,0.84,2,98,Month-to-Month,Bank Transfer,1
    CUST-15123,29,87.74,0.25,4,110,One-Year,Bank Transfer,1
    CUST-15124,51,57.13,0.48,1,25,Month-to-Month,Credit Card,0
    CUST-15125,69,52.29,0.06,1,21,Month-to-Month,Credit Card,0
    CUST-15126,31,118.66,0.38,2,61,One-Year,Electronic Check,1
    CUST-15127,50,35.37,0.11,3,118,One-Year,Credit Card,0
    CUST-15128,20,68.1,0.04,2,39,Month-to-Month,Credit Card,1
    CUST-15129,55,39.69,0.87,2,77,One-Year,Credit Card,1
    CUST-15130,2,53.54,0.66,3,66,One-Year,Bank Transfer,1
    CUST-15131,25,39.85,0.65,0,6,Month-to-Month,Bank Transfer,1
    CUST-15132,13,135.28,0.08,1,1,Month-to-Month,Bank Transfer,0
    CUST-15133,70,115.15,0.84,4,28,Month-to-Month,Bank Transfer,1
    CUST-15134,67,92.92,0.42,2,86,Two-Year,Bank Transfer,0
    CUST-15135,58,49.18,0.77,6,11,One-Year,Bank Transfer,1
    CUST-15136,64,86.33,0.01,6,39,Month-to-Month,Electronic Check,1
    CUST-15137,69,87.71,0.27,2,69,Month-to-Month,Bank Transfer,1
    CUST-15138,59,96.75,0.9,1,18,Month-to-Month,Credit Card,1
    CUST-15139,60,27.81,0.39,2,20,Month-to-Month,Bank Transfer,1
    CUST-15140,62,146.48,0.8,3,76,Month-to-Month,Credit Card,1
    CUST-15141,16,80.51,0.3,0,85,Month-to-Month,Credit Card,1
    CUST-15142,68,140.45,0.47,2,91,Month-to-Month,Electronic Check,1
    CUST-15143,15,21.28,0.77,5,58,Month-to-Month,Credit Card,1
    CUST-15144,55,52.18,0.55,0,50,Month-to-Month,Credit Card,1
    CUST-15145,35,33.52,0.65,4,41,Two-Year,Electronic Check,1
    CUST-15146,55,120.05,0.21,3,98,Month-to-Month,Credit Card,1
    CUST-15147,14,61.62,0.14,3,18,Month-to-Month,Electronic Check,1
    CUST-15148,49,129.26,0.21,1,34,Two-Year,Credit Card,0
    CUST-15149,7,128.21,0.44,2,66,Month-to-Month,Bank Transfer,1
    CUST-15150,30,106.81,0.72,2,117,Month-to-Month,Credit Card,1
    CUST-15151,49,106.55,0.32,1,78,Month-to-Month,Bank Transfer,1
    CUST-15152,16,111.02,0.51,0,103,Month-to-Month,Electronic Check,1
    CUST-15153,51,107.59,0.72,3,65,One-Year,Bank Transfer,1
    CUST-15154,42,70.3,0.21,2,92,Month-to-Month,Bank Transfer,1
    CUST-15155,17,108.77,0.79,5,105,Month-to-Month,Credit Card,1
    CUST-15156,63,136.66,0.86,2,27,Two-Year,Bank Transfer,1
    CUST-15157,45,63.23,0.04,0,30,Month-to-Month,Electronic Check,0
    CUST-15158,7,142.84,0.05,1,86,One-Year,Electronic Check,0
    CUST-15159,27,21.77,0.08,1,76,Two-Year,Credit Card,0
    CUST-15160,10,65.38,0.7,1,1,Two-Year,Credit Card,1
    CUST-15161,34,37.17,0.17,3,97,Month-to-Month,Electronic Check,1
    CUST-15162,36,36.46,0.65,0,41,Two-Year,Electronic Check,1
    CUST-15163,25,126.01,0.4,2,112,One-Year,Credit Card,1
    CUST-15164,6,139.39,0.75,3,113,One-Year,Credit Card,1
    CUST-15165,24,121.11,0.73,2,62,One-Year,Credit Card,1
    CUST-15166,18,146.96,0.86,1,1,Month-to-Month,Credit Card,1
    CUST-15167,6,48.12,0.23,2,5,Month-to-Month,Credit Card,1
    CUST-15168,29,38.3,0.21,1,48,One-Year,Electronic Check,0
    CUST-15169,25,87.69,0.03,0,5,Month-to-Month,Credit Card,0
    CUST-15170,55,127.77,0.37,1,71,One-Year,Bank Transfer,0
    CUST-15171,46,25.18,0.41,2,84,Month-to-Month,Electronic Check,1
    CUST-15172,24,149.42,0.87,1,26,One-Year,Bank Transfer,1
    CUST-15173,26,98.29,0.75,2,49,Month-to-Month,Credit Card,1
    CUST-15174,28,147.26,0.15,2,70,Month-to-Month,Electronic Check,1
    CUST-15175,3,67.46,0.72,2,90,One-Year,Credit Card,1
    CUST-15176,38,79.54,0.16,2,61,Month-to-Month,Credit Card,1
    CUST-15177,61,117.81,0.07,1,3,One-Year,Credit Card,0
    CUST-15178,51,123.05,0.75,2,39,One-Year,Electronic Check,1
    CUST-15179,48,50.29,0.88,1,78,Month-to-Month,Electronic Check,1
    CUST-15180,21,140.87,0.08,5,49,Month-to-Month,Bank Transfer,1
    CUST-15181,54,132.77,0.73,0,14,Month-to-Month,Electronic Check,1
    CUST-15182,56,22.37,0.77,3,20,One-Year,Credit Card,1
    CUST-15183,59,36.71,0.11,1,58,Two-Year,Bank Transfer,0
    CUST-15184,51,84.49,0.25,4,44,Month-to-Month,Electronic Check,1
    CUST-15185,20,79.92,0.66,4,9,Month-to-Month,Bank Transfer,1
    CUST-15186,59,112.09,0.73,2,63,Month-to-Month,Credit Card,1
    CUST-15187,71,31.66,0.32,3,62,Month-to-Month,Electronic Check,1
    CUST-15188,9,103.83,0.14,3,6,Two-Year,Credit Card,0
    CUST-15189,1,100.13,0.58,4,66,Month-to-Month,Credit Card,1
    CUST-15190,29,50.37,0.63,3,102,Month-to-Month,Bank Transfer,1
    CUST-15191,63,90.51,0.45,3,105,One-Year,Bank Transfer,1
    CUST-15192,56,48.89,0.13,5,43,One-Year,Bank Transfer,0
    CUST-15193,68,39.1,0.76,0,64,Month-to-Month,Bank Transfer,1
    CUST-15194,35,94.51,0.58,2,97,Month-to-Month,Bank Transfer,1
    CUST-15195,3,147.07,0.78,1,44,One-Year,Electronic Check,1
    CUST-15196,7,50.8,0.84,3,5,One-Year,Bank Transfer,1
    CUST-15197,27,66.19,0.73,3,13,Month-to-Month,Electronic Check,1
    CUST-15198,1,53.35,0.86,2,15,Month-to-Month,Electronic Check,1
    CUST-15199,71,54.64,0.86,3,109,Two-Year,Credit Card,1
    CUST-15200,44,72.54,0.56,1,119,Month-to-Month,Electronic Check,1
    CUST-15201,41,111.24,0.66,6,34,Month-to-Month,Credit Card,1
    CUST-15202,42,25.04,0.63,6,56,One-Year,Credit Card,1
    CUST-15203,33,144.43,0.56,1,73,One-Year,Bank Transfer,1
    CUST-15204,50,26.02,0.02,5,90,One-Year,Bank Transfer,1
    CUST-15205,63,134.56,0.32,1,30,One-Year,Bank Transfer,0
    CUST-15206,37,136.27,0.09,0,56,Two-Year,Electronic Check,0
    CUST-15207,59,88.18,0.27,2,86,Month-to-Month,Bank Transfer,1
    CUST-15208,48,37.81,0.06,1,25,One-Year,Credit Card,0
    CUST-15209,5,93.47,0.83,4,104,One-Year,Bank Transfer,1
    CUST-15210,48,101.72,0.41,1,68,One-Year,Bank Transfer,1
    CUST-15211,3,131.51,0.17,1,47,Two-Year,Credit Card,0
    CUST-15212,47,91.62,0.53,1,28,One-Year,Electronic Check,1
    CUST-15213,62,73.39,0.18,1,118,Month-to-Month,Electronic Check,1
    CUST-15214,14,128.98,0.72,5,37,Two-Year,Electronic Check,1
    CUST-15215,63,147.52,0.28,2,74,Month-to-Month,Credit Card,1
    CUST-15216,61,103.86,0.28,0,73,Month-to-Month,Credit Card,0
    CUST-15217,31,133.67,0.78,0,36,One-Year,Electronic Check,1
    CUST-15218,17,97.84,0.5,1,1,Month-to-Month,Bank Transfer,1
    CUST-15219,24,109.67,0.8,4,94,One-Year,Credit Card,1
    CUST-15220,23,109.46,0.37,4,75,Month-to-Month,Electronic Check,1
    CUST-15221,50,111.62,0.31,3,25,Two-Year,Electronic Check,0
    CUST-15222,70,61.73,0.46,0,75,One-Year,Electronic Check,0
    CUST-15223,27,94.84,0.06,1,41,Month-to-Month,Electronic Check,0
    CUST-15224,15,97.24,0.14,5,55,Month-to-Month,Bank Transfer,1
    CUST-15225,50,60.96,0.2,1,69,Month-to-Month,Bank Transfer,1
    CUST-15226,36,65.48,0.74,0,91,Two-Year,Credit Card,1
    CUST-15227,8,119.09,0.66,1,87,Month-to-Month,Credit Card,1
    CUST-15228,3,95.75,0.17,2,57,Month-to-Month,Electronic Check,1
    CUST-15229,62,39.4,0.25,0,83,Month-to-Month,Bank Transfer,0
    CUST-15230,47,128.89,0.85,1,117,Two-Year,Credit Card,1
    CUST-15231,61,134.8,0.08,2,3,Month-to-Month,Bank Transfer,0
    CUST-15232,32,80.6,0.49,6,8,One-Year,Credit Card,1
    CUST-15233,13,47.16,0.47,3,48,Month-to-Month,Electronic Check,1
    CUST-15234,1,143.19,0.65,2,59,Month-to-Month,Electronic Check,1
    CUST-15235,34,134.7,0.24,0,113,Month-to-Month,Credit Card,1
    CUST-15236,62,51.77,0.84,3,36,One-Year,Bank Transfer,1
    CUST-15237,71,32.43,0.37,1,55,Two-Year,Bank Transfer,0
    CUST-15238,31,77.28,0.26,1,79,Month-to-Month,Electronic Check,1
    CUST-15239,64,107.93,0.3,2,77,One-Year,Electronic Check,1
    CUST-15240,25,42.8,0.31,3,94,Month-to-Month,Bank Transfer,1
    CUST-15241,38,86.72,0.18,1,41,Month-to-Month,Bank Transfer,1
    CUST-15242,14,75.3,0.84,0,74,Month-to-Month,Electronic Check,1
    CUST-15243,8,135.77,0.16,3,59,Month-to-Month,Credit Card,1
    CUST-15244,54,75.84,0.79,0,34,Month-to-Month,Credit Card,1
    CUST-15245,2,89.39,0.36,2,30,Two-Year,Bank Transfer,1
    CUST-15246,56,144.19,0.24,3,89,Month-to-Month,Bank Transfer,1
    CUST-15247,61,58.96,0.18,3,62,Two-Year,Credit Card,0
    CUST-15248,22,57.57,0.45,4,70,Month-to-Month,Electronic Check,1
    CUST-15249,35,123.95,0.6,3,55,Month-to-Month,Electronic Check,1
    CUST-15250,16,56.08,0.81,3,116,Month-to-Month,Electronic Check,1
    CUST-15251,50,128.14,0.59,1,101,Two-Year,Credit Card,1
    CUST-15252,43,32.42,0.44,0,81,One-Year,Electronic Check,1
    CUST-15253,17,34.46,0.03,1,100,One-Year,Credit Card,1
    CUST-15254,58,137.17,0.82,0,104,Month-to-Month,Credit Card,1
    CUST-15255,2,90.31,0.81,1,96,Month-to-Month,Bank Transfer,1
    CUST-15256,4,113.45,0.34,1,22,Two-Year,Credit Card,1
    CUST-15257,39,49.29,0.03,2,119,Two-Year,Credit Card,0
    CUST-15258,6,41.62,0.66,2,97,One-Year,Bank Transfer,1
    CUST-15259,69,128.54,0.71,4,119,One-Year,Bank Transfer,1
    CUST-15260,69,66.62,0.49,1,22,One-Year,Credit Card,0
    CUST-15261,20,79.15,0.36,6,100,One-Year,Bank Transfer,1
    CUST-15262,64,23.64,0.77,0,82,One-Year,Electronic Check,1
    CUST-15263,16,70.16,0.17,1,92,Two-Year,Electronic Check,1
    CUST-15264,51,120.16,0.4,2,13,One-Year,Credit Card,0
    CUST-15265,37,126.77,0.02,5,82,One-Year,Bank Transfer,1
    CUST-15266,69,110.84,0.15,1,23,Month-to-Month,Bank Transfer,0
    CUST-15267,42,109.98,0.85,8,99,Two-Year,Electronic Check,1
    CUST-15268,57,85.81,0.52,2,18,Month-to-Month,Credit Card,1
    CUST-15269,66,89.98,0.73,2,74,Two-Year,Credit Card,1
    CUST-15270,9,116.54,0.44,0,115,One-Year,Credit Card,1
    CUST-15271,64,52.15,0.75,6,66,Month-to-Month,Electronic Check,1
    CUST-15272,22,50.1,0.49,1,14,Month-to-Month,Bank Transfer,1
    CUST-15273,34,143.49,0.0,2,32,Two-Year,Credit Card,0
    CUST-15274,55,23.6,0.81,3,30,Month-to-Month,Bank Transfer,1
    CUST-15275,29,38.13,0.13,4,19,Two-Year,Electronic Check,0
    CUST-15276,38,94.14,0.41,2,69,One-Year,Credit Card,1
    CUST-15277,18,115.92,0.43,5,48,Month-to-Month,Bank Transfer,1
    CUST-15278,71,89.93,0.04,0,96,Month-to-Month,Bank Transfer,0
    CUST-15279,65,66.16,0.05,1,74,Month-to-Month,Electronic Check,1
    CUST-15280,1,147.14,0.69,2,5,Month-to-Month,Electronic Check,1
    CUST-15281,4,111.5,0.27,4,78,Two-Year,Credit Card,1
    CUST-15282,4,128.08,0.37,2,39,One-Year,Electronic Check,1
    CUST-15283,27,25.23,0.51,2,106,Month-to-Month,Bank Transfer,1
    CUST-15284,43,50.67,0.34,0,43,Month-to-Month,Credit Card,1
    CUST-15285,59,68.64,0.7,5,19,Month-to-Month,Credit Card,1
    CUST-15286,32,43.74,0.8,1,75,Two-Year,Electronic Check,1
    CUST-15287,33,29.48,0.05,2,99,One-Year,Electronic Check,1
    CUST-15288,28,49.26,0.57,0,39,Month-to-Month,Credit Card,1
    CUST-15289,55,89.37,0.29,0,110,One-Year,Credit Card,1
    CUST-15290,60,110.45,0.52,2,102,Two-Year,Electronic Check,0
    CUST-15291,70,120.62,0.44,2,86,One-Year,Electronic Check,0
    CUST-15292,62,25.58,0.3,0,116,Month-to-Month,Bank Transfer,1
    CUST-15293,34,75.64,0.09,4,59,Two-Year,Credit Card,1
    CUST-15294,56,35.89,0.5,2,109,One-Year,Bank Transfer,1
    CUST-15295,13,76.06,0.1,2,110,Month-to-Month,Credit Card,1
    CUST-15296,56,76.42,0.14,4,94,Two-Year,Electronic Check,1
    CUST-15297,18,84.77,0.88,3,52,Two-Year,Electronic Check,1
    CUST-15298,54,136.07,0.29,1,94,One-Year,Electronic Check,0
    CUST-15299,43,124.66,0.53,1,111,Month-to-Month,Bank Transfer,1
    CUST-15300,39,102.77,0.25,3,50,Month-to-Month,Bank Transfer,1
    CUST-15301,61,135.1,0.78,1,75,Two-Year,Bank Transfer,1
    CUST-15302,42,108.2,0.26,2,86,Month-to-Month,Bank Transfer,1
    CUST-15303,18,126.45,0.33,2,10,One-Year,Electronic Check,0
    CUST-15304,23,93.29,0.55,1,107,Month-to-Month,Bank Transfer,1
    CUST-15305,54,88.28,0.78,1,83,Month-to-Month,Bank Transfer,1
    CUST-15306,30,114.13,0.73,0,118,Two-Year,Electronic Check,1
    CUST-15307,58,22.56,0.24,4,15,Month-to-Month,Bank Transfer,1
    CUST-15308,68,109.75,0.75,1,60,Two-Year,Credit Card,1
    CUST-15309,67,141.49,0.63,3,35,Two-Year,Electronic Check,0
    CUST-15310,71,112.81,0.89,2,35,Two-Year,Bank Transfer,1
    CUST-15311,18,24.78,0.84,2,1,Two-Year,Bank Transfer,1
    CUST-15312,7,69.13,0.48,3,47,Month-to-Month,Bank Transfer,1
    CUST-15313,40,125.25,0.67,0,63,Two-Year,Electronic Check,0
    CUST-15314,70,144.62,0.51,2,109,Month-to-Month,Bank Transfer,1
    CUST-15315,65,68.12,0.54,0,111,One-Year,Bank Transfer,0
    CUST-15316,68,129.36,0.09,3,117,Two-Year,Bank Transfer,1
    CUST-15317,49,132.3,0.0,2,18,Two-Year,Electronic Check,0
    CUST-15318,52,36.03,0.04,1,26,Month-to-Month,Electronic Check,0
    CUST-15319,29,129.95,0.87,0,60,Month-to-Month,Credit Card,1
    CUST-15320,21,62.15,0.11,2,18,One-Year,Bank Transfer,0
    CUST-15321,9,97.12,0.04,2,63,Month-to-Month,Credit Card,1
    CUST-15322,47,90.07,0.28,2,41,One-Year,Electronic Check,0
    CUST-15323,42,106.2,0.53,0,82,Two-Year,Credit Card,1
    CUST-15324,51,116.26,0.85,1,43,Two-Year,Electronic Check,1
    CUST-15325,56,77.31,0.63,3,82,Month-to-Month,Credit Card,1
    CUST-15326,51,135.48,0.25,4,96,One-Year,Electronic Check,1
    CUST-15327,70,125.23,0.85,2,38,Month-to-Month,Credit Card,1
    CUST-15328,20,122.1,0.03,1,27,One-Year,Bank Transfer,0
    CUST-15329,27,79.57,0.88,3,49,Month-to-Month,Credit Card,1
    CUST-15330,38,24.88,0.05,1,56,Two-Year,Bank Transfer,0
    CUST-15331,65,83.99,0.68,2,93,Month-to-Month,Bank Transfer,1
    CUST-15332,54,136.8,0.04,1,49,Month-to-Month,Credit Card,0
    CUST-15333,24,44.76,0.84,2,41,One-Year,Electronic Check,1
    CUST-15334,47,147.74,0.1,1,84,Month-to-Month,Bank Transfer,1
    CUST-15335,71,125.0,0.05,3,60,Month-to-Month,Credit Card,1
    CUST-15336,63,112.28,0.8,1,99,One-Year,Credit Card,1
    CUST-15337,57,108.03,0.09,3,87,Month-to-Month,Bank Transfer,1
    CUST-15338,55,96.31,0.72,0,56,Month-to-Month,Electronic Check,1
    CUST-15339,60,113.69,0.67,3,76,Month-to-Month,Bank Transfer,1
    CUST-15340,62,74.85,0.54,0,62,Month-to-Month,Credit Card,1
    CUST-15341,30,129.89,0.34,1,117,One-Year,Credit Card,1
    CUST-15342,22,110.52,0.82,3,99,Month-to-Month,Bank Transfer,1
    CUST-15343,29,120.26,0.78,0,62,Month-to-Month,Electronic Check,1
    CUST-15344,41,123.02,0.38,4,100,One-Year,Bank Transfer,1
    CUST-15345,42,31.97,0.21,2,42,Two-Year,Bank Transfer,0
    CUST-15346,65,27.23,0.25,4,118,Month-to-Month,Bank Transfer,1
    CUST-15347,31,124.13,0.2,3,28,Two-Year,Electronic Check,0
    CUST-15348,30,53.72,0.49,4,37,Month-to-Month,Bank Transfer,1
    CUST-15349,18,95.66,0.78,2,20,Two-Year,Bank Transfer,1
    CUST-15350,17,77.68,0.7,1,35,Month-to-Month,Credit Card,1
    CUST-15351,38,22.87,0.72,0,54,Two-Year,Credit Card,1
    CUST-15352,14,25.24,0.4,3,71,Two-Year,Electronic Check,1
    CUST-15353,56,127.53,0.29,1,98,Month-to-Month,Electronic Check,1
    CUST-15354,22,99.0,0.68,2,6,Month-to-Month,Credit Card,1
    CUST-15355,67,88.1,0.71,2,19,Month-to-Month,Bank Transfer,1
    CUST-15356,56,142.77,0.63,2,106,Month-to-Month,Electronic Check,1
    CUST-15357,19,42.5,0.03,0,8,One-Year,Electronic Check,0
    CUST-15358,57,53.54,0.53,1,48,Month-to-Month,Electronic Check,1
    CUST-15359,44,118.38,0.31,5,94,One-Year,Credit Card,1
    CUST-15360,35,120.78,0.18,2,66,Month-to-Month,Bank Transfer,1
    CUST-15361,1,72.64,0.62,3,16,Month-to-Month,Electronic Check,1
    CUST-15362,52,143.63,0.24,0,117,Month-to-Month,Credit Card,1
    CUST-15363,70,141.97,0.82,1,110,Month-to-Month,Credit Card,1
    CUST-15364,37,21.61,0.27,2,24,Month-to-Month,Credit Card,1
    CUST-15365,65,42.4,0.5,2,25,One-Year,Electronic Check,0
    CUST-15366,51,126.63,0.74,5,13,Two-Year,Credit Card,1
    CUST-15367,1,63.58,0.36,0,119,Month-to-Month,Credit Card,1
    CUST-15368,21,32.41,0.75,5,73,Month-to-Month,Bank Transfer,1
    CUST-15369,53,122.05,0.65,3,30,Month-to-Month,Credit Card,1
    CUST-15370,16,79.1,0.83,6,9,Two-Year,Electronic Check,1
    CUST-15371,61,84.01,0.29,1,63,One-Year,Credit Card,0
    CUST-15372,54,44.23,0.09,1,40,One-Year,Bank Transfer,0
    CUST-15373,40,105.92,0.39,5,7,Month-to-Month,Credit Card,1
    CUST-15374,26,91.66,0.71,3,80,Month-to-Month,Electronic Check,1
    CUST-15375,65,46.87,0.41,0,102,Month-to-Month,Credit Card,1
    CUST-15376,64,64.24,0.24,4,32,One-Year,Electronic Check,0
    CUST-15377,43,97.59,0.02,3,61,Two-Year,Credit Card,0
    CUST-15378,17,140.23,0.28,3,60,Month-to-Month,Credit Card,1
    CUST-15379,59,139.65,0.64,5,93,One-Year,Electronic Check,1
    CUST-15380,23,57.43,0.13,0,107,Month-to-Month,Credit Card,1
    CUST-15381,7,115.63,0.31,0,51,One-Year,Electronic Check,1
    CUST-15382,44,120.82,0.02,3,40,One-Year,Credit Card,0
    CUST-15383,53,125.15,0.65,1,115,Month-to-Month,Electronic Check,1
    CUST-15384,71,94.2,0.79,3,79,One-Year,Credit Card,1
    CUST-15385,34,21.37,0.51,2,11,Month-to-Month,Credit Card,1
    CUST-15386,46,119.02,0.02,0,73,One-Year,Credit Card,0
    CUST-15387,68,33.86,0.2,4,16,Month-to-Month,Bank Transfer,1
    CUST-15388,16,35.19,0.39,3,25,Month-to-Month,Credit Card,1
    CUST-15389,71,98.73,0.53,0,32,Month-to-Month,Bank Transfer,1
    CUST-15390,19,147.86,0.45,3,109,Two-Year,Electronic Check,1
    CUST-15391,2,51.53,0.82,3,74,Month-to-Month,Bank Transfer,1
    CUST-15392,10,103.96,0.84,1,10,Month-to-Month,Credit Card,1
    CUST-15393,50,59.47,0.1,1,94,Month-to-Month,Credit Card,1
    CUST-15394,12,136.83,0.12,1,57,Month-to-Month,Bank Transfer,1
    CUST-15395,70,97.16,0.32,2,84,One-Year,Bank Transfer,1
    CUST-15396,22,46.97,0.38,1,41,One-Year,Bank Transfer,1
    CUST-15397,32,54.08,0.53,1,98,Two-Year,Credit Card,1
    CUST-15398,1,76.22,0.7,3,65,Two-Year,Electronic Check,1
    CUST-15399,54,35.87,0.12,3,32,Month-to-Month,Bank Transfer,1
    CUST-15400,58,30.24,0.72,1,104,Month-to-Month,Electronic Check,1
    CUST-15401,70,108.41,0.55,2,95,Month-to-Month,Bank Transfer,1
    CUST-15402,18,72.93,0.88,1,48,Two-Year,Bank Transfer,1
    CUST-15403,6,114.41,0.59,2,54,Month-to-Month,Bank Transfer,1
    CUST-15404,45,34.31,0.64,2,75,One-Year,Electronic Check,1
    CUST-15405,23,99.28,0.18,4,41,One-Year,Credit Card,1
    CUST-15406,23,77.63,0.69,0,83,Month-to-Month,Credit Card,1
    CUST-15407,26,27.54,0.07,3,114,One-Year,Credit Card,1
    CUST-15408,7,90.82,0.59,3,61,Month-to-Month,Credit Card,1
    CUST-15409,44,30.76,0.05,3,7,Month-to-Month,Bank Transfer,1
    CUST-15410,27,127.6,0.1,1,53,Month-to-Month,Electronic Check,1
    CUST-15411,26,102.15,0.1,0,93,Month-to-Month,Bank Transfer,1
    CUST-15412,36,92.41,0.05,3,106,Month-to-Month,Credit Card,1
    CUST-15413,55,37.35,0.29,2,102,Two-Year,Credit Card,1
    CUST-15414,64,57.37,0.89,3,53,Two-Year,Bank Transfer,1
    CUST-15415,57,84.07,0.31,3,100,Two-Year,Bank Transfer,1
    CUST-15416,69,102.33,0.68,1,97,Month-to-Month,Credit Card,1
    CUST-15417,61,43.82,0.12,1,100,Month-to-Month,Bank Transfer,1
    CUST-15418,2,21.15,0.41,0,26,Month-to-Month,Credit Card,1
    CUST-15419,55,64.82,0.17,5,93,One-Year,Electronic Check,1
    CUST-15420,38,82.77,0.17,3,61,Month-to-Month,Electronic Check,1
    CUST-15421,29,43.98,0.09,5,93,Month-to-Month,Bank Transfer,1
    CUST-15422,26,83.98,0.39,0,35,Month-to-Month,Electronic Check,1
    CUST-15423,35,64.0,0.07,2,3,One-Year,Credit Card,0
    CUST-15424,67,79.16,0.82,2,110,Month-to-Month,Credit Card,1
    CUST-15425,29,65.17,0.4,2,69,Two-Year,Electronic Check,1
    CUST-15426,34,101.7,0.75,0,97,One-Year,Credit Card,1
    CUST-15427,41,25.58,0.88,3,64,Month-to-Month,Electronic Check,1
    CUST-15428,41,42.22,0.61,1,11,Month-to-Month,Bank Transfer,1
    CUST-15429,23,76.26,0.81,0,6,Month-to-Month,Credit Card,1
    CUST-15430,71,66.32,0.12,3,2,Month-to-Month,Electronic Check,0
    CUST-15431,3,70.91,0.75,1,77,Month-to-Month,Bank Transfer,1
    CUST-15432,58,124.49,0.24,5,65,One-Year,Bank Transfer,1
    CUST-15433,32,135.22,0.43,0,91,One-Year,Electronic Check,1
    CUST-15434,31,52.33,0.58,2,40,Month-to-Month,Bank Transfer,1
    CUST-15435,43,128.73,0.81,1,106,One-Year,Bank Transfer,1
    CUST-15436,7,79.64,0.82,1,15,Two-Year,Electronic Check,1
    CUST-15437,1,55.6,0.08,3,99,One-Year,Bank Transfer,1
    CUST-15438,61,148.11,0.33,3,30,Two-Year,Credit Card,0
    CUST-15439,14,127.22,0.71,4,6,Month-to-Month,Credit Card,1
    CUST-15440,52,149.25,0.63,0,98,Month-to-Month,Electronic Check,1
    CUST-15441,6,41.86,0.02,1,21,Month-to-Month,Bank Transfer,1
    CUST-15442,10,38.7,0.4,0,96,Two-Year,Electronic Check,1
    CUST-15443,71,85.44,0.75,2,57,Month-to-Month,Bank Transfer,1
    CUST-15444,30,103.02,0.66,2,55,Two-Year,Bank Transfer,1
    CUST-15445,21,42.24,0.37,2,84,Month-to-Month,Electronic Check,1
    CUST-15446,60,131.86,0.66,1,99,Month-to-Month,Credit Card,1
    CUST-15447,63,89.16,0.5,2,63,Month-to-Month,Bank Transfer,1
    CUST-15448,42,73.42,0.82,2,9,Month-to-Month,Bank Transfer,1
    CUST-15449,51,98.27,0.53,3,52,Month-to-Month,Credit Card,1
    CUST-15450,64,102.54,0.36,1,37,One-Year,Credit Card,0
    CUST-15451,56,25.56,0.78,4,70,Month-to-Month,Bank Transfer,1
    CUST-15452,41,149.99,0.04,2,74,One-Year,Bank Transfer,0
    CUST-15453,32,67.31,0.81,0,117,One-Year,Bank Transfer,1
    CUST-15454,15,28.0,0.63,1,9,Two-Year,Credit Card,1
    CUST-15455,62,130.8,0.85,5,97,Month-to-Month,Bank Transfer,1
    CUST-15456,27,149.09,0.23,0,16,Month-to-Month,Bank Transfer,1
    CUST-15457,28,126.13,0.63,3,32,Month-to-Month,Bank Transfer,1
    CUST-15458,64,130.74,0.73,0,102,Month-to-Month,Credit Card,1
    CUST-15459,59,101.37,0.63,4,112,Month-to-Month,Bank Transfer,1
    CUST-15460,58,139.9,0.19,0,84,One-Year,Credit Card,0
    CUST-15461,2,24.65,0.25,1,84,One-Year,Electronic Check,1
    CUST-15462,36,119.67,0.51,0,3,Two-Year,Bank Transfer,0
    CUST-15463,71,107.19,0.4,3,14,Two-Year,Electronic Check,0
    CUST-15464,13,26.45,0.66,5,21,Month-to-Month,Credit Card,1
    CUST-15465,15,90.72,0.34,1,72,Two-Year,Bank Transfer,1
    CUST-15466,60,86.96,0.77,0,116,Month-to-Month,Credit Card,1
    CUST-15467,22,109.9,0.39,1,119,Two-Year,Credit Card,1
    CUST-15468,63,30.08,0.04,1,110,Month-to-Month,Bank Transfer,1
    CUST-15469,25,124.69,0.02,1,88,Two-Year,Bank Transfer,0
    CUST-15470,48,38.12,0.58,1,47,Month-to-Month,Credit Card,1
    CUST-15471,43,74.43,0.49,2,21,One-Year,Electronic Check,0
    CUST-15472,38,134.57,0.49,2,42,Month-to-Month,Bank Transfer,1
    CUST-15473,41,92.87,0.71,0,96,Month-to-Month,Credit Card,1
    CUST-15474,45,69.35,0.34,3,17,Month-to-Month,Bank Transfer,1
    CUST-15475,40,26.27,0.9,0,40,One-Year,Bank Transfer,1
    CUST-15476,17,107.4,0.85,1,58,Month-to-Month,Credit Card,1
    CUST-15477,57,148.25,0.01,4,115,Month-to-Month,Credit Card,1
    CUST-15478,2,138.53,0.81,2,4,Month-to-Month,Electronic Check,1
    CUST-15479,62,113.25,0.61,2,42,One-Year,Bank Transfer,0
    CUST-15480,9,33.69,0.45,3,87,Month-to-Month,Electronic Check,1
    CUST-15481,68,51.13,0.52,3,57,One-Year,Electronic Check,1
    CUST-15482,17,44.29,0.76,2,36,Two-Year,Electronic Check,1
    CUST-15483,50,66.21,0.86,2,52,Two-Year,Electronic Check,1
    CUST-15484,40,50.62,0.5,1,22,Month-to-Month,Electronic Check,1
    CUST-15485,58,51.78,0.16,2,89,Month-to-Month,Electronic Check,1
    CUST-15486,21,100.17,0.58,1,68,Month-to-Month,Electronic Check,1
    CUST-15487,18,61.43,0.07,0,10,Two-Year,Credit Card,0
    CUST-15488,55,108.03,0.57,3,24,Month-to-Month,Electronic Check,1
    CUST-15489,29,143.23,0.73,1,35,Month-to-Month,Credit Card,1
    CUST-15490,24,103.0,0.32,2,114,Month-to-Month,Credit Card,1
    CUST-15491,17,117.72,0.06,1,78,Two-Year,Credit Card,0
    CUST-15492,18,117.71,0.62,2,20,Two-Year,Credit Card,1
    CUST-15493,42,62.99,0.31,4,110,One-Year,Credit Card,1
    CUST-15494,45,21.94,0.22,3,52,Two-Year,Bank Transfer,0
    CUST-15495,17,27.16,0.62,4,119,One-Year,Credit Card,1
    CUST-15496,14,56.67,0.87,2,14,Month-to-Month,Bank Transfer,1
    CUST-15497,49,109.64,0.67,0,39,One-Year,Bank Transfer,0
    CUST-15498,29,137.87,0.44,0,73,Month-to-Month,Credit Card,1
    CUST-15499,4,144.64,0.54,1,34,Month-to-Month,Credit Card,1
    CUST-15500,20,23.36,0.13,1,84,One-Year,Credit Card,0
    CUST-15501,47,148.71,0.73,0,67,Month-to-Month,Bank Transfer,1
    CUST-15502,9,61.92,0.54,2,76,Month-to-Month,Bank Transfer,1
    CUST-15503,27,129.58,0.87,2,115,One-Year,Electronic Check,1
    CUST-15504,15,43.44,0.88,5,112,One-Year,Credit Card,1
    CUST-15505,19,28.18,0.32,2,103,Two-Year,Electronic Check,1
    CUST-15506,52,69.19,0.89,2,12,Month-to-Month,Bank Transfer,1
    CUST-15507,26,131.66,0.86,1,42,Month-to-Month,Bank Transfer,1
    CUST-15508,26,48.71,0.58,2,86,Month-to-Month,Bank Transfer,1
    CUST-15509,26,40.01,0.3,2,99,Month-to-Month,Electronic Check,1
    CUST-15510,46,138.27,0.68,1,104,Month-to-Month,Electronic Check,1
    CUST-15511,49,141.98,0.24,2,31,Month-to-Month,Credit Card,1
    CUST-15512,53,21.63,0.57,2,71,Month-to-Month,Electronic Check,1
    CUST-15513,3,114.57,0.02,1,9,Month-to-Month,Credit Card,0
    CUST-15514,66,60.2,0.57,2,51,Month-to-Month,Credit Card,1
    CUST-15515,42,68.71,0.86,1,37,One-Year,Electronic Check,1
    CUST-15516,19,80.98,0.21,0,22,One-Year,Electronic Check,0
    CUST-15517,17,75.48,0.7,1,9,Month-to-Month,Credit Card,1
    CUST-15518,33,86.95,0.26,1,80,One-Year,Electronic Check,1
    CUST-15519,49,95.71,0.64,2,116,Month-to-Month,Credit Card,1
    CUST-15520,56,80.53,0.63,3,64,Two-Year,Bank Transfer,1
    CUST-15521,63,111.2,0.17,2,63,Month-to-Month,Bank Transfer,1
    CUST-15522,3,113.42,0.54,2,85,Two-Year,Credit Card,1
    CUST-15523,49,77.25,0.77,0,73,Month-to-Month,Bank Transfer,1
    CUST-15524,55,38.52,0.34,2,12,Two-Year,Electronic Check,0
    CUST-15525,26,103.28,0.64,4,27,Two-Year,Credit Card,1
    CUST-15526,52,120.48,0.61,1,116,Month-to-Month,Credit Card,1
    CUST-15527,7,102.95,0.23,4,47,Month-to-Month,Bank Transfer,1
    CUST-15528,46,96.45,0.83,7,114,Month-to-Month,Credit Card,1
    CUST-15529,46,49.82,0.51,0,73,Month-to-Month,Bank Transfer,1
    CUST-15530,16,103.87,0.32,5,91,Month-to-Month,Credit Card,1
    CUST-15531,24,63.53,0.15,2,28,Month-to-Month,Electronic Check,1
    CUST-15532,61,139.54,0.43,3,35,Month-to-Month,Bank Transfer,1
    CUST-15533,54,104.98,0.66,0,107,Month-to-Month,Electronic Check,1
    CUST-15534,62,56.16,0.56,2,38,One-Year,Credit Card,0
    CUST-15535,1,81.48,0.65,1,96,Month-to-Month,Bank Transfer,1
    CUST-15536,49,130.06,0.71,1,41,Month-to-Month,Electronic Check,1
    CUST-15537,25,63.61,0.4,1,67,Month-to-Month,Credit Card,1
    CUST-15538,10,88.31,0.47,2,56,Month-to-Month,Bank Transfer,1
    CUST-15539,16,108.36,0.89,0,9,Month-to-Month,Electronic Check,1
    CUST-15540,58,118.09,0.87,1,3,Month-to-Month,Bank Transfer,1
    CUST-15541,29,42.61,0.37,1,51,Month-to-Month,Credit Card,1
    CUST-15542,6,93.47,0.62,2,100,Month-to-Month,Electronic Check,1
    CUST-15543,16,138.59,0.24,3,77,Two-Year,Credit Card,1
    CUST-15544,20,145.89,0.14,0,49,Two-Year,Electronic Check,0
    CUST-15545,71,105.3,0.69,3,98,Two-Year,Credit Card,1
    CUST-15546,43,147.88,0.39,0,94,Month-to-Month,Credit Card,1
    CUST-15547,26,94.2,0.16,2,80,Month-to-Month,Bank Transfer,1
    CUST-15548,71,77.54,0.68,3,97,One-Year,Bank Transfer,1
    CUST-15549,33,91.71,0.82,3,35,Two-Year,Electronic Check,1
    CUST-15550,26,35.04,0.84,4,16,Month-to-Month,Electronic Check,1
    CUST-15551,45,72.22,0.54,4,102,Two-Year,Credit Card,1
    CUST-15552,63,79.59,0.43,3,40,One-Year,Bank Transfer,0
    CUST-15553,67,130.32,0.13,2,69,Two-Year,Credit Card,0
    CUST-15554,52,118.62,0.71,2,8,Month-to-Month,Credit Card,1
    CUST-15555,68,98.19,0.85,5,54,Month-to-Month,Electronic Check,1
    CUST-15556,26,65.15,0.8,0,33,Month-to-Month,Credit Card,1
    CUST-15557,2,44.31,0.68,1,51,One-Year,Credit Card,1
    CUST-15558,14,65.21,0.0,2,94,One-Year,Bank Transfer,0
    CUST-15559,30,108.37,0.37,1,2,Two-Year,Credit Card,0
    CUST-15560,49,54.19,0.37,4,38,Two-Year,Credit Card,1
    CUST-15561,12,75.5,0.8,1,56,Month-to-Month,Credit Card,1
    CUST-15562,44,70.28,0.06,2,102,Month-to-Month,Electronic Check,1
    CUST-15563,33,119.53,0.48,1,20,Month-to-Month,Bank Transfer,1
    CUST-15564,13,134.89,0.12,3,52,Two-Year,Electronic Check,1
    CUST-15565,26,110.92,0.6,2,9,Month-to-Month,Electronic Check,1
    CUST-15566,21,64.41,0.71,3,65,One-Year,Bank Transfer,1
    CUST-15567,28,76.31,0.58,2,66,Month-to-Month,Electronic Check,1
    CUST-15568,48,38.64,0.72,4,116,One-Year,Credit Card,1
    CUST-15569,40,41.85,0.55,2,19,Month-to-Month,Electronic Check,1
    CUST-15570,66,41.36,0.17,5,16,One-Year,Electronic Check,0
    CUST-15571,23,36.98,0.34,2,105,Two-Year,Credit Card,1
    CUST-15572,48,43.35,0.86,1,69,Month-to-Month,Credit Card,1
    CUST-15573,2,46.35,0.26,3,96,Month-to-Month,Electronic Check,1
    CUST-15574,20,34.54,0.06,2,20,Two-Year,Electronic Check,1
    CUST-15575,59,103.23,0.35,2,107,Month-to-Month,Credit Card,1
    CUST-15576,46,148.75,0.33,2,52,Month-to-Month,Bank Transfer,1
    CUST-15577,3,134.29,0.42,0,14,Month-to-Month,Credit Card,1
    CUST-15578,55,25.93,0.5,3,77,Two-Year,Bank Transfer,1
    CUST-15579,12,75.0,0.89,1,91,One-Year,Credit Card,1
    CUST-15580,40,131.71,0.68,2,35,Month-to-Month,Credit Card,1
    CUST-15581,66,37.51,0.03,3,57,Month-to-Month,Bank Transfer,1
    CUST-15582,16,130.19,0.64,3,34,Two-Year,Bank Transfer,1
    CUST-15583,34,97.05,0.74,1,59,Month-to-Month,Bank Transfer,1
    CUST-15584,44,141.07,0.81,1,80,Month-to-Month,Electronic Check,1
    CUST-15585,6,133.89,0.38,2,28,Month-to-Month,Bank Transfer,1
    CUST-15586,64,108.01,0.28,2,43,Month-to-Month,Credit Card,1
    CUST-15587,22,105.52,0.76,2,35,Month-to-Month,Credit Card,1
    CUST-15588,18,47.71,0.7,2,15,One-Year,Credit Card,1
    CUST-15589,12,35.18,0.48,2,3,Two-Year,Electronic Check,1
    CUST-15590,52,74.0,0.11,1,91,Month-to-Month,Bank Transfer,1
    CUST-15591,51,44.26,0.59,2,27,Month-to-Month,Bank Transfer,1
    CUST-15592,71,33.31,0.06,2,115,Month-to-Month,Electronic Check,1
    CUST-15593,48,59.3,0.09,2,4,Month-to-Month,Bank Transfer,0
    CUST-15594,19,131.86,0.3,4,85,Two-Year,Credit Card,1
    CUST-15595,6,22.23,0.33,1,22,Month-to-Month,Bank Transfer,1
    CUST-15596,27,58.04,0.42,3,69,Month-to-Month,Electronic Check,1
    CUST-15597,53,75.13,0.31,0,105,Month-to-Month,Electronic Check,1
    CUST-15598,48,86.37,0.03,1,103,Month-to-Month,Bank Transfer,1
    CUST-15599,7,43.61,0.14,4,23,Month-to-Month,Electronic Check,1
    CUST-15600,59,145.35,0.1,1,87,Month-to-Month,Bank Transfer,0
    CUST-15601,69,95.25,0.39,6,13,One-Year,Bank Transfer,0
    CUST-15602,11,87.87,0.19,3,60,Month-to-Month,Credit Card,1
    CUST-15603,15,21.15,0.26,3,27,Two-Year,Bank Transfer,1
    CUST-15604,64,83.14,0.42,1,119,Month-to-Month,Bank Transfer,1
    CUST-15605,3,128.9,0.21,1,50,One-Year,Credit Card,1
    CUST-15606,69,48.55,0.22,3,79,Month-to-Month,Credit Card,1
    CUST-15607,23,65.66,0.75,1,12,Month-to-Month,Bank Transfer,1
    CUST-15608,53,22.67,0.49,1,10,Month-to-Month,Credit Card,0
    CUST-15609,37,147.0,0.77,3,49,Month-to-Month,Electronic Check,1
    CUST-15610,9,28.66,0.46,2,102,Month-to-Month,Bank Transfer,1
    CUST-15611,15,136.77,0.82,3,92,Month-to-Month,Electronic Check,1
    CUST-15612,3,60.69,0.23,1,107,Month-to-Month,Bank Transfer,1
    CUST-15613,70,96.38,0.56,0,35,One-Year,Credit Card,0
    CUST-15614,17,108.31,0.45,3,38,Month-to-Month,Credit Card,1
    CUST-15615,26,38.31,0.83,1,54,Month-to-Month,Credit Card,1
    CUST-15616,21,77.69,0.38,1,20,Month-to-Month,Bank Transfer,1
    CUST-15617,21,62.31,0.77,0,12,One-Year,Electronic Check,1
    CUST-15618,11,27.36,0.51,0,3,Two-Year,Bank Transfer,0
    CUST-15619,38,128.32,0.64,3,2,Month-to-Month,Electronic Check,1
    CUST-15620,35,25.87,0.8,0,92,Month-to-Month,Credit Card,1
    CUST-15621,14,104.92,0.9,3,22,Month-to-Month,Electronic Check,1
    CUST-15622,14,60.83,0.66,1,35,One-Year,Bank Transfer,1
    CUST-15623,10,44.98,0.28,2,109,Month-to-Month,Bank Transfer,1
    CUST-15624,12,106.72,0.27,1,116,One-Year,Credit Card,1
    CUST-15625,38,94.69,0.28,0,9,Two-Year,Bank Transfer,0
    CUST-15626,34,60.98,0.09,0,87,One-Year,Electronic Check,0
    CUST-15627,41,86.68,0.05,2,17,One-Year,Electronic Check,0
    CUST-15628,10,52.01,0.52,5,14,One-Year,Credit Card,1
    CUST-15629,17,132.28,0.73,1,116,Month-to-Month,Credit Card,1
    CUST-15630,17,60.8,0.03,0,32,Month-to-Month,Electronic Check,1
    CUST-15631,67,51.87,0.51,3,59,One-Year,Electronic Check,0
    CUST-15632,62,117.74,0.33,3,104,Month-to-Month,Bank Transfer,1
    CUST-15633,1,22.29,0.8,1,58,One-Year,Electronic Check,1
    CUST-15634,12,54.84,0.13,1,36,Month-to-Month,Bank Transfer,1
    CUST-15635,4,68.8,0.51,2,33,Month-to-Month,Bank Transfer,1
    CUST-15636,42,134.69,0.87,0,74,Two-Year,Bank Transfer,1
    CUST-15637,13,143.56,0.31,3,64,Month-to-Month,Bank Transfer,1
    CUST-15638,4,113.14,0.67,2,13,Two-Year,Credit Card,1
    CUST-15639,69,84.03,0.79,3,34,Two-Year,Bank Transfer,1
    CUST-15640,19,103.28,0.17,0,5,Two-Year,Bank Transfer,0
    CUST-15641,2,73.82,0.89,2,70,Month-to-Month,Bank Transfer,1
    CUST-15642,12,58.85,0.73,2,33,Two-Year,Bank Transfer,1
    CUST-15643,6,143.59,0.12,1,5,Month-to-Month,Electronic Check,1
    CUST-15644,8,35.0,0.28,2,88,Month-to-Month,Electronic Check,1
    CUST-15645,51,65.03,0.56,0,111,Month-to-Month,Electronic Check,1
    CUST-15646,11,136.88,0.8,3,72,Month-to-Month,Bank Transfer,1
    CUST-15647,63,114.01,0.18,2,18,Month-to-Month,Credit Card,0
    CUST-15648,57,23.78,0.66,0,89,Month-to-Month,Credit Card,1
    CUST-15649,12,23.0,0.24,1,18,Two-Year,Bank Transfer,0
    CUST-15650,2,87.15,0.72,1,100,Two-Year,Credit Card,1
    CUST-15651,8,82.95,0.62,2,26,One-Year,Electronic Check,1
    CUST-15652,11,77.59,0.47,0,84,Month-to-Month,Electronic Check,1
    CUST-15653,53,59.3,0.58,1,20,Month-to-Month,Credit Card,1
    CUST-15654,10,148.26,0.79,1,103,Month-to-Month,Credit Card,1
    CUST-15655,8,55.36,0.35,6,104,One-Year,Bank Transfer,1
    CUST-15656,36,83.71,0.69,3,88,Two-Year,Electronic Check,1
    CUST-15657,14,72.64,0.14,4,84,Two-Year,Credit Card,1
    CUST-15658,54,42.13,0.63,3,109,Two-Year,Credit Card,1
    CUST-15659,21,46.34,0.68,2,4,Month-to-Month,Bank Transfer,1
    CUST-15660,50,139.38,0.4,1,22,Month-to-Month,Electronic Check,1
    CUST-15661,39,131.58,0.71,2,89,Month-to-Month,Credit Card,1
    CUST-15662,20,45.88,0.5,2,85,Month-to-Month,Bank Transfer,1
    CUST-15663,7,133.84,0.84,1,82,One-Year,Bank Transfer,1
    CUST-15664,9,47.19,0.1,2,109,Two-Year,Credit Card,1
    CUST-15665,1,101.45,0.12,2,110,Month-to-Month,Bank Transfer,1
    CUST-15666,26,30.57,0.76,2,73,Two-Year,Electronic Check,1
    CUST-15667,38,134.45,0.76,2,108,Month-to-Month,Electronic Check,1
    CUST-15668,38,26.7,0.42,3,9,One-Year,Credit Card,0
    CUST-15669,61,92.14,0.87,0,59,Month-to-Month,Electronic Check,1
    CUST-15670,44,121.36,0.61,1,33,Month-to-Month,Electronic Check,1
    CUST-15671,44,35.19,0.88,5,105,One-Year,Electronic Check,1
    CUST-15672,62,72.58,0.48,0,7,Month-to-Month,Credit Card,0
    CUST-15673,6,25.45,0.18,3,33,Month-to-Month,Electronic Check,1
    CUST-15674,17,108.76,0.4,1,66,One-Year,Bank Transfer,1
    CUST-15675,51,59.97,0.88,4,114,Month-to-Month,Electronic Check,1
    CUST-15676,38,92.72,0.33,3,72,Two-Year,Electronic Check,1
    CUST-15677,24,141.26,0.86,1,97,Two-Year,Electronic Check,1
    CUST-15678,51,59.76,0.72,4,59,Month-to-Month,Credit Card,1
    CUST-15679,10,26.32,0.4,1,35,Month-to-Month,Credit Card,1
    CUST-15680,21,107.83,0.49,1,93,Month-to-Month,Bank Transfer,1
    CUST-15681,70,122.29,0.55,2,32,Month-to-Month,Electronic Check,1
    CUST-15682,57,144.52,0.6,4,1,Month-to-Month,Electronic Check,1
    CUST-15683,39,40.51,0.07,1,117,Month-to-Month,Electronic Check,1
    CUST-15684,33,70.98,0.84,3,95,Two-Year,Electronic Check,1
    CUST-15685,59,129.74,0.54,1,52,Month-to-Month,Bank Transfer,1
    CUST-15686,18,124.89,0.84,3,35,Month-to-Month,Bank Transfer,1
    CUST-15687,56,101.22,0.57,1,40,One-Year,Electronic Check,0
    CUST-15688,57,55.02,0.39,3,44,One-Year,Electronic Check,0
    CUST-15689,48,56.92,0.51,6,39,Two-Year,Bank Transfer,1
    CUST-15690,42,36.12,0.75,0,20,One-Year,Electronic Check,0
    CUST-15691,27,139.84,0.29,2,97,Month-to-Month,Electronic Check,1
    CUST-15692,52,42.48,0.86,2,87,Two-Year,Electronic Check,1
    CUST-15693,42,94.48,0.42,1,3,Month-to-Month,Credit Card,1
    CUST-15694,32,95.97,0.86,1,53,Two-Year,Electronic Check,1
    CUST-15695,26,68.05,0.79,1,12,Month-to-Month,Credit Card,1
    CUST-15696,25,65.83,0.69,5,8,Month-to-Month,Electronic Check,1
    CUST-15697,23,106.92,0.42,2,64,One-Year,Electronic Check,1
    CUST-15698,57,70.48,0.53,1,41,Month-to-Month,Credit Card,1
    CUST-15699,52,53.17,0.75,2,111,Month-to-Month,Credit Card,1
    CUST-15700,31,71.89,0.49,4,11,One-Year,Credit Card,1
    CUST-15701,64,125.0,0.66,1,26,Month-to-Month,Credit Card,0
    CUST-15702,71,145.64,0.71,4,87,Month-to-Month,Bank Transfer,1
    CUST-15703,33,102.67,0.46,2,38,Month-to-Month,Credit Card,1
    CUST-15704,2,121.67,0.48,0,5,Two-Year,Bank Transfer,0
    CUST-15705,18,89.27,0.18,2,32,Month-to-Month,Electronic Check,1
    CUST-15706,47,101.23,0.22,2,69,One-Year,Electronic Check,0
    CUST-15707,33,148.45,0.81,1,112,Month-to-Month,Bank Transfer,1
    CUST-15708,35,76.99,0.76,3,15,Month-to-Month,Electronic Check,1
    CUST-15709,51,28.61,0.01,1,61,Month-to-Month,Electronic Check,1
    CUST-15710,18,144.41,0.78,1,107,One-Year,Bank Transfer,1
    CUST-15711,30,123.1,0.02,2,52,Month-to-Month,Electronic Check,1
    CUST-15712,44,71.78,0.41,1,87,Month-to-Month,Credit Card,1
    CUST-15713,53,147.71,0.06,4,113,Month-to-Month,Credit Card,1
    CUST-15714,10,64.92,0.87,3,28,Two-Year,Credit Card,1
    CUST-15715,52,68.38,0.88,1,19,Two-Year,Bank Transfer,1
    CUST-15716,49,99.27,0.55,2,54,Month-to-Month,Electronic Check,1
    CUST-15717,11,55.67,0.35,3,81,Month-to-Month,Credit Card,1
    CUST-15718,66,110.81,0.46,2,15,One-Year,Bank Transfer,0
    CUST-15719,58,39.87,0.69,3,13,Two-Year,Bank Transfer,1
    CUST-15720,36,34.04,0.2,1,87,Month-to-Month,Credit Card,1
    CUST-15721,33,89.53,0.4,1,82,One-Year,Electronic Check,1
    CUST-15722,47,92.21,0.66,0,23,Two-Year,Electronic Check,0
    CUST-15723,13,33.87,0.36,4,80,Month-to-Month,Bank Transfer,1
    CUST-15724,40,145.34,0.03,2,62,Month-to-Month,Bank Transfer,1
    CUST-15725,68,94.53,0.46,5,84,Month-to-Month,Bank Transfer,1
    CUST-15726,42,39.63,0.66,3,25,Two-Year,Credit Card,1
    CUST-15727,19,60.49,0.88,2,32,One-Year,Electronic Check,1
    CUST-15728,19,124.03,0.03,0,21,Month-to-Month,Credit Card,0
    CUST-15729,58,88.02,0.49,3,1,Month-to-Month,Electronic Check,1
    CUST-15730,23,44.46,0.4,2,28,One-Year,Bank Transfer,1
    CUST-15731,54,33.37,0.22,4,91,Month-to-Month,Electronic Check,1
    CUST-15732,65,76.0,0.57,1,116,Month-to-Month,Credit Card,1
    CUST-15733,12,63.86,0.15,2,91,Month-to-Month,Bank Transfer,1
    CUST-15734,24,105.27,0.26,5,109,Month-to-Month,Electronic Check,1
    CUST-15735,34,140.28,0.7,3,100,Month-to-Month,Credit Card,1
    CUST-15736,53,52.2,0.41,3,12,One-Year,Bank Transfer,0
    CUST-15737,8,131.18,0.89,5,79,One-Year,Electronic Check,1
    CUST-15738,18,139.66,0.35,3,20,One-Year,Electronic Check,1
    CUST-15739,57,137.26,0.42,2,108,Two-Year,Credit Card,1
    CUST-15740,5,143.77,0.27,2,83,Month-to-Month,Bank Transfer,1
    CUST-15741,26,129.47,0.21,2,51,Month-to-Month,Electronic Check,1
    CUST-15742,30,97.15,0.83,1,26,Month-to-Month,Bank Transfer,1
    CUST-15743,54,73.28,0.67,1,111,Month-to-Month,Bank Transfer,1
    CUST-15744,13,83.92,0.3,1,85,Two-Year,Credit Card,1
    CUST-15745,29,133.44,0.63,0,101,Month-to-Month,Bank Transfer,1
    CUST-15746,3,59.18,0.87,2,43,Month-to-Month,Bank Transfer,1
    CUST-15747,58,40.7,0.07,0,50,Month-to-Month,Electronic Check,0
    CUST-15748,2,38.31,0.24,2,74,Month-to-Month,Credit Card,1
    CUST-15749,28,127.51,0.18,5,28,Month-to-Month,Bank Transfer,1
    CUST-15750,2,118.99,0.78,0,26,Month-to-Month,Credit Card,1
    CUST-15751,7,84.69,0.16,3,77,Month-to-Month,Bank Transfer,1
    CUST-15752,26,55.73,0.28,0,25,Month-to-Month,Electronic Check,0
    CUST-15753,16,108.09,0.49,1,115,Month-to-Month,Electronic Check,1
    CUST-15754,23,25.0,0.56,2,31,One-Year,Credit Card,1
    CUST-15755,40,93.87,0.73,5,84,Month-to-Month,Credit Card,1
    CUST-15756,60,71.8,0.37,2,79,Two-Year,Bank Transfer,0
    CUST-15757,32,147.12,0.48,0,18,Month-to-Month,Bank Transfer,1
    CUST-15758,15,85.98,0.87,2,40,Month-to-Month,Electronic Check,1
    CUST-15759,13,91.79,0.27,3,87,One-Year,Electronic Check,1
    CUST-15760,5,112.61,0.22,0,67,Two-Year,Electronic Check,1
    CUST-15761,52,82.99,0.64,0,63,Month-to-Month,Electronic Check,1
    CUST-15762,41,49.19,0.69,4,11,One-Year,Bank Transfer,1
    CUST-15763,53,89.85,0.37,3,27,One-Year,Bank Transfer,0
    CUST-15764,50,142.75,0.19,2,37,One-Year,Bank Transfer,0
    CUST-15765,15,73.29,0.7,3,12,Month-to-Month,Electronic Check,1
    CUST-15766,7,108.35,0.6,3,97,One-Year,Bank Transfer,1
    CUST-15767,40,147.14,0.79,1,28,Month-to-Month,Credit Card,1
    CUST-15768,28,127.89,0.76,1,6,Month-to-Month,Electronic Check,1
    CUST-15769,32,105.67,0.18,3,70,One-Year,Bank Transfer,1
    CUST-15770,15,115.68,0.75,2,44,One-Year,Bank Transfer,1
    CUST-15771,70,141.74,0.16,1,85,Two-Year,Electronic Check,0
    CUST-15772,65,144.77,0.78,2,89,Month-to-Month,Bank Transfer,1
    CUST-15773,4,145.97,0.69,0,47,Month-to-Month,Credit Card,1
    CUST-15774,11,101.33,0.51,0,36,Month-to-Month,Credit Card,1
    CUST-15775,26,70.01,0.58,5,82,Month-to-Month,Electronic Check,1
    CUST-15776,61,37.31,0.09,0,44,Month-to-Month,Bank Transfer,0
    CUST-15777,37,70.12,0.04,1,103,Month-to-Month,Credit Card,1
    CUST-15778,23,142.58,0.3,2,69,Month-to-Month,Bank Transfer,1
    CUST-15779,40,135.67,0.74,2,23,One-Year,Credit Card,1
    CUST-15780,23,88.08,0.42,1,23,Month-to-Month,Credit Card,1
    CUST-15781,16,89.81,0.2,4,87,Month-to-Month,Credit Card,1
    CUST-15782,61,60.16,0.75,1,35,Two-Year,Electronic Check,0
    CUST-15783,68,79.09,0.21,5,93,Month-to-Month,Bank Transfer,1
    CUST-15784,31,112.88,0.73,7,69,Month-to-Month,Electronic Check,1
    CUST-15785,53,72.32,0.41,1,61,Month-to-Month,Credit Card,1
    CUST-15786,25,44.44,0.42,2,81,One-Year,Electronic Check,1
    CUST-15787,44,90.31,0.25,2,38,Month-to-Month,Electronic Check,1
    CUST-15788,12,49.29,0.81,3,52,Month-to-Month,Bank Transfer,1
    CUST-15789,9,146.66,0.08,1,2,Two-Year,Electronic Check,0
    CUST-15790,12,70.74,0.13,2,19,One-Year,Bank Transfer,0
    CUST-15791,69,138.26,0.57,0,111,One-Year,Credit Card,0
    CUST-15792,54,49.32,0.77,4,63,Month-to-Month,Electronic Check,1
    CUST-15793,54,44.6,0.09,4,67,Month-to-Month,Credit Card,1
    CUST-15794,28,100.2,0.66,2,94,Two-Year,Credit Card,1
    CUST-15795,56,121.32,0.67,2,97,One-Year,Electronic Check,1
    CUST-15796,69,93.68,0.52,3,23,Month-to-Month,Credit Card,1
    CUST-15797,58,49.87,0.44,0,26,Two-Year,Electronic Check,0
    CUST-15798,42,24.93,0.29,0,30,Month-to-Month,Bank Transfer,0
    CUST-15799,38,100.38,0.32,2,19,Month-to-Month,Credit Card,1
    CUST-15800,68,37.03,0.61,2,39,One-Year,Bank Transfer,0
    CUST-15801,53,64.61,0.06,0,90,Month-to-Month,Credit Card,1
    CUST-15802,33,107.85,0.53,1,96,Month-to-Month,Bank Transfer,1
    CUST-15803,71,32.74,0.25,3,106,Two-Year,Credit Card,1
    CUST-15804,56,36.54,0.42,3,28,Month-to-Month,Bank Transfer,1
    CUST-15805,51,28.02,0.5,0,73,Month-to-Month,Credit Card,1
    CUST-15806,43,149.49,0.8,2,61,Two-Year,Electronic Check,1
    CUST-15807,15,70.32,0.52,0,48,Two-Year,Credit Card,1
    CUST-15808,38,137.75,0.2,3,95,Month-to-Month,Credit Card,1
    CUST-15809,15,58.17,0.07,1,79,Month-to-Month,Electronic Check,1
    CUST-15810,5,117.92,0.56,0,96,Two-Year,Bank Transfer,1
    CUST-15811,54,48.48,0.49,2,13,Month-to-Month,Bank Transfer,1
    CUST-15812,51,84.78,0.6,0,86,Month-to-Month,Credit Card,1
    CUST-15813,10,127.2,0.41,3,104,Month-to-Month,Credit Card,1
    CUST-15814,12,126.12,0.74,4,11,Month-to-Month,Electronic Check,1
    CUST-15815,4,123.26,0.83,0,97,Month-to-Month,Electronic Check,1
    CUST-15816,18,127.09,0.04,3,88,Month-to-Month,Electronic Check,1
    CUST-15817,36,47.49,0.67,3,40,Month-to-Month,Bank Transfer,1
    CUST-15818,25,82.69,0.03,2,108,One-Year,Electronic Check,0
    CUST-15819,36,83.03,0.4,2,51,Month-to-Month,Credit Card,1
    CUST-15820,67,135.77,0.42,2,70,Month-to-Month,Electronic Check,1
    CUST-15821,9,58.6,0.63,4,80,One-Year,Electronic Check,1
    CUST-15822,61,141.09,0.32,3,30,One-Year,Credit Card,0
    CUST-15823,53,78.6,0.74,1,30,Two-Year,Bank Transfer,0
    CUST-15824,18,107.07,0.31,3,78,Month-to-Month,Bank Transfer,1
    CUST-15825,43,54.95,0.31,2,54,Month-to-Month,Electronic Check,1
    CUST-15826,35,73.34,0.2,6,7,Month-to-Month,Electronic Check,1
    CUST-15827,63,112.27,0.62,2,67,One-Year,Credit Card,1
    CUST-15828,4,86.66,0.07,1,95,Month-to-Month,Bank Transfer,1
    CUST-15829,41,140.99,0.33,1,10,Two-Year,Electronic Check,0
    CUST-15830,45,115.83,0.24,3,97,Two-Year,Electronic Check,1
    CUST-15831,50,93.37,0.21,1,61,Month-to-Month,Electronic Check,1
    CUST-15832,28,135.27,0.05,2,102,Two-Year,Credit Card,1
    CUST-15833,42,106.52,0.17,2,37,Month-to-Month,Electronic Check,1
    CUST-15834,69,104.15,0.4,3,15,Month-to-Month,Credit Card,1
    CUST-15835,1,52.03,0.45,2,50,Month-to-Month,Bank Transfer,1
    CUST-15836,39,71.33,0.24,3,4,Month-to-Month,Credit Card,1
    CUST-15837,17,108.83,0.59,1,101,Month-to-Month,Bank Transfer,1
    CUST-15838,35,135.93,0.3,2,42,Month-to-Month,Credit Card,1
    CUST-15839,46,61.02,0.33,4,68,One-Year,Electronic Check,1
    CUST-15840,42,48.01,0.7,0,10,Month-to-Month,Electronic Check,1
    CUST-15841,39,97.18,0.5,2,116,Month-to-Month,Bank Transfer,1
    CUST-15842,49,28.74,0.86,1,22,Month-to-Month,Electronic Check,1
    CUST-15843,62,112.89,0.32,4,31,One-Year,Electronic Check,0
    CUST-15844,38,111.41,0.75,0,100,Month-to-Month,Electronic Check,1
    CUST-15845,23,66.15,0.66,4,76,Two-Year,Bank Transfer,1
    CUST-15846,22,136.05,0.8,3,73,Two-Year,Credit Card,1
    CUST-15847,4,85.28,0.86,2,28,Two-Year,Credit Card,1
    CUST-15848,49,103.95,0.01,0,98,Month-to-Month,Bank Transfer,0
    CUST-15849,59,47.25,0.08,2,69,Month-to-Month,Bank Transfer,0
    CUST-15850,68,74.25,0.61,2,94,Month-to-Month,Electronic Check,1
    CUST-15851,71,132.11,0.35,2,80,Two-Year,Credit Card,1
    CUST-15852,2,47.68,0.74,2,19,Month-to-Month,Bank Transfer,1
    CUST-15853,49,70.77,0.01,2,78,Month-to-Month,Credit Card,1
    CUST-15854,31,61.35,0.73,0,47,One-Year,Bank Transfer,1
    CUST-15855,40,39.64,0.12,4,115,Month-to-Month,Bank Transfer,1
    CUST-15856,48,57.66,0.26,0,24,One-Year,Electronic Check,0
    CUST-15857,51,50.26,0.87,1,56,Month-to-Month,Credit Card,1
    CUST-15858,43,140.07,0.05,0,114,Month-to-Month,Credit Card,1
    CUST-15859,55,116.34,0.31,4,11,Month-to-Month,Bank Transfer,1
    CUST-15860,49,61.09,0.08,3,77,Month-to-Month,Bank Transfer,1
    CUST-15861,57,119.23,0.77,5,74,Month-to-Month,Bank Transfer,1
    CUST-15862,15,22.88,0.63,0,93,One-Year,Bank Transfer,1
    CUST-15863,27,88.45,0.72,1,103,Two-Year,Electronic Check,1
    CUST-15864,68,52.54,0.47,4,91,One-Year,Electronic Check,1
    CUST-15865,64,34.86,0.32,3,54,Month-to-Month,Bank Transfer,1
    CUST-15866,30,134.89,0.0,0,59,Month-to-Month,Electronic Check,1
    CUST-15867,36,45.91,0.25,2,65,Month-to-Month,Credit Card,1
    CUST-15868,67,126.91,0.46,2,32,Two-Year,Credit Card,0
    CUST-15869,49,73.72,0.6,3,18,Month-to-Month,Bank Transfer,1
    CUST-15870,55,21.86,0.21,2,4,Month-to-Month,Electronic Check,0
    CUST-15871,56,115.23,0.13,2,80,Month-to-Month,Electronic Check,1
    CUST-15872,68,97.53,0.18,1,82,Two-Year,Bank Transfer,0
    CUST-15873,44,64.74,0.32,1,85,Month-to-Month,Electronic Check,1
    CUST-15874,31,56.6,0.13,1,51,One-Year,Credit Card,0
    CUST-15875,58,29.58,0.14,2,47,Month-to-Month,Credit Card,0
    CUST-15876,53,142.39,0.04,0,54,Month-to-Month,Credit Card,0
    CUST-15877,23,84.22,0.77,1,25,One-Year,Credit Card,1
    CUST-15878,28,31.12,0.2,5,10,One-Year,Bank Transfer,1
    CUST-15879,16,132.93,0.74,0,7,Two-Year,Electronic Check,1
    CUST-15880,37,56.25,0.39,2,117,One-Year,Electronic Check,1
    CUST-15881,21,46.47,0.57,1,65,Month-to-Month,Credit Card,1
    CUST-15882,17,56.52,0.07,3,97,Month-to-Month,Electronic Check,1
    CUST-15883,37,93.39,0.53,4,97,One-Year,Credit Card,1
    CUST-15884,19,29.63,0.26,0,19,One-Year,Bank Transfer,0
    CUST-15885,30,82.63,0.09,2,7,Two-Year,Bank Transfer,0
    CUST-15886,45,136.45,0.82,0,111,Month-to-Month,Bank Transfer,1
    CUST-15887,18,44.46,0.54,1,45,One-Year,Credit Card,1
    CUST-15888,62,63.05,0.22,2,105,Month-to-Month,Credit Card,1
    CUST-15889,36,71.5,0.38,2,78,Month-to-Month,Bank Transfer,1
    CUST-15890,52,96.21,0.32,2,38,Month-to-Month,Electronic Check,1
    CUST-15891,19,139.5,0.63,3,7,One-Year,Electronic Check,1
    CUST-15892,44,71.29,0.55,2,46,Two-Year,Electronic Check,1
    CUST-15893,7,28.99,0.02,1,107,Month-to-Month,Credit Card,1
    CUST-15894,44,65.23,0.18,2,67,Two-Year,Credit Card,0
    CUST-15895,68,44.71,0.43,1,75,Month-to-Month,Credit Card,1
    CUST-15896,34,104.73,0.4,3,8,Month-to-Month,Electronic Check,1
    CUST-15897,66,23.8,0.47,3,90,One-Year,Bank Transfer,1
    CUST-15898,69,57.95,0.64,4,102,Month-to-Month,Electronic Check,1
    CUST-15899,55,90.87,0.61,1,3,Month-to-Month,Bank Transfer,1
    CUST-15900,10,56.05,0.34,2,93,Two-Year,Bank Transfer,1
    CUST-15901,42,91.63,0.79,0,12,One-Year,Credit Card,0
    CUST-15902,41,34.91,0.06,2,82,Two-Year,Electronic Check,0
    CUST-15903,69,142.56,0.53,1,43,Two-Year,Bank Transfer,0
    CUST-15904,10,57.82,0.85,2,7,Two-Year,Credit Card,1
    CUST-15905,10,139.99,0.49,2,94,Month-to-Month,Credit Card,1
    CUST-15906,60,62.36,0.41,4,106,Two-Year,Electronic Check,1
    CUST-15907,51,121.64,0.12,0,48,Two-Year,Credit Card,0
    CUST-15908,21,52.0,0.73,4,80,Month-to-Month,Electronic Check,1
    CUST-15909,8,107.07,0.34,4,111,Two-Year,Credit Card,1
    CUST-15910,65,62.08,0.63,0,45,One-Year,Electronic Check,0
    CUST-15911,30,86.19,0.18,4,25,One-Year,Credit Card,0
    CUST-15912,49,107.6,0.04,1,4,Month-to-Month,Bank Transfer,0
    CUST-15913,9,96.55,0.27,0,4,Month-to-Month,Electronic Check,1
    CUST-15914,17,94.92,0.25,0,102,One-Year,Bank Transfer,1
    CUST-15915,69,28.54,0.79,0,50,Month-to-Month,Electronic Check,1
    CUST-15916,58,52.38,0.78,1,58,Month-to-Month,Electronic Check,1
    CUST-15917,57,94.34,0.48,1,65,Month-to-Month,Electronic Check,1
    CUST-15918,62,22.38,0.02,7,106,Two-Year,Credit Card,1
    CUST-15919,52,52.58,0.21,3,67,Month-to-Month,Bank Transfer,1
    CUST-15920,61,49.79,0.58,3,28,One-Year,Credit Card,1
    CUST-15921,40,52.48,0.09,4,110,Two-Year,Electronic Check,1
    CUST-15922,38,89.63,0.63,3,75,Month-to-Month,Bank Transfer,1
    CUST-15923,43,95.65,0.01,3,37,Month-to-Month,Bank Transfer,1
    CUST-15924,63,138.17,0.61,2,2,Month-to-Month,Electronic Check,1
    CUST-15925,19,70.18,0.76,3,73,Two-Year,Credit Card,1
    CUST-15926,50,140.46,0.42,3,61,Month-to-Month,Bank Transfer,1
    CUST-15927,33,104.75,0.75,1,81,One-Year,Bank Transfer,1
    CUST-15928,13,138.65,0.7,2,96,One-Year,Bank Transfer,1
    CUST-15929,62,128.35,0.6,1,51,Month-to-Month,Credit Card,1
    CUST-15930,43,109.39,0.4,1,31,One-Year,Bank Transfer,0
    CUST-15931,49,66.29,0.24,1,85,Month-to-Month,Electronic Check,1
    CUST-15932,36,51.34,0.77,5,81,Month-to-Month,Credit Card,1
    CUST-15933,10,48.91,0.58,1,116,Month-to-Month,Electronic Check,1
    CUST-15934,6,143.78,0.72,0,106,Month-to-Month,Bank Transfer,1
    CUST-15935,57,144.61,0.5,4,81,Month-to-Month,Electronic Check,1
    CUST-15936,1,114.23,0.15,1,43,Month-to-Month,Electronic Check,1
    CUST-15937,71,134.89,0.88,2,91,Two-Year,Credit Card,1
    CUST-15938,58,139.47,0.16,3,28,Month-to-Month,Credit Card,0
    CUST-15939,21,86.5,0.82,1,39,One-Year,Credit Card,1
    CUST-15940,56,101.78,0.19,1,65,Month-to-Month,Bank Transfer,0
    CUST-15941,20,74.44,0.34,1,16,Month-to-Month,Credit Card,1
    CUST-15942,54,74.4,0.4,2,67,One-Year,Credit Card,1
    CUST-15943,25,25.0,0.83,5,79,One-Year,Electronic Check,1
    CUST-15944,28,76.4,0.8,4,68,Month-to-Month,Electronic Check,1
    CUST-15945,5,107.55,0.74,1,36,One-Year,Electronic Check,1
    CUST-15946,21,74.86,0.34,3,30,Month-to-Month,Credit Card,1
    CUST-15947,18,133.41,0.0,2,93,Month-to-Month,Credit Card,1
    CUST-15948,47,63.23,0.61,7,23,One-Year,Bank Transfer,1
    CUST-15949,70,37.25,0.37,3,63,Month-to-Month,Electronic Check,1
    CUST-15950,57,125.5,0.68,0,69,Month-to-Month,Bank Transfer,1
    CUST-15951,19,107.61,0.72,2,47,Month-to-Month,Credit Card,1
    CUST-15952,65,51.44,0.4,2,11,Month-to-Month,Bank Transfer,1
    CUST-15953,3,89.74,0.67,2,19,One-Year,Credit Card,1
    CUST-15954,42,72.24,0.76,1,62,Month-to-Month,Credit Card,1
    CUST-15955,21,142.05,0.84,4,72,Two-Year,Bank Transfer,1
    CUST-15956,40,98.95,0.52,3,43,Month-to-Month,Electronic Check,1
    CUST-15957,67,40.59,0.7,1,75,Month-to-Month,Bank Transfer,1
    CUST-15958,25,85.28,0.45,2,9,One-Year,Electronic Check,0
    CUST-15959,55,132.13,0.04,6,110,Month-to-Month,Electronic Check,1
    CUST-15960,52,107.29,0.14,3,25,Two-Year,Credit Card,0
    CUST-15961,44,129.52,0.12,5,89,One-Year,Bank Transfer,1
    CUST-15962,56,52.55,0.15,3,78,Month-to-Month,Electronic Check,1
    CUST-15963,55,135.49,0.01,2,31,Month-to-Month,Credit Card,0
    CUST-15964,70,118.23,0.77,2,13,Month-to-Month,Electronic Check,1
    CUST-15965,66,114.76,0.5,0,65,Two-Year,Electronic Check,0
    CUST-15966,19,65.05,0.34,4,30,Month-to-Month,Electronic Check,1
    CUST-15967,7,135.4,0.37,1,73,Month-to-Month,Credit Card,1
    CUST-15968,63,102.94,0.42,2,104,Month-to-Month,Electronic Check,1
    CUST-15969,42,130.74,0.07,5,29,Month-to-Month,Credit Card,1
    CUST-15970,42,66.93,0.25,2,95,Month-to-Month,Credit Card,1
    CUST-15971,59,38.93,0.77,1,18,Two-Year,Electronic Check,1
    CUST-15972,20,63.2,0.67,1,3,One-Year,Electronic Check,1
    CUST-15973,17,79.18,0.51,2,119,One-Year,Credit Card,1
    CUST-15974,27,89.34,0.43,1,35,Two-Year,Electronic Check,0
    CUST-15975,47,86.41,0.23,1,66,Month-to-Month,Bank Transfer,1
    CUST-15976,2,90.99,0.42,1,4,Two-Year,Electronic Check,0
    CUST-15977,63,129.42,0.54,0,41,Month-to-Month,Electronic Check,1
    CUST-15978,62,42.11,0.64,2,79,Month-to-Month,Bank Transfer,1
    CUST-15979,19,61.09,0.15,1,114,Month-to-Month,Credit Card,1
    CUST-15980,17,135.52,0.73,2,81,Month-to-Month,Credit Card,1
    CUST-15981,69,92.86,0.31,3,90,Month-to-Month,Credit Card,1
    CUST-15982,39,95.84,0.45,0,95,One-Year,Credit Card,0
    CUST-15983,71,82.15,0.55,2,30,Month-to-Month,Bank Transfer,1
    CUST-15984,39,91.37,0.44,5,87,One-Year,Credit Card,1
    CUST-15985,36,45.75,0.51,2,94,One-Year,Bank Transfer,1
    CUST-15986,40,91.09,0.1,1,11,Two-Year,Bank Transfer,0
    CUST-15987,45,149.63,0.39,5,33,Two-Year,Electronic Check,1
    CUST-15988,4,93.59,0.25,3,38,Month-to-Month,Credit Card,1
    CUST-15989,25,25.77,0.08,3,110,Two-Year,Credit Card,1
    CUST-15990,69,123.54,0.17,1,5,Month-to-Month,Electronic Check,0
    CUST-15991,30,71.54,0.54,0,59,Month-to-Month,Electronic Check,1
    CUST-15992,68,39.98,0.18,5,99,Month-to-Month,Credit Card,1
    CUST-15993,29,132.13,0.16,3,51,Month-to-Month,Bank Transfer,1
    CUST-15994,68,45.74,0.5,1,65,Month-to-Month,Credit Card,1
    CUST-15995,51,139.7,0.81,4,68,One-Year,Electronic Check,1
    CUST-15996,24,77.43,0.71,1,58,Month-to-Month,Credit Card,1
    CUST-15997,14,116.56,0.81,4,48,Month-to-Month,Credit Card,1
    CUST-15998,69,91.11,0.52,1,58,Month-to-Month,Credit Card,1
    CUST-15999,18,53.36,0.37,1,102,Month-to-Month,Bank Transfer,1
    CUST-16000,42,107.24,0.66,2,37,Month-to-Month,Bank Transfer,1
    CUST-16001,57,144.53,0.24,7,7,One-Year,Electronic Check,0
    CUST-16002,12,120.05,0.07,3,60,Month-to-Month,Bank Transfer,1
    CUST-16003,17,98.52,0.31,4,59,Month-to-Month,Bank Transfer,1
    CUST-16004,30,148.78,0.27,1,10,Month-to-Month,Electronic Check,1
    CUST-16005,23,54.49,0.61,0,33,Month-to-Month,Bank Transfer,1
    CUST-16006,1,28.1,0.5,2,51,Month-to-Month,Electronic Check,1
    CUST-16007,32,24.18,0.12,4,78,Month-to-Month,Electronic Check,1
    CUST-16008,9,112.39,0.82,3,36,Month-to-Month,Bank Transfer,1
    CUST-16009,15,127.93,0.53,2,111,Month-to-Month,Credit Card,1
    CUST-16010,28,102.56,0.41,1,38,Month-to-Month,Bank Transfer,1
    CUST-16011,24,137.65,0.84,3,116,One-Year,Credit Card,1
    CUST-16012,60,110.74,0.09,0,55,Month-to-Month,Bank Transfer,0
    CUST-16013,35,68.22,0.71,2,30,One-Year,Bank Transfer,1
    CUST-16014,27,43.56,0.33,1,26,One-Year,Bank Transfer,1
    CUST-16015,20,140.2,0.63,3,95,Month-to-Month,Credit Card,1
    CUST-16016,65,33.47,0.84,1,42,Month-to-Month,Credit Card,1
    CUST-16017,49,90.59,0.47,1,47,One-Year,Electronic Check,0
    CUST-16018,1,60.82,0.02,1,19,Month-to-Month,Credit Card,0
    CUST-16019,10,55.28,0.03,4,104,Month-to-Month,Credit Card,1
    CUST-16020,47,103.96,0.3,1,77,One-Year,Credit Card,0
    CUST-16021,59,50.06,0.7,0,87,One-Year,Bank Transfer,1
    CUST-16022,62,139.13,0.26,7,83,Month-to-Month,Credit Card,1
    CUST-16023,18,72.79,0.3,1,80,Two-Year,Bank Transfer,1
    CUST-16024,46,108.06,0.71,1,25,Month-to-Month,Bank Transfer,1
    CUST-16025,32,114.61,0.1,0,90,Month-to-Month,Bank Transfer,1
    CUST-16026,27,108.78,0.76,1,85,One-Year,Bank Transfer,1
    CUST-16027,18,137.44,0.24,0,18,Two-Year,Credit Card,0
    CUST-16028,39,50.05,0.05,0,9,One-Year,Bank Transfer,0
    CUST-16029,49,31.19,0.11,1,88,Two-Year,Credit Card,0
    CUST-16030,44,27.21,0.86,3,111,Month-to-Month,Electronic Check,1
    CUST-16031,54,134.12,0.41,3,104,Month-to-Month,Electronic Check,1
    CUST-16032,34,146.53,0.23,2,17,Month-to-Month,Bank Transfer,1
    CUST-16033,71,59.33,0.47,3,94,One-Year,Electronic Check,1
    CUST-16034,36,110.16,0.61,2,4,Month-to-Month,Electronic Check,1
    CUST-16035,18,21.16,0.29,1,55,Month-to-Month,Electronic Check,1
    CUST-16036,38,44.52,0.65,3,54,Month-to-Month,Bank Transfer,1
    CUST-16037,59,109.61,0.23,3,28,One-Year,Electronic Check,0
    CUST-16038,9,28.57,0.1,4,105,Two-Year,Bank Transfer,1
    CUST-16039,51,80.91,0.49,1,40,Month-to-Month,Credit Card,1
    CUST-16040,35,106.14,0.14,2,9,Month-to-Month,Electronic Check,0
    CUST-16041,5,119.57,0.85,0,36,Month-to-Month,Bank Transfer,1
    CUST-16042,14,79.0,0.0,1,8,Month-to-Month,Credit Card,0
    CUST-16043,30,101.94,0.68,3,62,Month-to-Month,Electronic Check,1
    CUST-16044,4,90.14,0.25,3,86,One-Year,Electronic Check,1
    CUST-16045,39,26.8,0.76,0,89,One-Year,Bank Transfer,1
    CUST-16046,64,116.56,0.05,2,49,Month-to-Month,Electronic Check,0
    CUST-16047,25,42.41,0.86,3,70,Month-to-Month,Electronic Check,1
    CUST-16048,28,24.13,0.09,3,90,Month-to-Month,Bank Transfer,1
    CUST-16049,66,78.65,0.71,3,42,Month-to-Month,Credit Card,1
    CUST-16050,22,132.53,0.47,3,2,Month-to-Month,Credit Card,1
    CUST-16051,31,39.61,0.39,4,31,Month-to-Month,Electronic Check,1
    CUST-16052,23,21.67,0.25,4,76,Month-to-Month,Bank Transfer,1
    CUST-16053,48,34.3,0.76,1,19,One-Year,Credit Card,1
    CUST-16054,20,67.28,0.18,2,101,One-Year,Credit Card,1
    CUST-16055,38,95.42,0.65,1,112,Month-to-Month,Credit Card,1
    CUST-16056,55,45.09,0.4,2,101,Two-Year,Credit Card,1
    CUST-16057,68,124.26,0.9,3,65,Month-to-Month,Bank Transfer,1
    CUST-16058,1,117.93,0.55,1,74,Month-to-Month,Credit Card,1
    CUST-16059,7,110.46,0.09,2,60,One-Year,Credit Card,1
    CUST-16060,57,83.37,0.38,1,62,Month-to-Month,Credit Card,1
    CUST-16061,12,67.48,0.06,3,60,One-Year,Electronic Check,1
    CUST-16062,5,68.83,0.26,5,98,Two-Year,Credit Card,1
    CUST-16063,50,85.4,0.31,0,16,Month-to-Month,Electronic Check,0
    CUST-16064,42,30.05,0.77,0,105,Month-to-Month,Credit Card,1
    CUST-16065,12,108.7,0.75,2,7,Month-to-Month,Bank Transfer,1
    CUST-16066,18,65.7,0.01,2,77,Month-to-Month,Bank Transfer,1
    CUST-16067,66,49.22,0.48,0,68,Month-to-Month,Bank Transfer,1
    CUST-16068,17,56.18,0.2,3,103,One-Year,Electronic Check,1
    CUST-16069,68,43.44,0.29,3,95,Month-to-Month,Electronic Check,1
    CUST-16070,71,137.2,0.02,3,74,Month-to-Month,Credit Card,0
    CUST-16071,62,41.97,0.67,2,12,Month-to-Month,Bank Transfer,1
    CUST-16072,41,134.78,0.86,4,98,Month-to-Month,Credit Card,1
    CUST-16073,34,94.39,0.2,3,92,Month-to-Month,Credit Card,1
    CUST-16074,70,132.77,0.31,3,5,One-Year,Bank Transfer,0
    CUST-16075,45,81.63,0.19,1,92,Two-Year,Credit Card,1
    CUST-16076,58,140.59,0.84,1,47,Month-to-Month,Electronic Check,1
    CUST-16077,51,47.49,0.01,4,11,One-Year,Electronic Check,0
    CUST-16078,34,92.11,0.53,0,34,Two-Year,Bank Transfer,0
    CUST-16079,44,36.36,0.78,0,79,Month-to-Month,Bank Transfer,1
    CUST-16080,15,78.14,0.17,3,51,Month-to-Month,Bank Transfer,1
    CUST-16081,70,94.09,0.53,2,5,Two-Year,Bank Transfer,0
    CUST-16082,50,98.74,0.05,1,48,Two-Year,Credit Card,0
    CUST-16083,32,67.52,0.73,2,85,Month-to-Month,Credit Card,1
    CUST-16084,67,29.92,0.25,3,31,One-Year,Bank Transfer,0
    CUST-16085,3,105.19,0.89,3,40,One-Year,Bank Transfer,1
    CUST-16086,51,83.5,0.83,3,7,One-Year,Credit Card,1
    CUST-16087,67,37.79,0.66,2,99,Two-Year,Credit Card,1
    CUST-16088,48,141.66,0.45,1,85,One-Year,Electronic Check,1
    CUST-16089,17,144.24,0.69,1,40,Month-to-Month,Credit Card,1
    CUST-16090,7,131.36,0.12,0,69,Two-Year,Bank Transfer,0
    CUST-16091,13,129.7,0.28,3,14,Month-to-Month,Bank Transfer,1
    CUST-16092,66,32.83,0.02,1,98,One-Year,Electronic Check,0
    CUST-16093,4,149.14,0.58,1,10,One-Year,Electronic Check,1
    CUST-16094,10,72.05,0.72,3,82,Two-Year,Electronic Check,1
    CUST-16095,17,41.21,0.85,3,81,Two-Year,Credit Card,1
    CUST-16096,52,125.57,0.62,1,102,One-Year,Credit Card,1
    CUST-16097,6,49.34,0.66,1,49,Month-to-Month,Bank Transfer,1
    CUST-16098,69,88.4,0.81,1,96,One-Year,Bank Transfer,1
    CUST-16099,9,36.64,0.84,1,17,One-Year,Electronic Check,1
    CUST-16100,21,81.7,0.44,2,86,One-Year,Electronic Check,1
    CUST-16101,24,92.56,0.1,0,89,Month-to-Month,Credit Card,1
    CUST-16102,4,77.97,0.42,1,51,Month-to-Month,Bank Transfer,1
    CUST-16103,24,29.03,0.5,3,80,Month-to-Month,Bank Transfer,1
    CUST-16104,59,83.04,0.57,0,62,Month-to-Month,Electronic Check,1
    CUST-16105,3,80.96,0.89,2,30,One-Year,Credit Card,1
    CUST-16106,68,54.01,0.83,4,55,Two-Year,Bank Transfer,1
    CUST-16107,40,139.81,0.36,2,34,Two-Year,Bank Transfer,0
    CUST-16108,48,74.31,0.1,1,69,Month-to-Month,Credit Card,0
    CUST-16109,54,132.34,0.19,3,108,One-Year,Electronic Check,1
    CUST-16110,35,34.26,0.16,1,33,One-Year,Electronic Check,0
    CUST-16111,56,61.45,0.32,0,5,Month-to-Month,Credit Card,0
    CUST-16112,40,42.92,0.79,5,104,Month-to-Month,Credit Card,1
    CUST-16113,68,73.09,0.39,3,42,One-Year,Credit Card,0
    CUST-16114,46,34.51,0.51,2,3,Month-to-Month,Bank Transfer,1
    CUST-16115,13,77.33,0.16,3,63,Month-to-Month,Credit Card,1
    CUST-16116,27,66.0,0.44,4,38,Month-to-Month,Electronic Check,1
    CUST-16117,6,49.03,0.79,2,13,Two-Year,Bank Transfer,1
    CUST-16118,17,103.48,0.7,1,116,One-Year,Credit Card,1
    CUST-16119,36,143.62,0.07,2,8,Two-Year,Credit Card,0
    CUST-16120,2,46.92,0.78,1,61,One-Year,Credit Card,1
    CUST-16121,52,112.53,0.25,2,30,Two-Year,Electronic Check,0
    CUST-16122,66,116.51,0.6,1,50,Two-Year,Electronic Check,0
    CUST-16123,52,84.76,0.13,2,69,Month-to-Month,Electronic Check,1
    CUST-16124,43,136.7,0.61,3,38,Two-Year,Bank Transfer,1
    CUST-16125,22,145.63,0.03,2,59,Month-to-Month,Electronic Check,0
    CUST-16126,55,67.09,0.54,2,95,One-Year,Credit Card,1
    CUST-16127,67,104.63,0.58,3,2,Two-Year,Electronic Check,1
    CUST-16128,60,106.09,0.22,1,57,Month-to-Month,Bank Transfer,1
    CUST-16129,58,72.47,0.84,6,7,Two-Year,Electronic Check,1
    CUST-16130,12,61.18,0.04,1,80,Two-Year,Bank Transfer,0
    CUST-16131,69,141.39,0.8,0,10,Two-Year,Credit Card,0
    CUST-16132,39,122.7,0.34,4,29,Two-Year,Bank Transfer,1
    CUST-16133,13,34.88,0.64,3,94,Month-to-Month,Electronic Check,1
    CUST-16134,41,35.58,0.59,3,84,Month-to-Month,Credit Card,1
    CUST-16135,57,139.93,0.15,3,106,One-Year,Electronic Check,1
    CUST-16136,53,30.58,0.29,1,34,Month-to-Month,Electronic Check,0
    CUST-16137,12,109.49,0.48,2,72,Two-Year,Credit Card,1
    CUST-16138,13,49.48,0.76,1,98,Month-to-Month,Credit Card,1
    CUST-16139,57,24.57,0.86,3,98,One-Year,Electronic Check,1
    CUST-16140,40,27.75,0.02,1,45,Month-to-Month,Credit Card,1
    CUST-16141,45,68.56,0.32,3,100,Month-to-Month,Electronic Check,1
    CUST-16142,35,30.09,0.6,2,71,One-Year,Bank Transfer,1
    CUST-16143,3,97.56,0.47,1,58,One-Year,Bank Transfer,1
    CUST-16144,5,104.14,0.85,2,78,Month-to-Month,Electronic Check,1
    CUST-16145,11,68.55,0.02,2,84,Month-to-Month,Bank Transfer,1
    CUST-16146,71,116.57,0.39,2,101,Month-to-Month,Electronic Check,1
    CUST-16147,56,83.71,0.6,2,33,Two-Year,Credit Card,1
    CUST-16148,10,75.93,0.2,3,95,Month-to-Month,Bank Transfer,1
    CUST-16149,34,72.91,0.65,1,97,One-Year,Credit Card,1
    CUST-16150,67,76.04,0.07,0,90,Month-to-Month,Electronic Check,1
    CUST-16151,31,145.83,0.41,1,90,Two-Year,Electronic Check,1
    CUST-16152,71,108.58,0.61,1,51,Month-to-Month,Bank Transfer,1
    CUST-16153,66,60.98,0.24,0,64,Month-to-Month,Credit Card,0
    CUST-16154,70,115.4,0.07,2,38,Month-to-Month,Electronic Check,0
    CUST-16155,41,62.93,0.86,1,80,One-Year,Electronic Check,1
    CUST-16156,63,36.34,0.82,4,12,Two-Year,Credit Card,1
    CUST-16157,32,81.8,0.83,1,63,Two-Year,Credit Card,1
    CUST-16158,20,117.63,0.88,1,65,One-Year,Electronic Check,1
    CUST-16159,57,69.1,0.17,1,60,Month-to-Month,Credit Card,1
    CUST-16160,50,132.99,0.14,1,108,Month-to-Month,Bank Transfer,1
    CUST-16161,25,70.3,0.03,2,20,Two-Year,Credit Card,0
    CUST-16162,12,65.48,0.8,3,114,One-Year,Bank Transfer,1
    CUST-16163,71,149.77,0.68,2,66,Month-to-Month,Credit Card,1
    CUST-16164,39,82.72,0.57,2,95,One-Year,Electronic Check,1
    CUST-16165,17,124.68,0.83,0,18,Month-to-Month,Electronic Check,1
    CUST-16166,45,124.65,0.52,2,42,Two-Year,Credit Card,0
    CUST-16167,11,140.43,0.12,3,74,One-Year,Credit Card,1
    CUST-16168,70,31.04,0.16,0,119,Month-to-Month,Electronic Check,1
    CUST-16169,23,55.26,0.12,2,119,Month-to-Month,Credit Card,1
    CUST-16170,70,119.81,0.28,2,6,Two-Year,Electronic Check,0
    CUST-16171,38,93.14,0.34,3,66,Month-to-Month,Electronic Check,1
    CUST-16172,2,92.75,0.72,1,80,Month-to-Month,Electronic Check,1
    CUST-16173,37,41.61,0.17,0,69,Month-to-Month,Bank Transfer,0
    CUST-16174,49,56.55,0.65,2,102,Month-to-Month,Bank Transfer,1
    CUST-16175,52,87.77,0.44,5,86,Month-to-Month,Bank Transfer,1
    CUST-16176,33,56.03,0.9,3,22,One-Year,Electronic Check,1
    CUST-16177,22,47.34,0.7,0,22,Two-Year,Electronic Check,1
    CUST-16178,5,31.41,0.87,1,65,One-Year,Credit Card,1
    CUST-16179,18,40.24,0.31,2,100,One-Year,Bank Transfer,1
    CUST-16180,38,119.95,0.11,0,49,Two-Year,Electronic Check,0
    CUST-16181,37,113.44,0.46,2,77,Two-Year,Credit Card,1
    CUST-16182,64,25.96,0.11,2,12,One-Year,Credit Card,0
    CUST-16183,10,46.43,0.44,3,63,Month-to-Month,Bank Transfer,1
    CUST-16184,42,92.86,0.24,1,13,Month-to-Month,Bank Transfer,0
    CUST-16185,48,61.94,0.44,2,115,Month-to-Month,Bank Transfer,1
    CUST-16186,44,127.02,0.85,1,112,Two-Year,Electronic Check,1
    CUST-16187,16,122.05,0.26,3,62,Month-to-Month,Electronic Check,1
    CUST-16188,54,135.91,0.89,2,59,One-Year,Bank Transfer,1
    CUST-16189,35,93.18,0.21,4,11,Two-Year,Credit Card,0
    CUST-16190,28,65.77,0.19,3,114,One-Year,Electronic Check,1
    CUST-16191,2,98.79,0.49,1,82,Month-to-Month,Electronic Check,1
    CUST-16192,13,31.59,0.76,4,86,Month-to-Month,Bank Transfer,1
    CUST-16193,41,21.25,0.67,2,1,Two-Year,Electronic Check,0
    CUST-16194,59,22.22,0.65,2,68,One-Year,Bank Transfer,1
    CUST-16195,69,72.98,0.25,3,9,Month-to-Month,Electronic Check,0
    CUST-16196,53,49.65,0.02,4,3,Month-to-Month,Credit Card,1
    CUST-16197,45,40.45,0.15,1,72,Month-to-Month,Electronic Check,1
    CUST-16198,20,99.99,0.31,2,9,Month-to-Month,Bank Transfer,1
    CUST-16199,24,149.36,0.87,4,82,One-Year,Credit Card,1
    CUST-16200,61,43.11,0.83,1,69,Month-to-Month,Credit Card,1
    CUST-16201,58,91.03,0.18,1,22,Two-Year,Bank Transfer,0
    CUST-16202,27,35.56,0.65,2,101,Two-Year,Credit Card,1
    CUST-16203,26,141.45,0.52,1,118,One-Year,Electronic Check,1
    CUST-16204,7,57.93,0.04,3,69,Two-Year,Credit Card,1
    CUST-16205,42,134.18,0.33,1,23,Two-Year,Credit Card,0
    CUST-16206,47,56.8,0.44,1,80,One-Year,Credit Card,0
    CUST-16207,53,124.79,0.6,0,5,Month-to-Month,Electronic Check,1
    CUST-16208,59,47.22,0.27,2,101,Month-to-Month,Credit Card,1
    CUST-16209,38,58.06,0.84,0,108,Month-to-Month,Electronic Check,1
    CUST-16210,69,45.02,0.41,3,39,Two-Year,Credit Card,0
    CUST-16211,53,54.35,0.22,3,3,Two-Year,Bank Transfer,0
    CUST-16212,15,128.53,0.28,2,26,Month-to-Month,Electronic Check,1
    CUST-16213,26,103.07,0.68,3,119,Month-to-Month,Electronic Check,1
    CUST-16214,48,72.76,0.58,2,8,One-Year,Electronic Check,1
    CUST-16215,19,146.3,0.67,3,85,Month-to-Month,Credit Card,1
    CUST-16216,9,80.43,0.26,2,52,Month-to-Month,Electronic Check,1
    CUST-16217,64,146.07,0.29,1,82,One-Year,Bank Transfer,0
    CUST-16218,54,45.56,0.36,2,69,Month-to-Month,Bank Transfer,1
    CUST-16219,51,137.6,0.17,3,6,Month-to-Month,Credit Card,0
    CUST-16220,39,21.8,0.62,4,27,Two-Year,Electronic Check,1
    CUST-16221,4,90.89,0.3,0,86,One-Year,Credit Card,1
    CUST-16222,3,75.0,0.29,2,22,Month-to-Month,Bank Transfer,1
    CUST-16223,64,88.26,0.24,0,102,Two-Year,Credit Card,0
    CUST-16224,29,91.95,0.41,2,56,Two-Year,Bank Transfer,1
    CUST-16225,11,70.57,0.69,1,102,Month-to-Month,Bank Transfer,1
    CUST-16226,58,149.77,0.75,0,43,Month-to-Month,Credit Card,1
    CUST-16227,27,146.95,0.72,3,27,Month-to-Month,Bank Transfer,1
    CUST-16228,21,145.03,0.56,1,45,Two-Year,Bank Transfer,0
    CUST-16229,39,147.28,0.25,3,46,Two-Year,Bank Transfer,0
    CUST-16230,46,123.09,0.66,3,113,Month-to-Month,Electronic Check,1
    CUST-16231,66,148.52,0.04,4,33,Month-to-Month,Bank Transfer,1
    CUST-16232,36,136.01,0.72,5,106,One-Year,Credit Card,1
    CUST-16233,65,74.07,0.7,1,95,Month-to-Month,Electronic Check,1
    CUST-16234,63,122.02,0.6,3,28,One-Year,Electronic Check,1
    CUST-16235,35,138.57,0.09,3,94,Month-to-Month,Credit Card,1
    CUST-16236,31,112.64,0.9,2,98,Month-to-Month,Bank Transfer,1
    CUST-16237,28,74.96,0.68,2,109,Month-to-Month,Credit Card,1
    CUST-16238,1,28.55,0.66,1,81,Two-Year,Credit Card,1
    CUST-16239,25,125.26,0.06,2,51,Two-Year,Bank Transfer,0
    CUST-16240,43,143.86,0.36,2,64,Two-Year,Bank Transfer,0
    CUST-16241,67,67.12,0.08,0,35,Two-Year,Electronic Check,0
    CUST-16242,63,39.75,0.32,3,36,Month-to-Month,Electronic Check,1
    CUST-16243,51,62.45,0.51,2,6,Two-Year,Bank Transfer,0
    CUST-16244,2,95.74,0.79,5,109,Month-to-Month,Bank Transfer,1
    CUST-16245,64,61.2,0.25,2,93,Two-Year,Credit Card,0
    CUST-16246,69,99.38,0.56,3,58,Month-to-Month,Bank Transfer,1
    CUST-16247,9,145.69,0.15,1,23,Month-to-Month,Bank Transfer,0
    CUST-16248,2,107.2,0.32,1,14,Month-to-Month,Bank Transfer,1
    CUST-16249,34,67.15,0.85,0,73,Month-to-Month,Bank Transfer,1
    CUST-16250,60,141.65,0.67,2,56,One-Year,Bank Transfer,1
    CUST-16251,61,93.53,0.49,1,79,One-Year,Credit Card,0
    CUST-16252,31,36.69,0.23,3,102,Two-Year,Bank Transfer,0
    CUST-16253,10,84.87,0.34,2,25,Month-to-Month,Credit Card,1
    CUST-16254,36,104.97,0.14,2,20,One-Year,Credit Card,0
    CUST-16255,49,128.97,0.32,6,107,One-Year,Electronic Check,1
    CUST-16256,70,141.74,0.14,2,86,Month-to-Month,Credit Card,1
    CUST-16257,49,61.26,0.72,7,71,Month-to-Month,Electronic Check,1
    CUST-16258,3,40.22,0.07,4,18,Two-Year,Bank Transfer,1
    CUST-16259,5,29.6,0.17,2,17,One-Year,Electronic Check,0
    CUST-16260,61,115.99,0.62,0,14,Month-to-Month,Bank Transfer,1
    CUST-16261,26,123.37,0.81,1,26,Month-to-Month,Bank Transfer,1
    CUST-16262,5,73.22,0.87,3,104,Month-to-Month,Electronic Check,1
    CUST-16263,15,71.47,0.75,1,32,Month-to-Month,Credit Card,1
    CUST-16264,16,144.05,0.19,4,93,Month-to-Month,Bank Transfer,1
    CUST-16265,1,139.17,0.26,2,104,Month-to-Month,Electronic Check,1
    CUST-16266,16,50.32,0.78,0,59,Month-to-Month,Credit Card,1
    CUST-16267,37,121.5,0.8,0,71,Month-to-Month,Credit Card,1
    CUST-16268,3,100.95,0.58,1,57,Two-Year,Bank Transfer,1
    CUST-16269,52,40.05,0.28,6,73,Month-to-Month,Credit Card,1
    CUST-16270,47,66.38,0.2,3,12,One-Year,Credit Card,0
    CUST-16271,13,43.07,0.77,1,3,Month-to-Month,Bank Transfer,1
    CUST-16272,55,58.37,0.18,4,32,Month-to-Month,Credit Card,0
    CUST-16273,21,99.99,0.6,0,97,Month-to-Month,Electronic Check,1
    CUST-16274,66,68.78,0.87,1,15,Month-to-Month,Credit Card,1
    CUST-16275,54,71.23,0.63,3,9,Two-Year,Electronic Check,0
    CUST-16276,27,90.15,0.23,3,49,Month-to-Month,Credit Card,1
    CUST-16277,38,31.34,0.25,1,44,Month-to-Month,Bank Transfer,1
    CUST-16278,58,116.04,0.08,1,81,Month-to-Month,Credit Card,0
    CUST-16279,62,72.22,0.62,0,28,Month-to-Month,Electronic Check,1
    CUST-16280,46,82.45,0.47,2,45,One-Year,Credit Card,1
    CUST-16281,11,146.66,0.19,1,13,Month-to-Month,Bank Transfer,1
    CUST-16282,8,64.77,0.2,1,47,Month-to-Month,Credit Card,1
    CUST-16283,71,104.27,0.01,0,21,Month-to-Month,Credit Card,0
    CUST-16284,64,71.03,0.88,3,50,Month-to-Month,Electronic Check,1
    CUST-16285,21,136.26,0.75,2,47,One-Year,Credit Card,1
    CUST-16286,63,130.08,0.35,1,114,Month-to-Month,Electronic Check,1
    CUST-16287,64,51.41,0.85,1,5,Month-to-Month,Bank Transfer,1
    CUST-16288,20,109.93,0.61,4,7,Month-to-Month,Credit Card,1
    CUST-16289,8,28.47,0.68,2,38,Month-to-Month,Bank Transfer,1
    CUST-16290,58,145.21,0.61,0,37,Two-Year,Bank Transfer,0
    CUST-16291,46,65.37,0.68,0,83,Month-to-Month,Electronic Check,1
    CUST-16292,31,128.14,0.15,4,105,One-Year,Credit Card,1
    CUST-16293,9,61.4,0.51,2,32,Month-to-Month,Electronic Check,1
    CUST-16294,15,102.26,0.76,2,56,Month-to-Month,Electronic Check,1
    CUST-16295,26,147.87,0.02,3,43,Month-to-Month,Electronic Check,1
    CUST-16296,10,133.98,0.11,2,67,One-Year,Credit Card,0
    CUST-16297,29,40.85,0.22,0,103,One-Year,Electronic Check,1
    CUST-16298,36,91.17,0.27,1,99,One-Year,Bank Transfer,1
    CUST-16299,37,65.31,0.16,2,27,Month-to-Month,Credit Card,0
    CUST-16300,71,76.46,0.56,2,102,One-Year,Bank Transfer,1
    CUST-16301,23,63.57,0.26,4,51,Month-to-Month,Electronic Check,1
    CUST-16302,41,63.67,0.14,1,48,Two-Year,Electronic Check,0
    CUST-16303,28,90.53,0.82,2,72,Month-to-Month,Bank Transfer,1
    CUST-16304,48,44.96,0.63,2,115,Month-to-Month,Bank Transfer,1
    CUST-16305,38,89.86,0.22,0,53,Month-to-Month,Electronic Check,0
    CUST-16306,31,56.27,0.32,1,83,Month-to-Month,Credit Card,1
    CUST-16307,14,57.57,0.67,3,94,Month-to-Month,Credit Card,1
    CUST-16308,29,116.04,0.71,0,48,Month-to-Month,Electronic Check,1
    CUST-16309,51,23.85,0.16,0,104,Month-to-Month,Electronic Check,1
    CUST-16310,49,69.52,0.84,4,10,Two-Year,Bank Transfer,1
    CUST-16311,43,72.98,0.71,5,94,Month-to-Month,Bank Transfer,1
    CUST-16312,5,83.06,0.77,3,9,Month-to-Month,Electronic Check,1
    CUST-16313,42,106.97,0.13,3,112,One-Year,Electronic Check,1
    CUST-16314,7,68.06,0.13,3,86,Month-to-Month,Electronic Check,1
    CUST-16315,42,47.71,0.27,3,95,Two-Year,Bank Transfer,1
    CUST-16316,36,135.03,0.06,2,46,One-Year,Electronic Check,0
    CUST-16317,27,147.54,0.08,0,10,Month-to-Month,Electronic Check,0
    CUST-16318,58,22.6,0.13,2,36,Month-to-Month,Bank Transfer,0
    CUST-16319,46,91.04,0.64,3,10,Month-to-Month,Bank Transfer,1
    CUST-16320,66,64.42,0.03,3,116,Month-to-Month,Credit Card,1
    CUST-16321,25,56.01,0.07,4,117,One-Year,Bank Transfer,1
    CUST-16322,27,63.64,0.85,0,27,Two-Year,Credit Card,1
    CUST-16323,1,103.05,0.08,1,79,One-Year,Credit Card,1
    CUST-16324,42,44.79,0.48,1,19,Month-to-Month,Electronic Check,1
    CUST-16325,52,138.67,0.58,6,11,Two-Year,Electronic Check,1
    CUST-16326,25,80.59,0.86,2,32,Two-Year,Bank Transfer,1
    CUST-16327,54,62.32,0.81,2,20,One-Year,Electronic Check,1
    CUST-16328,67,119.52,0.4,0,46,Month-to-Month,Bank Transfer,0
    CUST-16329,6,22.13,0.85,1,60,Month-to-Month,Electronic Check,1
    CUST-16330,58,76.14,0.39,3,79,Month-to-Month,Credit Card,1
    CUST-16331,70,66.19,0.6,1,68,Month-to-Month,Credit Card,1
    CUST-16332,53,63.97,0.23,1,17,Month-to-Month,Electronic Check,0
    CUST-16333,66,63.82,0.57,1,65,Two-Year,Bank Transfer,0
    CUST-16334,58,24.07,0.48,0,57,One-Year,Credit Card,0
    CUST-16335,2,39.78,0.55,4,19,One-Year,Electronic Check,1
    CUST-16336,22,38.45,0.61,3,5,Month-to-Month,Bank Transfer,1
    CUST-16337,37,148.52,0.16,2,82,Month-to-Month,Electronic Check,1
    CUST-16338,20,22.88,0.27,2,81,Month-to-Month,Bank Transfer,1
    CUST-16339,24,41.72,0.66,6,55,Month-to-Month,Bank Transfer,1
    CUST-16340,65,146.64,0.15,4,106,Month-to-Month,Credit Card,1
    CUST-16341,65,101.67,0.31,2,105,Month-to-Month,Electronic Check,1
    CUST-16342,1,78.59,0.6,2,4,Month-to-Month,Credit Card,1
    CUST-16343,3,30.24,0.84,4,52,Month-to-Month,Credit Card,1
    CUST-16344,46,107.06,0.07,2,19,Month-to-Month,Credit Card,0
    CUST-16345,55,37.91,0.46,3,31,Month-to-Month,Bank Transfer,1
    CUST-16346,64,107.25,0.07,3,3,Two-Year,Credit Card,0
    CUST-16347,45,147.29,0.34,2,114,One-Year,Credit Card,1
    CUST-16348,26,89.16,0.16,0,67,One-Year,Electronic Check,0
    CUST-16349,65,47.83,0.58,0,29,Month-to-Month,Credit Card,1
    CUST-16350,24,101.29,0.68,0,53,One-Year,Electronic Check,1
    CUST-16351,35,86.68,0.22,2,8,One-Year,Credit Card,0
    CUST-16352,24,89.31,0.64,1,5,Two-Year,Bank Transfer,1
    CUST-16353,28,82.15,0.4,2,64,Month-to-Month,Bank Transfer,1
    CUST-16354,16,107.59,0.26,1,95,One-Year,Electronic Check,1
    CUST-16355,59,94.35,0.47,1,27,Two-Year,Electronic Check,0
    CUST-16356,54,148.31,0.34,0,33,Month-to-Month,Credit Card,0
    CUST-16357,16,127.36,0.21,3,58,Month-to-Month,Bank Transfer,1
    CUST-16358,15,54.41,0.68,1,62,Month-to-Month,Bank Transfer,1
    CUST-16359,11,114.35,0.72,2,82,Two-Year,Electronic Check,1
    CUST-16360,65,47.86,0.72,1,88,Month-to-Month,Credit Card,1
    CUST-16361,68,121.71,0.34,2,26,One-Year,Bank Transfer,0
    CUST-16362,43,39.18,0.15,1,95,Two-Year,Electronic Check,1
    CUST-16363,69,81.56,0.76,4,14,Month-to-Month,Credit Card,1
    CUST-16364,13,122.78,0.3,1,89,Month-to-Month,Electronic Check,1
    CUST-16365,10,56.41,0.67,1,32,Two-Year,Credit Card,1
    CUST-16366,41,128.83,0.74,4,103,Two-Year,Bank Transfer,1
    CUST-16367,50,103.74,0.69,3,41,One-Year,Electronic Check,1
    CUST-16368,71,71.68,0.35,2,14,Month-to-Month,Bank Transfer,0
    CUST-16369,59,75.04,0.84,1,48,Two-Year,Electronic Check,1
    CUST-16370,39,140.38,0.59,1,48,Two-Year,Electronic Check,1
    CUST-16371,3,48.31,0.52,5,91,One-Year,Bank Transfer,1
    CUST-16372,7,110.14,0.63,3,86,Month-to-Month,Electronic Check,1
    CUST-16373,49,111.95,0.04,4,38,One-Year,Credit Card,0
    CUST-16374,26,139.92,0.35,1,7,Month-to-Month,Credit Card,1
    CUST-16375,33,112.71,0.79,3,33,Month-to-Month,Credit Card,1
    CUST-16376,48,95.98,0.14,1,107,One-Year,Electronic Check,0
    CUST-16377,2,137.33,0.37,1,105,Month-to-Month,Electronic Check,1
    CUST-16378,71,127.79,0.36,5,97,Month-to-Month,Electronic Check,1
    CUST-16379,32,113.18,0.32,5,24,Month-to-Month,Bank Transfer,1
    CUST-16380,4,24.24,0.51,2,26,Month-to-Month,Electronic Check,1
    CUST-16381,20,68.56,0.9,8,50,Month-to-Month,Electronic Check,1
    CUST-16382,36,102.15,0.23,3,42,Month-to-Month,Bank Transfer,1
    CUST-16383,32,87.89,0.63,1,95,Month-to-Month,Electronic Check,1
    CUST-16384,28,61.51,0.68,5,91,Month-to-Month,Bank Transfer,1
    CUST-16385,1,38.78,0.53,2,13,Month-to-Month,Bank Transfer,1
    CUST-16386,60,91.89,0.09,2,31,Month-to-Month,Bank Transfer,0
    CUST-16387,56,57.17,0.52,3,96,Month-to-Month,Bank Transfer,1
    CUST-16388,35,50.29,0.86,2,23,Two-Year,Bank Transfer,1
    CUST-16389,30,71.86,0.31,1,37,Month-to-Month,Credit Card,1
    CUST-16390,54,122.11,0.58,1,104,One-Year,Credit Card,1
    CUST-16391,36,83.42,0.86,3,109,One-Year,Electronic Check,1
    CUST-16392,55,48.14,0.72,3,59,Month-to-Month,Electronic Check,1
    CUST-16393,58,35.2,0.62,2,58,Month-to-Month,Electronic Check,1
    CUST-16394,65,84.87,0.87,0,16,Two-Year,Electronic Check,0
    CUST-16395,69,123.27,0.15,1,39,Month-to-Month,Electronic Check,0
    CUST-16396,51,104.87,0.7,2,72,Month-to-Month,Bank Transfer,1
    CUST-16397,22,50.18,0.37,3,82,One-Year,Credit Card,1
    CUST-16398,53,76.77,0.32,2,91,Month-to-Month,Credit Card,1
    CUST-16399,36,131.18,0.47,0,9,One-Year,Credit Card,0
    CUST-16400,68,43.1,0.03,2,64,Month-to-Month,Bank Transfer,0
    CUST-16401,36,89.17,0.28,2,92,One-Year,Credit Card,1
    CUST-16402,52,66.31,0.15,3,22,One-Year,Bank Transfer,0
    CUST-16403,53,36.14,0.12,2,75,Month-to-Month,Credit Card,1
    CUST-16404,50,26.49,0.3,1,54,Month-to-Month,Bank Transfer,1
    CUST-16405,41,92.26,0.72,1,22,One-Year,Electronic Check,0
    CUST-16406,18,22.7,0.18,0,113,One-Year,Electronic Check,1
    CUST-16407,22,33.45,0.48,2,14,Month-to-Month,Bank Transfer,1
    CUST-16408,66,65.18,0.67,2,87,Month-to-Month,Bank Transfer,1
    CUST-16409,21,25.66,0.22,1,66,Month-to-Month,Bank Transfer,1
    CUST-16410,44,72.06,0.83,2,79,One-Year,Credit Card,1
    CUST-16411,47,36.95,0.78,4,50,Two-Year,Electronic Check,1
    CUST-16412,39,65.48,0.23,3,5,One-Year,Credit Card,0
    CUST-16413,29,122.85,0.89,1,93,One-Year,Electronic Check,1
    CUST-16414,54,101.43,0.6,4,118,Two-Year,Credit Card,1
    CUST-16415,17,77.9,0.26,1,97,Month-to-Month,Credit Card,1
    CUST-16416,60,31.94,0.61,2,112,Month-to-Month,Bank Transfer,1
    CUST-16417,31,100.49,0.6,0,108,Month-to-Month,Electronic Check,1
    CUST-16418,49,41.28,0.55,6,94,One-Year,Credit Card,1
    CUST-16419,2,29.96,0.64,3,110,Month-to-Month,Bank Transfer,1
    CUST-16420,48,106.32,0.24,1,17,One-Year,Bank Transfer,0
    CUST-16421,14,138.57,0.88,5,1,Month-to-Month,Bank Transfer,1
    CUST-16422,59,79.88,0.77,0,14,Two-Year,Bank Transfer,0
    CUST-16423,58,25.33,0.67,5,111,Two-Year,Credit Card,1
    CUST-16424,58,134.44,0.02,1,55,Month-to-Month,Credit Card,0
    CUST-16425,51,28.71,0.53,1,108,Month-to-Month,Electronic Check,1
    CUST-16426,2,132.78,0.64,1,17,Two-Year,Credit Card,1
    CUST-16427,41,70.94,0.77,2,9,Month-to-Month,Bank Transfer,1
    CUST-16428,16,67.5,0.85,0,99,Month-to-Month,Electronic Check,1
    CUST-16429,4,90.56,0.82,3,95,One-Year,Electronic Check,1
    CUST-16430,12,144.42,0.37,0,12,One-Year,Credit Card,0
    CUST-16431,29,136.84,0.81,2,109,One-Year,Electronic Check,1
    CUST-16432,7,81.14,0.0,1,66,Two-Year,Credit Card,0
    CUST-16433,14,110.46,0.32,1,118,Two-Year,Bank Transfer,1
    CUST-16434,12,95.46,0.1,1,15,Two-Year,Bank Transfer,0
    CUST-16435,5,110.15,0.79,2,34,Month-to-Month,Credit Card,1
    CUST-16436,32,127.81,0.84,0,37,Month-to-Month,Bank Transfer,1
    CUST-16437,43,24.48,0.23,3,53,Two-Year,Credit Card,1
    CUST-16438,69,62.35,0.33,3,41,One-Year,Credit Card,0
    CUST-16439,45,144.71,0.89,3,94,Month-to-Month,Bank Transfer,1
    CUST-16440,9,143.41,0.51,2,78,Month-to-Month,Bank Transfer,1
    CUST-16441,49,21.46,0.45,2,109,Two-Year,Electronic Check,1
    CUST-16442,33,46.19,0.45,1,4,Month-to-Month,Bank Transfer,1
    CUST-16443,18,149.19,0.63,1,8,Two-Year,Bank Transfer,0
    CUST-16444,9,84.07,0.86,5,87,One-Year,Credit Card,1
    CUST-16445,62,94.47,0.33,2,71,One-Year,Credit Card,0
    CUST-16446,57,41.63,0.16,1,17,Month-to-Month,Bank Transfer,0
    CUST-16447,29,136.26,0.17,2,22,One-Year,Electronic Check,0
    CUST-16448,25,50.06,0.02,2,102,One-Year,Credit Card,1
    CUST-16449,15,44.65,0.5,2,90,Month-to-Month,Credit Card,1
    CUST-16450,6,49.66,0.84,2,8,Month-to-Month,Bank Transfer,1
    CUST-16451,42,139.55,0.64,1,22,One-Year,Bank Transfer,1
    CUST-16452,29,111.37,0.89,1,40,Month-to-Month,Bank Transfer,1
    CUST-16453,4,119.92,0.82,3,109,Two-Year,Bank Transfer,1
    CUST-16454,57,69.01,0.44,1,22,Two-Year,Bank Transfer,0
    CUST-16455,49,138.19,0.44,1,104,Month-to-Month,Electronic Check,1
    CUST-16456,44,122.62,0.57,3,5,Two-Year,Credit Card,0
    CUST-16457,14,117.58,0.1,0,9,One-Year,Electronic Check,0
    CUST-16458,3,146.22,0.55,7,60,Month-to-Month,Electronic Check,1
    CUST-16459,62,67.61,0.42,4,20,Month-to-Month,Bank Transfer,1
    CUST-16460,64,99.43,0.58,4,86,Month-to-Month,Credit Card,1
    CUST-16461,45,138.29,0.51,3,34,Month-to-Month,Bank Transfer,1
    CUST-16462,58,122.82,0.28,1,99,Month-to-Month,Electronic Check,1
    CUST-16463,20,93.24,0.55,1,36,Month-to-Month,Credit Card,1
    CUST-16464,58,29.91,0.33,4,83,Month-to-Month,Credit Card,1
    CUST-16465,57,104.85,0.18,3,92,One-Year,Bank Transfer,0
    CUST-16466,68,88.45,0.61,2,71,One-Year,Electronic Check,1
    CUST-16467,52,43.94,0.28,2,105,Two-Year,Bank Transfer,0
    CUST-16468,37,134.69,0.8,3,38,Month-to-Month,Credit Card,1
    CUST-16469,8,64.62,0.18,2,67,Month-to-Month,Bank Transfer,1
    CUST-16470,44,70.37,0.54,2,32,Month-to-Month,Credit Card,1
    CUST-16471,5,107.41,0.51,3,46,Month-to-Month,Bank Transfer,1
    CUST-16472,69,83.54,0.18,2,109,One-Year,Electronic Check,0
    CUST-16473,31,31.61,0.4,2,95,Month-to-Month,Electronic Check,1
    CUST-16474,45,70.37,0.61,0,109,Month-to-Month,Bank Transfer,1
    CUST-16475,9,32.28,0.29,1,25,One-Year,Electronic Check,0
    CUST-16476,32,44.8,0.1,2,64,Month-to-Month,Bank Transfer,1
    CUST-16477,33,20.93,0.55,2,33,Month-to-Month,Credit Card,1
    CUST-16478,67,43.57,0.2,1,47,One-Year,Electronic Check,0
    CUST-16479,30,62.96,0.61,3,69,Two-Year,Electronic Check,1
    CUST-16480,29,89.97,0.76,1,29,Month-to-Month,Electronic Check,1
    CUST-16481,3,139.51,0.11,6,59,Two-Year,Credit Card,1
    CUST-16482,57,90.24,0.39,2,31,Month-to-Month,Electronic Check,1
    CUST-16483,30,111.73,0.4,2,26,Month-to-Month,Electronic Check,1
    CUST-16484,9,66.5,0.57,3,63,Month-to-Month,Bank Transfer,1
    CUST-16485,26,117.71,0.3,1,58,One-Year,Bank Transfer,0
    CUST-16486,2,100.66,0.38,1,85,Month-to-Month,Credit Card,1
    CUST-16487,62,79.77,0.01,2,98,One-Year,Credit Card,0
    CUST-16488,3,45.19,0.11,2,101,Two-Year,Bank Transfer,1
    CUST-16489,46,59.46,0.51,3,49,One-Year,Electronic Check,1
    CUST-16490,68,100.72,0.19,2,65,Two-Year,Bank Transfer,0
    CUST-16491,25,75.39,0.13,0,59,Month-to-Month,Bank Transfer,1
    CUST-16492,51,135.62,0.29,2,62,Month-to-Month,Credit Card,1
    CUST-16493,13,50.53,0.15,1,68,Month-to-Month,Credit Card,1
    CUST-16494,44,29.5,0.05,1,111,Month-to-Month,Electronic Check,1
    CUST-16495,35,96.62,0.26,0,47,Month-to-Month,Bank Transfer,1
    CUST-16496,55,135.19,0.15,0,22,One-Year,Electronic Check,0
    CUST-16497,9,67.42,0.72,0,80,Month-to-Month,Credit Card,1
    CUST-16498,2,104.2,0.06,3,109,One-Year,Credit Card,1
    CUST-16499,61,50.08,0.67,2,64,Month-to-Month,Credit Card,1
    CUST-16500,41,92.6,0.34,6,46,Month-to-Month,Electronic Check,1
    CUST-16501,44,122.28,0.61,2,59,Month-to-Month,Electronic Check,1
    CUST-16502,64,132.71,0.05,1,32,Month-to-Month,Bank Transfer,0
    CUST-16503,31,33.67,0.83,1,98,Two-Year,Credit Card,1
    CUST-16504,47,66.33,0.69,3,85,Month-to-Month,Bank Transfer,1
    CUST-16505,2,103.15,0.13,1,91,One-Year,Credit Card,1
    CUST-16506,69,24.51,0.2,2,106,Two-Year,Bank Transfer,0
    CUST-16507,58,109.78,0.58,4,37,Month-to-Month,Credit Card,1
    CUST-16508,44,88.64,0.83,2,67,Two-Year,Bank Transfer,1
    CUST-16509,56,57.51,0.4,0,52,Month-to-Month,Electronic Check,0
    CUST-16510,43,125.91,0.44,3,43,Two-Year,Electronic Check,1
    CUST-16511,34,57.71,0.21,4,109,Month-to-Month,Bank Transfer,1
    CUST-16512,30,148.88,0.34,0,34,One-Year,Credit Card,0
    CUST-16513,71,126.13,0.26,1,61,One-Year,Electronic Check,0
    CUST-16514,70,112.04,0.32,2,71,Month-to-Month,Bank Transfer,1
    CUST-16515,55,27.98,0.02,2,93,Month-to-Month,Electronic Check,1
    CUST-16516,67,137.56,0.04,0,67,Month-to-Month,Bank Transfer,0
    CUST-16517,13,122.71,0.61,2,45,Month-to-Month,Bank Transfer,1
    CUST-16518,3,49.77,0.61,1,102,Month-to-Month,Electronic Check,1
    CUST-16519,26,70.99,0.3,1,41,Two-Year,Electronic Check,0
    CUST-16520,57,54.92,0.8,2,119,Month-to-Month,Bank Transfer,1
    CUST-16521,24,147.97,0.24,1,52,Month-to-Month,Bank Transfer,1
    CUST-16522,53,131.05,0.36,1,66,Month-to-Month,Bank Transfer,1
    CUST-16523,70,140.93,0.66,2,12,Month-to-Month,Bank Transfer,1
    CUST-16524,43,122.54,0.67,2,15,Two-Year,Bank Transfer,0
    CUST-16525,60,79.33,0.78,2,119,Month-to-Month,Electronic Check,1
    CUST-16526,58,46.71,0.03,2,16,Month-to-Month,Credit Card,0
    CUST-16527,49,47.05,0.17,2,3,Month-to-Month,Bank Transfer,0
    CUST-16528,42,39.72,0.58,4,27,Month-to-Month,Credit Card,1
    CUST-16529,66,91.06,0.3,2,110,Month-to-Month,Credit Card,1
    CUST-16530,11,139.6,0.04,1,23,Month-to-Month,Credit Card,1
    CUST-16531,18,148.93,0.53,3,64,Month-to-Month,Bank Transfer,1
    CUST-16532,52,57.35,0.35,4,33,One-Year,Electronic Check,0
    CUST-16533,46,110.65,0.33,3,48,Month-to-Month,Credit Card,1
    CUST-16534,44,97.62,0.24,2,91,Month-to-Month,Bank Transfer,1
    CUST-16535,22,83.56,0.01,2,88,Month-to-Month,Electronic Check,1
    CUST-16536,53,106.55,0.16,2,55,Month-to-Month,Electronic Check,1
    CUST-16537,59,68.28,0.43,2,102,Month-to-Month,Credit Card,1
    CUST-16538,30,142.78,0.25,3,27,Month-to-Month,Credit Card,1
    CUST-16539,8,111.71,0.79,4,47,Month-to-Month,Credit Card,1
    CUST-16540,57,118.05,0.13,2,31,Two-Year,Electronic Check,0
    CUST-16541,20,51.51,0.79,4,79,Month-to-Month,Electronic Check,1
    CUST-16542,25,41.92,0.36,3,35,Month-to-Month,Electronic Check,1
    CUST-16543,19,71.26,0.25,5,36,One-Year,Credit Card,1
    CUST-16544,5,119.67,0.27,3,24,Month-to-Month,Credit Card,1
    CUST-16545,27,142.04,0.3,3,17,One-Year,Bank Transfer,0
    CUST-16546,40,75.55,0.46,0,45,Month-to-Month,Bank Transfer,0
    CUST-16547,26,120.64,0.32,1,98,Month-to-Month,Credit Card,1
    CUST-16548,27,81.15,0.58,3,62,One-Year,Electronic Check,1
    CUST-16549,62,58.38,0.38,0,1,Month-to-Month,Electronic Check,0
    CUST-16550,50,116.1,0.6,1,20,Two-Year,Credit Card,0
    CUST-16551,42,123.77,0.54,1,70,One-Year,Bank Transfer,1
    CUST-16552,29,46.37,0.22,5,69,One-Year,Credit Card,1
    CUST-16553,39,59.67,0.73,0,64,Month-to-Month,Credit Card,1
    CUST-16554,60,84.32,0.72,3,93,Two-Year,Electronic Check,1
    CUST-16555,41,44.25,0.89,0,70,Month-to-Month,Credit Card,1
    CUST-16556,33,140.75,0.16,2,50,Two-Year,Credit Card,1
    CUST-16557,16,96.87,0.76,2,53,Month-to-Month,Electronic Check,1
    CUST-16558,23,35.76,0.78,3,97,Two-Year,Electronic Check,1
    CUST-16559,7,43.92,0.58,1,109,One-Year,Electronic Check,1
    CUST-16560,26,144.07,0.46,2,38,One-Year,Electronic Check,1
    CUST-16561,12,115.96,0.86,3,52,Month-to-Month,Bank Transfer,1
    CUST-16562,5,115.47,0.88,1,93,Month-to-Month,Bank Transfer,1
    CUST-16563,69,29.42,0.58,1,108,Two-Year,Credit Card,1
    CUST-16564,49,136.39,0.32,2,61,Month-to-Month,Electronic Check,1
    CUST-16565,26,77.69,0.74,5,74,One-Year,Electronic Check,1
    CUST-16566,5,105.76,0.08,3,96,Two-Year,Electronic Check,1
    CUST-16567,22,144.76,0.26,1,25,Month-to-Month,Bank Transfer,1
    CUST-16568,13,33.0,0.89,1,92,Month-to-Month,Credit Card,1
    CUST-16569,28,82.7,0.73,2,29,Month-to-Month,Credit Card,1
    CUST-16570,33,26.45,0.85,1,115,Month-to-Month,Credit Card,1
    CUST-16571,23,84.94,0.54,3,35,One-Year,Electronic Check,1
    CUST-16572,18,52.79,0.37,2,47,Month-to-Month,Bank Transfer,1
    CUST-16573,30,138.44,0.88,1,57,Month-to-Month,Electronic Check,1
    CUST-16574,26,71.8,0.28,3,32,Two-Year,Electronic Check,1
    CUST-16575,16,102.4,0.68,1,46,Month-to-Month,Bank Transfer,1
    CUST-16576,39,131.84,0.5,2,36,Two-Year,Credit Card,0
    CUST-16577,33,147.88,0.21,2,71,Month-to-Month,Bank Transfer,1
    CUST-16578,26,85.5,0.02,3,10,Month-to-Month,Electronic Check,1
    CUST-16579,48,79.25,0.35,4,46,Month-to-Month,Electronic Check,1
    CUST-16580,65,29.85,0.49,1,98,Month-to-Month,Bank Transfer,1
    CUST-16581,38,21.66,0.16,3,97,One-Year,Bank Transfer,1
    CUST-16582,2,99.14,0.37,0,26,Month-to-Month,Bank Transfer,1
    CUST-16583,6,28.51,0.55,0,48,One-Year,Credit Card,1
    CUST-16584,46,69.45,0.64,4,48,Month-to-Month,Credit Card,1
    CUST-16585,50,20.47,0.05,3,13,One-Year,Bank Transfer,0
    CUST-16586,38,99.98,0.6,3,30,Month-to-Month,Bank Transfer,1
    CUST-16587,18,75.3,0.05,4,96,One-Year,Electronic Check,1
    CUST-16588,27,36.51,0.03,3,97,Month-to-Month,Bank Transfer,1
    CUST-16589,41,58.53,0.14,1,70,Month-to-Month,Credit Card,1
    CUST-16590,17,94.06,0.59,1,100,One-Year,Bank Transfer,1
    CUST-16591,62,105.37,0.05,0,66,Two-Year,Bank Transfer,0
    CUST-16592,29,80.1,0.02,3,7,Two-Year,Bank Transfer,0
    CUST-16593,58,124.51,0.11,2,56,Month-to-Month,Electronic Check,0
    CUST-16594,70,34.62,0.85,0,30,Two-Year,Credit Card,0
    CUST-16595,22,30.99,0.82,2,110,Month-to-Month,Bank Transfer,1
    CUST-16596,6,25.75,0.08,1,55,Month-to-Month,Electronic Check,1
    CUST-16597,26,89.66,0.27,1,90,One-Year,Bank Transfer,1
    CUST-16598,39,111.81,0.85,3,89,Two-Year,Credit Card,1
    CUST-16599,12,36.97,0.09,1,33,One-Year,Electronic Check,0
    CUST-16600,14,103.06,0.09,1,42,Two-Year,Electronic Check,0
    CUST-16601,22,82.0,0.08,0,6,Month-to-Month,Electronic Check,0
    CUST-16602,51,148.35,0.88,0,8,Two-Year,Credit Card,0
    CUST-16603,23,113.27,0.67,1,73,Month-to-Month,Bank Transfer,1
    CUST-16604,48,105.47,0.19,2,75,Month-to-Month,Electronic Check,1
    CUST-16605,71,94.16,0.04,0,88,One-Year,Credit Card,0
    CUST-16606,50,149.66,0.87,1,70,Two-Year,Electronic Check,1
    CUST-16607,13,147.46,0.38,0,40,Month-to-Month,Electronic Check,1
    CUST-16608,10,89.95,0.54,4,56,Two-Year,Electronic Check,1
    CUST-16609,55,79.17,0.25,3,80,Month-to-Month,Credit Card,1
    CUST-16610,9,80.07,0.68,3,17,Month-to-Month,Credit Card,1
    CUST-16611,52,75.68,0.18,4,88,Two-Year,Bank Transfer,1
    CUST-16612,2,89.08,0.71,4,7,Two-Year,Electronic Check,1
    CUST-16613,25,55.57,0.21,3,40,One-Year,Bank Transfer,0
    CUST-16614,13,140.48,0.09,2,104,Two-Year,Bank Transfer,1
    CUST-16615,51,83.73,0.43,2,58,Month-to-Month,Electronic Check,1
    CUST-16616,58,129.46,0.73,0,62,Month-to-Month,Electronic Check,1
    CUST-16617,34,81.79,0.35,2,91,Two-Year,Bank Transfer,1
    CUST-16618,35,113.38,0.03,1,74,One-Year,Electronic Check,0
    CUST-16619,3,63.79,0.5,2,54,Two-Year,Electronic Check,1
    CUST-16620,59,101.22,0.61,2,9,Two-Year,Bank Transfer,0
    CUST-16621,70,84.79,0.67,2,51,One-Year,Electronic Check,0
    CUST-16622,48,67.72,0.36,3,10,One-Year,Electronic Check,0
    CUST-16623,64,134.6,0.09,2,49,Month-to-Month,Credit Card,0
    CUST-16624,19,34.65,0.53,1,30,Month-to-Month,Electronic Check,1
    CUST-16625,67,83.3,0.3,2,9,One-Year,Credit Card,0
    CUST-16626,5,45.27,0.85,2,46,Two-Year,Electronic Check,1
    CUST-16627,67,131.94,0.45,5,26,Month-to-Month,Bank Transfer,1
    CUST-16628,11,52.95,0.43,5,64,Month-to-Month,Bank Transfer,1
    CUST-16629,68,102.35,0.28,1,34,Month-to-Month,Credit Card,0
    CUST-16630,69,41.52,0.3,3,99,Month-to-Month,Electronic Check,1
    CUST-16631,1,72.64,0.46,1,27,One-Year,Credit Card,1
    CUST-16632,63,136.92,0.28,0,84,One-Year,Electronic Check,0
    CUST-16633,29,41.59,0.8,3,88,Month-to-Month,Electronic Check,1
    CUST-16634,12,106.22,0.4,1,27,Month-to-Month,Electronic Check,1
    CUST-16635,41,46.59,0.26,0,41,Month-to-Month,Credit Card,1
    CUST-16636,2,74.05,0.14,2,83,Two-Year,Credit Card,1
    CUST-16637,37,90.28,0.61,2,18,Month-to-Month,Credit Card,1
    CUST-16638,45,95.05,0.02,2,50,One-Year,Bank Transfer,0
    CUST-16639,48,98.33,0.4,1,43,Month-to-Month,Credit Card,1
    CUST-16640,24,103.22,0.5,1,41,Month-to-Month,Electronic Check,1
    CUST-16641,22,55.33,0.31,3,76,Month-to-Month,Credit Card,1
    CUST-16642,11,72.18,0.67,0,104,Two-Year,Bank Transfer,1
    CUST-16643,58,24.85,0.61,5,18,Month-to-Month,Bank Transfer,1
    CUST-16644,46,119.94,0.87,5,61,Month-to-Month,Bank Transfer,1
    CUST-16645,29,128.82,0.46,1,72,Month-to-Month,Credit Card,1
    CUST-16646,35,45.9,0.48,1,100,Two-Year,Bank Transfer,1
    CUST-16647,15,46.19,0.22,0,102,Month-to-Month,Bank Transfer,1
    CUST-16648,60,25.46,0.35,3,53,Month-to-Month,Bank Transfer,1
    CUST-16649,42,146.15,0.02,3,80,Month-to-Month,Bank Transfer,1
    CUST-16650,43,124.93,0.62,2,53,Two-Year,Bank Transfer,1
    CUST-16651,49,66.89,0.28,2,13,Two-Year,Credit Card,0
    CUST-16652,64,82.65,0.49,0,26,Month-to-Month,Bank Transfer,0
    CUST-16653,32,57.96,0.23,0,112,One-Year,Credit Card,1
    CUST-16654,64,97.64,0.56,2,90,Month-to-Month,Electronic Check,1
    CUST-16655,2,113.25,0.4,3,119,Month-to-Month,Credit Card,1
    CUST-16656,24,78.16,0.43,4,56,One-Year,Credit Card,1
    CUST-16657,66,133.57,0.85,1,85,Month-to-Month,Bank Transfer,1
    CUST-16658,38,87.21,0.64,2,61,Month-to-Month,Bank Transfer,1
    CUST-16659,31,38.75,0.24,1,116,Two-Year,Bank Transfer,1
    CUST-16660,26,100.9,0.45,5,50,Month-to-Month,Credit Card,1
    CUST-16661,29,80.09,0.42,2,21,Month-to-Month,Credit Card,1
    CUST-16662,67,141.64,0.72,0,8,One-Year,Bank Transfer,0
    CUST-16663,25,70.95,0.75,3,97,Month-to-Month,Electronic Check,1
    CUST-16664,48,72.37,0.26,2,70,Month-to-Month,Electronic Check,1
    CUST-16665,65,104.6,0.74,2,64,Month-to-Month,Electronic Check,1
    CUST-16666,53,88.51,0.16,0,50,Month-to-Month,Electronic Check,0
    CUST-16667,67,68.68,0.69,0,2,Month-to-Month,Bank Transfer,1
    CUST-16668,18,148.67,0.22,1,72,Month-to-Month,Bank Transfer,1
    CUST-16669,9,59.28,0.27,3,70,Month-to-Month,Credit Card,1
    CUST-16670,38,56.08,0.77,2,6,Two-Year,Electronic Check,1
    CUST-16671,21,132.38,0.38,4,22,Month-to-Month,Credit Card,1
    CUST-16672,65,20.44,0.89,2,89,One-Year,Bank Transfer,1
    CUST-16673,21,46.16,0.14,4,46,Month-to-Month,Credit Card,1
    CUST-16674,27,96.76,0.42,1,95,Two-Year,Credit Card,1
    CUST-16675,70,41.12,0.66,5,61,Two-Year,Electronic Check,1
    CUST-16676,44,148.15,0.0,3,35,Month-to-Month,Electronic Check,1
    CUST-16677,28,80.35,0.14,2,114,Month-to-Month,Electronic Check,1
    CUST-16678,45,97.66,0.02,1,62,Month-to-Month,Electronic Check,0
    CUST-16679,17,40.85,0.89,2,69,Month-to-Month,Credit Card,1
    CUST-16680,40,57.62,0.68,1,86,Two-Year,Bank Transfer,1
    CUST-16681,3,99.9,0.34,4,57,Month-to-Month,Electronic Check,1
    CUST-16682,66,91.44,0.14,5,112,Month-to-Month,Bank Transfer,1
    CUST-16683,46,121.97,0.08,3,25,Month-to-Month,Credit Card,1
    CUST-16684,30,55.0,0.48,0,82,Month-to-Month,Credit Card,1
    CUST-16685,69,104.96,0.88,2,73,One-Year,Electronic Check,1
    CUST-16686,9,57.83,0.61,4,25,Month-to-Month,Credit Card,1
    CUST-16687,11,96.28,0.33,3,93,Month-to-Month,Bank Transfer,1
    CUST-16688,69,98.65,0.45,3,118,Month-to-Month,Electronic Check,1
    CUST-16689,66,35.84,0.9,0,33,Month-to-Month,Bank Transfer,1
    CUST-16690,31,91.32,0.47,4,107,Month-to-Month,Electronic Check,1
    CUST-16691,33,21.55,0.87,3,8,Two-Year,Electronic Check,1
    CUST-16692,39,85.16,0.01,2,104,One-Year,Credit Card,0
    CUST-16693,46,110.68,0.65,1,13,Two-Year,Credit Card,0
    CUST-16694,37,29.47,0.56,1,61,Month-to-Month,Bank Transfer,1
    CUST-16695,60,142.03,0.62,1,8,Two-Year,Electronic Check,0
    CUST-16696,31,79.64,0.51,3,112,Month-to-Month,Bank Transfer,1
    CUST-16697,11,141.99,0.04,1,117,Month-to-Month,Electronic Check,1
    CUST-16698,2,33.96,0.13,1,114,Month-to-Month,Credit Card,1
    CUST-16699,27,143.49,0.83,2,105,One-Year,Credit Card,1
    CUST-16700,2,34.2,0.21,1,108,Month-to-Month,Electronic Check,1
    CUST-16701,21,79.99,0.89,2,27,Month-to-Month,Bank Transfer,1
    CUST-16702,58,141.94,0.61,0,54,Two-Year,Credit Card,0
    CUST-16703,5,50.25,0.4,1,3,One-Year,Electronic Check,1
    CUST-16704,52,24.52,0.83,2,33,Two-Year,Electronic Check,1
    CUST-16705,45,123.1,0.72,0,95,Month-to-Month,Electronic Check,1
    CUST-16706,20,97.46,0.39,0,28,Month-to-Month,Electronic Check,1
    CUST-16707,61,86.81,0.06,5,85,One-Year,Bank Transfer,0
    CUST-16708,38,24.46,0.78,2,52,Month-to-Month,Electronic Check,1
    CUST-16709,20,104.92,0.69,3,29,Month-to-Month,Bank Transfer,1
    CUST-16710,25,42.31,0.71,1,93,Month-to-Month,Bank Transfer,1
    CUST-16711,2,141.06,0.67,1,61,Two-Year,Bank Transfer,1
    CUST-16712,32,109.14,0.25,2,116,Month-to-Month,Bank Transfer,1
    CUST-16713,26,111.91,0.77,0,73,One-Year,Credit Card,1
    CUST-16714,70,50.24,0.0,1,61,Month-to-Month,Bank Transfer,0
    CUST-16715,41,134.5,0.21,0,22,Month-to-Month,Bank Transfer,0
    CUST-16716,67,89.91,0.04,3,72,Month-to-Month,Bank Transfer,1
    CUST-16717,1,131.42,0.1,0,57,Month-to-Month,Electronic Check,1
    CUST-16718,51,55.22,0.48,2,45,Month-to-Month,Credit Card,1
    CUST-16719,5,118.21,0.03,5,81,Two-Year,Bank Transfer,1
    CUST-16720,13,94.69,0.16,1,87,Two-Year,Bank Transfer,0
    CUST-16721,19,26.29,0.21,2,103,One-Year,Credit Card,1
    CUST-16722,12,72.69,0.59,1,30,Month-to-Month,Bank Transfer,1
    CUST-16723,48,43.91,0.42,6,79,Month-to-Month,Electronic Check,1
    CUST-16724,25,66.69,0.41,0,14,One-Year,Electronic Check,0
    CUST-16725,57,69.84,0.69,0,89,Month-to-Month,Bank Transfer,1
    CUST-16726,35,81.74,0.41,3,80,One-Year,Electronic Check,1
    CUST-16727,5,98.04,0.31,1,113,Two-Year,Credit Card,1
    CUST-16728,22,94.23,0.87,2,48,Month-to-Month,Credit Card,1
    CUST-16729,57,25.07,0.01,3,18,One-Year,Bank Transfer,0
    CUST-16730,47,117.59,0.27,1,32,Two-Year,Electronic Check,0
    CUST-16731,54,143.39,0.55,1,110,Month-to-Month,Electronic Check,1
    CUST-16732,3,65.33,0.7,3,38,One-Year,Bank Transfer,1
    CUST-16733,53,43.37,0.73,3,116,One-Year,Credit Card,1
    CUST-16734,31,90.2,0.04,1,53,Two-Year,Bank Transfer,0
    CUST-16735,69,111.64,0.64,1,15,Two-Year,Bank Transfer,0
    CUST-16736,33,108.26,0.65,3,37,One-Year,Bank Transfer,1
    CUST-16737,50,99.57,0.19,2,49,One-Year,Electronic Check,0
    CUST-16738,16,39.01,0.1,1,33,Month-to-Month,Credit Card,1
    CUST-16739,39,128.79,0.67,2,13,One-Year,Electronic Check,1
    CUST-16740,46,75.33,0.22,2,71,Month-to-Month,Electronic Check,1
    CUST-16741,47,48.79,0.0,3,64,Month-to-Month,Electronic Check,1
    CUST-16742,44,31.21,0.2,1,19,One-Year,Bank Transfer,0
    CUST-16743,9,74.17,0.03,1,85,One-Year,Electronic Check,1
    CUST-16744,50,100.34,0.22,2,56,Month-to-Month,Credit Card,1
    CUST-16745,60,106.5,0.3,4,37,Month-to-Month,Bank Transfer,1
    CUST-16746,15,145.16,0.24,4,58,Month-to-Month,Credit Card,1
    CUST-16747,36,39.91,0.83,1,9,Month-to-Month,Bank Transfer,1
    CUST-16748,63,148.15,0.21,3,4,Month-to-Month,Electronic Check,0
    CUST-16749,69,105.11,0.42,2,95,Month-to-Month,Electronic Check,1
    CUST-16750,41,79.05,0.86,4,71,One-Year,Bank Transfer,1
    CUST-16751,24,135.47,0.79,5,13,Month-to-Month,Credit Card,1
    CUST-16752,49,110.28,0.28,2,63,Month-to-Month,Bank Transfer,1
    CUST-16753,18,65.33,0.29,2,104,Two-Year,Credit Card,1
    CUST-16754,7,134.93,0.53,3,119,One-Year,Electronic Check,1
    CUST-16755,4,106.66,0.83,3,63,Month-to-Month,Electronic Check,1
    CUST-16756,69,110.85,0.01,1,61,Month-to-Month,Electronic Check,0
    CUST-16757,60,136.53,0.35,1,36,Two-Year,Bank Transfer,0
    CUST-16758,55,78.29,0.76,4,8,Month-to-Month,Electronic Check,1
    CUST-16759,16,105.4,0.37,0,90,One-Year,Electronic Check,1
    CUST-16760,29,116.81,0.65,1,27,Month-to-Month,Electronic Check,1
    CUST-16761,23,79.01,0.62,3,112,Month-to-Month,Credit Card,1
    CUST-16762,14,30.85,0.18,3,26,Two-Year,Electronic Check,1
    CUST-16763,49,120.29,0.4,1,45,Month-to-Month,Credit Card,1
    CUST-16764,33,26.22,0.51,3,42,Month-to-Month,Electronic Check,1
    CUST-16765,25,113.33,0.64,2,14,One-Year,Electronic Check,0
    CUST-16766,21,138.41,0.74,2,84,Two-Year,Credit Card,1
    CUST-16767,17,65.11,0.68,0,106,Month-to-Month,Credit Card,1
    CUST-16768,23,33.27,0.03,1,109,Month-to-Month,Electronic Check,1
    CUST-16769,57,50.27,0.6,2,92,Two-Year,Bank Transfer,1
    CUST-16770,58,93.1,0.45,1,72,One-Year,Credit Card,0
    CUST-16771,14,142.55,0.52,2,52,Two-Year,Bank Transfer,1
    CUST-16772,20,86.6,0.34,1,69,One-Year,Credit Card,1
    CUST-16773,30,34.66,0.64,0,53,Month-to-Month,Credit Card,1
    CUST-16774,19,101.61,0.61,2,117,Month-to-Month,Electronic Check,1
    CUST-16775,53,115.27,0.52,0,51,Month-to-Month,Bank Transfer,1
    CUST-16776,56,71.13,0.78,2,77,One-Year,Bank Transfer,1
    CUST-16777,23,113.8,0.09,2,2,Month-to-Month,Electronic Check,1
    CUST-16778,62,62.23,0.27,2,48,One-Year,Electronic Check,0
    CUST-16779,33,122.58,0.45,3,78,Month-to-Month,Electronic Check,1
    CUST-16780,18,64.34,0.86,1,49,Month-to-Month,Credit Card,1
    CUST-16781,33,53.29,0.06,2,59,Month-to-Month,Bank Transfer,1
    CUST-16782,32,134.29,0.3,3,67,Month-to-Month,Electronic Check,1
    CUST-16783,61,91.3,0.83,3,80,One-Year,Credit Card,1
    CUST-16784,54,57.07,0.81,2,9,One-Year,Credit Card,0
    CUST-16785,17,141.56,0.78,2,103,Month-to-Month,Electronic Check,1
    CUST-16786,19,109.81,0.28,2,2,Month-to-Month,Bank Transfer,1
    CUST-16787,70,48.69,0.76,4,75,Month-to-Month,Electronic Check,1
    CUST-16788,34,99.9,0.45,4,88,One-Year,Electronic Check,1
    CUST-16789,25,133.15,0.56,3,43,One-Year,Credit Card,1
    CUST-16790,68,110.5,0.21,1,93,Month-to-Month,Bank Transfer,1
    CUST-16791,11,51.82,0.64,1,14,Month-to-Month,Bank Transfer,1
    CUST-16792,16,104.35,0.29,1,112,One-Year,Electronic Check,1
    CUST-16793,61,100.49,0.31,0,40,One-Year,Bank Transfer,0
    CUST-16794,7,126.71,0.57,3,55,One-Year,Credit Card,1
    CUST-16795,16,43.16,0.22,1,59,Month-to-Month,Credit Card,1
    CUST-16796,16,110.95,0.2,1,86,One-Year,Credit Card,1
    CUST-16797,40,23.56,0.33,4,47,Month-to-Month,Electronic Check,1
    CUST-16798,12,110.5,0.7,1,112,Month-to-Month,Credit Card,1
    CUST-16799,35,144.86,0.2,5,34,Month-to-Month,Electronic Check,1
    CUST-16800,21,42.67,0.71,2,36,Two-Year,Bank Transfer,1
    CUST-16801,50,60.47,0.63,1,33,One-Year,Bank Transfer,0
    CUST-16802,43,95.77,0.61,2,103,Month-to-Month,Credit Card,1
    CUST-16803,17,115.21,0.43,6,63,Two-Year,Electronic Check,1
    CUST-16804,32,64.77,0.67,1,107,One-Year,Bank Transfer,1
    CUST-16805,41,106.35,0.01,4,18,Month-to-Month,Credit Card,1
    CUST-16806,6,136.91,0.28,0,22,Two-Year,Credit Card,0
    CUST-16807,27,114.45,0.61,4,89,Month-to-Month,Electronic Check,1
    CUST-16808,20,112.43,0.89,2,101,Month-to-Month,Bank Transfer,1
    CUST-16809,25,69.66,0.0,2,5,One-Year,Credit Card,0
    CUST-16810,66,138.49,0.46,2,32,One-Year,Bank Transfer,0
    CUST-16811,9,56.05,0.83,2,116,Month-to-Month,Credit Card,1
    CUST-16812,53,46.69,0.78,3,49,Two-Year,Credit Card,1
    CUST-16813,61,67.35,0.02,0,36,One-Year,Bank Transfer,0
    CUST-16814,38,104.52,0.48,3,73,Two-Year,Electronic Check,1
    CUST-16815,3,132.02,0.0,1,14,Month-to-Month,Electronic Check,1
    CUST-16816,70,37.17,0.71,2,64,One-Year,Electronic Check,0
    CUST-16817,55,125.79,0.28,0,32,Month-to-Month,Electronic Check,1
    CUST-16818,1,125.67,0.69,2,9,Month-to-Month,Electronic Check,1
    CUST-16819,70,96.3,0.85,2,87,Month-to-Month,Electronic Check,1
    CUST-16820,45,118.88,0.88,2,109,Month-to-Month,Credit Card,1
    CUST-16821,47,43.64,0.8,1,48,Month-to-Month,Electronic Check,1
    CUST-16822,26,42.05,0.18,1,52,Month-to-Month,Bank Transfer,1
    CUST-16823,14,132.16,0.18,3,109,Month-to-Month,Bank Transfer,1
    CUST-16824,54,84.76,0.56,2,9,Month-to-Month,Bank Transfer,1
    CUST-16825,71,51.97,0.49,1,85,Month-to-Month,Credit Card,1
    CUST-16826,46,109.53,0.01,1,108,One-Year,Bank Transfer,0
    CUST-16827,31,135.94,0.35,1,32,Month-to-Month,Credit Card,1
    CUST-16828,59,102.2,0.82,4,108,Month-to-Month,Electronic Check,1
    CUST-16829,29,65.15,0.81,1,10,Month-to-Month,Electronic Check,1
    CUST-16830,17,82.82,0.18,2,93,One-Year,Credit Card,1
    CUST-16831,14,117.8,0.34,3,98,One-Year,Bank Transfer,1
    CUST-16832,36,28.78,0.5,2,86,Month-to-Month,Bank Transfer,1
    CUST-16833,58,48.23,0.77,2,69,Two-Year,Bank Transfer,1
    CUST-16834,24,80.14,0.48,0,11,One-Year,Bank Transfer,1
    CUST-16835,63,98.55,0.87,2,58,Month-to-Month,Electronic Check,1
    CUST-16836,25,64.09,0.72,3,28,Two-Year,Credit Card,1
    CUST-16837,59,58.79,0.86,4,88,Two-Year,Bank Transfer,1
    CUST-16838,32,25.38,0.66,1,34,One-Year,Electronic Check,1
    CUST-16839,18,24.24,0.79,2,53,Two-Year,Electronic Check,1
    CUST-16840,37,56.23,0.75,1,106,Month-to-Month,Bank Transfer,1
    CUST-16841,26,88.97,0.23,3,40,Two-Year,Electronic Check,1
    CUST-16842,9,92.33,0.21,3,64,Month-to-Month,Bank Transfer,1
    CUST-16843,64,84.22,0.78,4,116,One-Year,Credit Card,1
    CUST-16844,20,73.28,0.08,1,10,Month-to-Month,Credit Card,0
    CUST-16845,54,52.8,0.37,0,26,Month-to-Month,Bank Transfer,0
    CUST-16846,30,72.09,0.74,7,43,Two-Year,Bank Transfer,1
    CUST-16847,53,38.04,0.73,0,105,Month-to-Month,Bank Transfer,1
    CUST-16848,63,34.98,0.12,2,71,Two-Year,Electronic Check,0
    CUST-16849,11,58.99,0.44,2,44,Month-to-Month,Bank Transfer,1
    CUST-16850,31,149.4,0.43,0,71,One-Year,Electronic Check,1
    CUST-16851,49,62.44,0.29,1,112,Month-to-Month,Bank Transfer,1
    CUST-16852,19,141.74,0.83,3,57,One-Year,Credit Card,1
    CUST-16853,12,70.99,0.59,0,115,One-Year,Credit Card,1
    CUST-16854,15,77.07,0.88,4,48,One-Year,Bank Transfer,1
    CUST-16855,31,123.62,0.06,2,79,Month-to-Month,Electronic Check,1
    CUST-16856,43,32.17,0.35,3,62,Month-to-Month,Credit Card,1
    CUST-16857,37,43.7,0.75,2,110,Month-to-Month,Electronic Check,1
    CUST-16858,29,146.6,0.38,3,109,Two-Year,Bank Transfer,1
    CUST-16859,26,85.77,0.24,2,61,One-Year,Electronic Check,0
    CUST-16860,2,25.76,0.9,1,67,Month-to-Month,Credit Card,1
    CUST-16861,15,26.16,0.79,2,45,Month-to-Month,Credit Card,1
    CUST-16862,4,137.94,0.49,1,61,Month-to-Month,Electronic Check,1
    CUST-16863,50,133.54,0.51,3,90,One-Year,Electronic Check,1
    CUST-16864,38,79.59,0.01,1,71,Month-to-Month,Bank Transfer,0
    CUST-16865,23,41.22,0.88,1,2,Month-to-Month,Credit Card,1
    CUST-16866,59,127.94,0.73,4,74,Month-to-Month,Bank Transfer,1
    CUST-16867,28,62.2,0.03,3,94,One-Year,Bank Transfer,1
    CUST-16868,66,74.48,0.16,4,47,One-Year,Bank Transfer,0
    CUST-16869,8,108.72,0.74,1,67,Month-to-Month,Credit Card,1
    CUST-16870,29,65.94,0.08,1,102,Month-to-Month,Electronic Check,1
    CUST-16871,11,101.73,0.85,3,29,Month-to-Month,Credit Card,1
    CUST-16872,18,135.09,0.9,2,63,Month-to-Month,Credit Card,1
    CUST-16873,55,123.66,0.8,3,25,One-Year,Electronic Check,1
    CUST-16874,50,69.61,0.67,3,110,Month-to-Month,Bank Transfer,1
    CUST-16875,14,57.43,0.44,2,4,Month-to-Month,Credit Card,1
    CUST-16876,9,57.12,0.07,2,47,One-Year,Credit Card,0
    CUST-16877,11,65.32,0.66,2,69,Two-Year,Electronic Check,1
    CUST-16878,63,84.16,0.36,4,63,Month-to-Month,Bank Transfer,1
    CUST-16879,67,74.16,0.51,1,6,Month-to-Month,Credit Card,0
    CUST-16880,53,37.29,0.26,1,83,Month-to-Month,Bank Transfer,1
    CUST-16881,39,41.25,0.22,1,18,Month-to-Month,Credit Card,0
    CUST-16882,56,64.58,0.29,0,116,One-Year,Electronic Check,0
    CUST-16883,28,93.07,0.73,4,102,One-Year,Credit Card,1
    CUST-16884,39,97.05,0.38,3,36,Month-to-Month,Credit Card,1
    CUST-16885,25,83.21,0.28,4,76,Month-to-Month,Bank Transfer,1
    CUST-16886,21,116.04,0.39,1,88,Month-to-Month,Bank Transfer,1
    CUST-16887,10,115.84,0.03,1,57,Month-to-Month,Credit Card,1
    CUST-16888,43,75.59,0.8,0,30,Two-Year,Bank Transfer,1
    CUST-16889,15,36.18,0.5,1,14,Month-to-Month,Electronic Check,1
    CUST-16890,48,88.92,0.09,3,39,One-Year,Credit Card,0
    CUST-16891,21,69.59,0.26,2,2,Month-to-Month,Credit Card,1
    CUST-16892,60,37.93,0.89,1,34,Two-Year,Credit Card,1
    CUST-16893,50,147.64,0.53,2,58,One-Year,Credit Card,1
    CUST-16894,23,68.07,0.26,4,117,Month-to-Month,Bank Transfer,1
    CUST-16895,13,101.35,0.38,0,84,Month-to-Month,Electronic Check,1
    CUST-16896,69,83.72,0.23,1,100,One-Year,Credit Card,0
    CUST-16897,4,38.57,0.03,3,116,Month-to-Month,Credit Card,1
    CUST-16898,9,27.22,0.76,0,87,Two-Year,Bank Transfer,1
    CUST-16899,35,101.35,0.26,1,35,Month-to-Month,Bank Transfer,0
    CUST-16900,21,52.11,0.75,1,34,One-Year,Bank Transfer,1
    CUST-16901,58,51.68,0.43,1,85,Month-to-Month,Credit Card,1
    CUST-16902,18,144.41,0.16,5,102,Month-to-Month,Bank Transfer,1
    CUST-16903,43,80.03,0.72,0,110,Month-to-Month,Credit Card,1
    CUST-16904,6,23.83,0.34,2,8,Month-to-Month,Bank Transfer,1
    CUST-16905,67,64.18,0.64,2,43,One-Year,Bank Transfer,0
    CUST-16906,12,95.98,0.75,2,63,Two-Year,Electronic Check,1
    CUST-16907,12,62.71,0.87,3,115,Two-Year,Bank Transfer,1
    CUST-16908,66,23.49,0.08,1,62,Month-to-Month,Credit Card,0
    CUST-16909,2,77.76,0.01,0,94,One-Year,Electronic Check,0
    CUST-16910,15,33.77,0.49,1,111,Month-to-Month,Electronic Check,1
    CUST-16911,23,100.49,0.24,4,20,Month-to-Month,Bank Transfer,1
    CUST-16912,29,100.55,0.42,6,52,Month-to-Month,Bank Transfer,1
    CUST-16913,7,24.91,0.07,2,84,Month-to-Month,Electronic Check,1
    CUST-16914,28,57.79,0.45,2,87,Two-Year,Electronic Check,1
    CUST-16915,14,73.78,0.11,4,84,One-Year,Bank Transfer,1
    CUST-16916,44,91.53,0.75,2,46,Month-to-Month,Electronic Check,1
    CUST-16917,30,58.49,0.68,2,87,Month-to-Month,Credit Card,1
    CUST-16918,32,57.41,0.07,1,4,Month-to-Month,Electronic Check,0
    CUST-16919,70,147.79,0.75,2,62,One-Year,Bank Transfer,1
    CUST-16920,6,25.44,0.29,4,10,Month-to-Month,Credit Card,1
    CUST-16921,27,148.58,0.32,2,40,One-Year,Credit Card,0
    CUST-16922,24,26.21,0.16,3,5,Two-Year,Bank Transfer,0
    CUST-16923,34,57.48,0.75,3,96,Month-to-Month,Electronic Check,1
    CUST-16924,40,84.18,0.36,0,18,One-Year,Bank Transfer,0
    CUST-16925,47,38.63,0.04,4,61,Two-Year,Credit Card,0
    CUST-16926,24,37.53,0.87,1,57,Month-to-Month,Electronic Check,1
    CUST-16927,65,53.32,0.23,2,63,Month-to-Month,Credit Card,1
    CUST-16928,18,146.56,0.84,2,89,Month-to-Month,Electronic Check,1
    CUST-16929,44,69.42,0.27,1,81,One-Year,Bank Transfer,0
    CUST-16930,57,93.58,0.75,2,5,One-Year,Credit Card,0
    CUST-16931,28,111.56,0.6,1,99,One-Year,Bank Transfer,1
    CUST-16932,71,116.49,0.78,0,106,One-Year,Credit Card,1
    CUST-16933,23,109.45,0.88,1,21,Two-Year,Electronic Check,1
    CUST-16934,34,63.8,0.78,2,100,One-Year,Bank Transfer,1
    CUST-16935,11,34.52,0.36,3,19,Two-Year,Bank Transfer,1
    CUST-16936,35,56.62,0.73,0,23,One-Year,Credit Card,1
    CUST-16937,42,47.34,0.64,4,69,One-Year,Bank Transfer,1
    CUST-16938,28,37.72,0.06,4,33,Two-Year,Bank Transfer,0
    CUST-16939,24,23.18,0.84,1,4,Two-Year,Electronic Check,1
    CUST-16940,8,141.64,0.42,3,97,One-Year,Bank Transfer,1
    CUST-16941,53,139.73,0.12,3,111,One-Year,Bank Transfer,0
    CUST-16942,4,26.55,0.38,5,35,Month-to-Month,Electronic Check,1
    CUST-16943,5,42.5,0.54,1,59,Month-to-Month,Credit Card,1
    CUST-16944,49,38.14,0.52,2,42,Month-to-Month,Electronic Check,1
    CUST-16945,30,56.56,0.52,2,90,Month-to-Month,Credit Card,1
    CUST-16946,63,46.53,0.23,4,101,Month-to-Month,Bank Transfer,1
    CUST-16947,47,142.96,0.57,4,86,One-Year,Electronic Check,1
    CUST-16948,26,30.94,0.82,3,75,Two-Year,Credit Card,1
    CUST-16949,57,47.52,0.35,1,49,Month-to-Month,Electronic Check,0
    CUST-16950,37,30.49,0.57,2,90,Month-to-Month,Bank Transfer,1
    CUST-16951,7,147.45,0.22,1,41,Two-Year,Credit Card,1
    CUST-16952,40,139.39,0.04,2,77,One-Year,Electronic Check,0
    CUST-16953,39,113.16,0.53,2,78,One-Year,Credit Card,1
    CUST-16954,62,75.38,0.04,5,105,One-Year,Bank Transfer,1
    CUST-16955,53,44.72,0.65,2,49,Month-to-Month,Electronic Check,1
    CUST-16956,4,48.79,0.6,3,71,Month-to-Month,Credit Card,1
    CUST-16957,25,77.6,0.33,1,80,Two-Year,Credit Card,1
    CUST-16958,7,119.87,0.37,1,84,One-Year,Credit Card,0
    CUST-16959,28,54.41,0.83,4,109,Month-to-Month,Bank Transfer,1
    CUST-16960,69,60.4,0.01,1,46,Month-to-Month,Credit Card,0
    CUST-16961,67,97.99,0.51,5,64,One-Year,Electronic Check,1
    CUST-16962,20,50.9,0.83,2,50,Month-to-Month,Electronic Check,1
    CUST-16963,11,95.95,0.82,2,43,Month-to-Month,Bank Transfer,1
    CUST-16964,67,70.33,0.53,1,27,Month-to-Month,Bank Transfer,1
    CUST-16965,7,24.47,0.34,4,34,Month-to-Month,Credit Card,1
    CUST-16966,23,72.35,0.09,1,86,One-Year,Bank Transfer,0
    CUST-16967,61,139.54,0.16,1,63,Two-Year,Credit Card,0
    CUST-16968,71,58.1,0.61,1,102,Month-to-Month,Credit Card,1
    CUST-16969,34,61.97,0.01,2,101,Month-to-Month,Bank Transfer,1
    CUST-16970,19,28.57,0.8,2,67,Month-to-Month,Credit Card,1
    CUST-16971,58,99.96,0.53,2,27,Two-Year,Credit Card,0
    CUST-16972,9,130.4,0.04,2,7,Month-to-Month,Credit Card,0
    CUST-16973,48,65.88,0.22,2,99,Month-to-Month,Credit Card,1
    CUST-16974,41,51.23,0.53,1,109,Two-Year,Electronic Check,1
    CUST-16975,48,144.36,0.03,3,23,Month-to-Month,Bank Transfer,0
    CUST-16976,45,116.86,0.7,1,66,Month-to-Month,Electronic Check,1
    CUST-16977,25,93.73,0.83,1,88,Two-Year,Credit Card,1
    CUST-16978,25,59.72,0.87,4,2,Month-to-Month,Bank Transfer,1
    CUST-16979,19,48.7,0.66,2,114,Month-to-Month,Bank Transfer,1
    CUST-16980,39,113.05,0.77,1,36,One-Year,Bank Transfer,1
    CUST-16981,27,87.83,0.55,2,58,Two-Year,Credit Card,1
    CUST-16982,63,87.68,0.41,1,81,Two-Year,Bank Transfer,1
    CUST-16983,68,29.58,0.64,2,11,One-Year,Bank Transfer,0
    CUST-16984,19,86.59,0.2,2,7,Month-to-Month,Electronic Check,1
    CUST-16985,28,126.96,0.1,2,66,Two-Year,Bank Transfer,0
    CUST-16986,33,143.08,0.69,3,79,Month-to-Month,Electronic Check,1
    CUST-16987,10,33.87,0.86,0,110,One-Year,Credit Card,1
    CUST-16988,30,102.05,0.52,2,31,Month-to-Month,Bank Transfer,1
    CUST-16989,22,93.89,0.43,2,46,One-Year,Credit Card,1
    CUST-16990,3,135.74,0.48,1,70,Month-to-Month,Credit Card,1
    CUST-16991,48,117.66,0.43,2,101,One-Year,Bank Transfer,1
    CUST-16992,2,145.48,0.4,4,110,Month-to-Month,Credit Card,1
    CUST-16993,54,144.8,0.85,0,53,Month-to-Month,Credit Card,1
    CUST-16994,6,49.34,0.43,2,93,One-Year,Bank Transfer,1
    CUST-16995,40,114.3,0.07,2,68,Month-to-Month,Bank Transfer,1
    CUST-16996,2,88.97,0.69,4,46,One-Year,Bank Transfer,1
    CUST-16997,2,47.9,0.35,3,37,Two-Year,Electronic Check,1
    CUST-16998,55,45.33,0.64,0,76,Month-to-Month,Credit Card,1
    CUST-16999,60,30.54,0.52,1,27,Month-to-Month,Credit Card,1
    CUST-17000,6,123.42,0.64,1,25,Two-Year,Electronic Check,1
    CUST-17001,19,62.19,0.06,1,109,Two-Year,Credit Card,1
    CUST-17002,27,131.41,0.03,5,12,Two-Year,Bank Transfer,1
    CUST-17003,1,99.08,0.34,1,60,Two-Year,Bank Transfer,1
    CUST-17004,33,107.57,0.62,5,17,Month-to-Month,Credit Card,1
    CUST-17005,40,57.92,0.2,2,50,Month-to-Month,Credit Card,1
    CUST-17006,32,79.45,0.39,3,76,Month-to-Month,Credit Card,1
    CUST-17007,69,73.6,0.88,3,95,Month-to-Month,Bank Transfer,1
    CUST-17008,17,50.64,0.19,1,119,Month-to-Month,Credit Card,1
    CUST-17009,8,128.23,0.76,0,9,Two-Year,Credit Card,1
    CUST-17010,57,100.87,0.74,4,83,Month-to-Month,Bank Transfer,1
    CUST-17011,42,24.87,0.8,4,118,Month-to-Month,Bank Transfer,1
    CUST-17012,9,126.59,0.82,4,29,One-Year,Bank Transfer,1
    CUST-17013,35,33.78,0.46,2,117,Month-to-Month,Credit Card,1
    CUST-17014,71,72.48,0.61,3,25,Month-to-Month,Credit Card,1
    CUST-17015,53,94.26,0.56,1,15,Month-to-Month,Electronic Check,1
    CUST-17016,54,20.99,0.28,1,9,One-Year,Electronic Check,0
    CUST-17017,25,104.88,0.25,2,13,One-Year,Bank Transfer,0
    CUST-17018,67,105.76,0.31,1,47,Month-to-Month,Bank Transfer,0
    CUST-17019,62,104.83,0.2,2,44,One-Year,Bank Transfer,0
    CUST-17020,55,41.25,0.68,1,106,Month-to-Month,Credit Card,1
    CUST-17021,46,53.25,0.87,2,3,Month-to-Month,Electronic Check,1
    CUST-17022,24,52.16,0.78,1,74,Month-to-Month,Bank Transfer,1
    CUST-17023,46,144.81,0.2,2,18,Month-to-Month,Credit Card,0
    CUST-17024,22,28.78,0.05,1,10,Month-to-Month,Credit Card,0
    CUST-17025,11,75.74,0.68,1,36,One-Year,Credit Card,1
    CUST-17026,48,133.26,0.35,2,92,Month-to-Month,Credit Card,1
    CUST-17027,8,120.03,0.74,1,57,Month-to-Month,Credit Card,1
    CUST-17028,39,126.92,0.7,1,3,Two-Year,Electronic Check,0
    CUST-17029,35,146.4,0.56,5,20,Month-to-Month,Credit Card,1
    CUST-17030,49,70.34,0.23,2,18,One-Year,Bank Transfer,0
    CUST-17031,46,60.26,0.09,3,49,One-Year,Bank Transfer,0
    CUST-17032,38,23.99,0.23,2,37,Month-to-Month,Bank Transfer,1
    CUST-17033,8,39.5,0.46,0,20,Month-to-Month,Bank Transfer,1
    CUST-17034,54,93.06,0.88,2,74,Month-to-Month,Bank Transfer,1
    CUST-17035,37,40.5,0.06,1,98,One-Year,Credit Card,0
    CUST-17036,40,115.72,0.18,0,64,Month-to-Month,Electronic Check,1
    CUST-17037,34,24.84,0.56,0,22,Month-to-Month,Bank Transfer,1
    CUST-17038,17,53.73,0.27,2,21,Two-Year,Electronic Check,0
    CUST-17039,33,110.41,0.77,1,97,Month-to-Month,Credit Card,1
    CUST-17040,47,53.22,0.13,0,80,Two-Year,Electronic Check,0
    CUST-17041,52,114.74,0.87,0,106,One-Year,Credit Card,1
    CUST-17042,9,149.46,0.82,4,35,Month-to-Month,Credit Card,1
    CUST-17043,33,123.62,0.8,3,100,Month-to-Month,Bank Transfer,1
    CUST-17044,60,64.44,0.16,2,1,Two-Year,Bank Transfer,0
    CUST-17045,21,137.08,0.3,1,12,Month-to-Month,Bank Transfer,1
    CUST-17046,58,26.65,0.72,4,13,One-Year,Bank Transfer,1
    CUST-17047,69,114.25,0.73,6,8,Month-to-Month,Electronic Check,1
    CUST-17048,10,23.03,0.63,2,115,Two-Year,Electronic Check,1
    CUST-17049,6,42.69,0.4,1,31,One-Year,Credit Card,1
    CUST-17050,13,148.39,0.28,1,5,Month-to-Month,Electronic Check,1
    CUST-17051,65,66.92,0.87,4,44,Two-Year,Credit Card,1
    CUST-17052,20,126.66,0.13,3,51,Month-to-Month,Credit Card,1
    CUST-17053,57,68.89,0.04,1,100,Month-to-Month,Credit Card,1
    CUST-17054,46,129.2,0.01,2,111,One-Year,Credit Card,0
    CUST-17055,8,145.51,0.7,1,25,Two-Year,Bank Transfer,1
    CUST-17056,10,76.62,0.05,2,45,Month-to-Month,Credit Card,1
    CUST-17057,67,92.72,0.48,0,13,Two-Year,Bank Transfer,0
    CUST-17058,11,101.72,0.33,3,35,Month-to-Month,Credit Card,1
    CUST-17059,12,141.53,0.13,1,32,Month-to-Month,Bank Transfer,0
    CUST-17060,10,53.38,0.67,3,72,Month-to-Month,Bank Transfer,1
    CUST-17061,25,99.46,0.05,2,22,One-Year,Electronic Check,0
    CUST-17062,49,62.21,0.29,3,6,Month-to-Month,Electronic Check,1
    CUST-17063,49,48.2,0.51,4,49,Month-to-Month,Credit Card,1
    CUST-17064,11,31.04,0.36,0,11,Two-Year,Bank Transfer,0
    CUST-17065,62,100.69,0.23,1,71,Month-to-Month,Credit Card,1
    CUST-17066,36,134.67,0.83,1,15,Month-to-Month,Electronic Check,1
    CUST-17067,39,65.68,0.84,2,68,One-Year,Credit Card,1
    CUST-17068,53,91.85,0.37,1,40,Month-to-Month,Electronic Check,1
    CUST-17069,56,103.48,0.35,1,34,Month-to-Month,Bank Transfer,1
    CUST-17070,1,73.9,0.28,2,107,One-Year,Bank Transfer,1
    CUST-17071,56,137.44,0.77,4,104,One-Year,Bank Transfer,1
    CUST-17072,4,67.16,0.51,3,86,Two-Year,Bank Transfer,1
    CUST-17073,30,36.25,0.08,3,30,Month-to-Month,Credit Card,1
    CUST-17074,12,38.72,0.77,1,19,Two-Year,Bank Transfer,1
    CUST-17075,35,135.81,0.48,3,101,One-Year,Electronic Check,1
    CUST-17076,52,148.44,0.37,4,114,One-Year,Credit Card,1
    CUST-17077,31,57.56,0.3,0,62,Month-to-Month,Electronic Check,1
    CUST-17078,68,38.67,0.09,2,62,One-Year,Electronic Check,0
    CUST-17079,52,82.69,0.86,3,38,One-Year,Bank Transfer,1
    CUST-17080,7,112.24,0.67,5,30,One-Year,Credit Card,1
    CUST-17081,22,99.61,0.12,3,32,One-Year,Electronic Check,0
    CUST-17082,56,143.64,0.46,3,83,Month-to-Month,Bank Transfer,1
    CUST-17083,58,126.31,0.5,2,116,One-Year,Bank Transfer,1
    CUST-17084,64,132.97,0.15,0,25,One-Year,Credit Card,0
    CUST-17085,12,90.42,0.38,0,101,Month-to-Month,Credit Card,1
    CUST-17086,7,62.55,0.58,1,109,Month-to-Month,Bank Transfer,1
    CUST-17087,55,111.23,0.26,1,87,Two-Year,Credit Card,0
    CUST-17088,62,77.08,0.3,2,12,Two-Year,Credit Card,0
    CUST-17089,55,57.41,0.11,0,9,Month-to-Month,Bank Transfer,0
    CUST-17090,36,39.8,0.37,1,37,Two-Year,Credit Card,0
    CUST-17091,24,88.62,0.53,2,17,Month-to-Month,Credit Card,1
    CUST-17092,44,97.25,0.1,0,114,Month-to-Month,Bank Transfer,1
    CUST-17093,17,93.94,0.55,2,35,One-Year,Bank Transfer,1
    CUST-17094,2,35.15,0.36,3,115,Two-Year,Electronic Check,1
    CUST-17095,13,94.1,0.61,1,111,One-Year,Bank Transfer,1
    CUST-17096,31,41.89,0.28,4,113,Month-to-Month,Electronic Check,1
    CUST-17097,28,106.28,0.51,3,105,Month-to-Month,Credit Card,1
    CUST-17098,60,75.82,0.55,0,94,One-Year,Bank Transfer,0
    CUST-17099,27,130.34,0.62,1,60,Two-Year,Credit Card,1
    CUST-17100,15,121.17,0.68,0,4,Month-to-Month,Bank Transfer,1
    CUST-17101,33,114.17,0.12,1,41,Month-to-Month,Bank Transfer,0
    CUST-17102,20,111.1,0.87,0,68,Two-Year,Bank Transfer,1
    CUST-17103,42,92.86,0.76,1,88,Month-to-Month,Electronic Check,1
    CUST-17104,12,27.94,0.51,3,3,Month-to-Month,Bank Transfer,1
    CUST-17105,23,105.21,0.8,1,9,Two-Year,Bank Transfer,1
    CUST-17106,14,80.7,0.34,3,11,Month-to-Month,Electronic Check,1
    CUST-17107,25,81.04,0.03,6,96,Month-to-Month,Bank Transfer,1
    CUST-17108,31,69.27,0.65,0,107,Month-to-Month,Electronic Check,1
    CUST-17109,54,140.78,0.85,1,116,Month-to-Month,Credit Card,1
    CUST-17110,5,52.43,0.15,1,61,One-Year,Electronic Check,0
    CUST-17111,13,61.16,0.58,4,104,One-Year,Credit Card,1
    CUST-17112,28,145.2,0.73,0,93,Month-to-Month,Bank Transfer,1
    CUST-17113,43,125.32,0.81,0,98,One-Year,Electronic Check,1
    CUST-17114,47,21.83,0.25,2,112,Month-to-Month,Credit Card,1
    CUST-17115,71,137.79,0.12,0,119,One-Year,Credit Card,0
    CUST-17116,38,49.46,0.22,0,98,Month-to-Month,Electronic Check,1
    CUST-17117,67,111.77,0.52,3,21,Month-to-Month,Bank Transfer,1
    CUST-17118,62,91.9,0.83,3,25,Two-Year,Credit Card,1
    CUST-17119,39,89.79,0.52,2,85,Month-to-Month,Electronic Check,1
    CUST-17120,37,113.33,0.83,4,62,Month-to-Month,Credit Card,1
    CUST-17121,8,46.93,0.69,1,84,Month-to-Month,Credit Card,1
    CUST-17122,52,40.67,0.54,0,24,Month-to-Month,Electronic Check,0
    CUST-17123,33,104.75,0.02,1,69,Month-to-Month,Electronic Check,1
    CUST-17124,42,57.78,0.3,6,41,Month-to-Month,Bank Transfer,1
    CUST-17125,27,146.61,0.05,2,57,Two-Year,Bank Transfer,0
    CUST-17126,8,78.7,0.29,3,66,One-Year,Credit Card,1
    CUST-17127,23,34.51,0.06,4,9,Month-to-Month,Bank Transfer,1
    CUST-17128,64,109.16,0.15,2,107,Month-to-Month,Credit Card,1
    CUST-17129,20,59.8,0.37,2,8,Month-to-Month,Electronic Check,1
    CUST-17130,16,39.32,0.46,2,96,Month-to-Month,Electronic Check,1
    CUST-17131,17,74.97,0.2,1,58,Month-to-Month,Bank Transfer,1
    CUST-17132,19,145.35,0.66,1,71,Two-Year,Credit Card,1
    CUST-17133,8,73.49,0.53,0,38,Month-to-Month,Bank Transfer,1
    CUST-17134,38,65.15,0.62,3,20,Month-to-Month,Credit Card,1
    CUST-17135,38,77.79,0.66,0,47,Month-to-Month,Credit Card,1
    CUST-17136,53,21.58,0.65,0,79,One-Year,Electronic Check,1
    CUST-17137,31,37.3,0.84,2,103,One-Year,Electronic Check,1
    CUST-17138,44,130.46,0.21,0,28,Two-Year,Credit Card,0
    CUST-17139,60,147.14,0.24,2,95,Month-to-Month,Bank Transfer,1
    CUST-17140,17,40.53,0.08,3,60,Month-to-Month,Bank Transfer,1
    CUST-17141,39,89.62,0.53,1,22,Month-to-Month,Bank Transfer,1
    CUST-17142,42,145.62,0.36,2,104,Month-to-Month,Credit Card,1
    CUST-17143,48,40.36,0.45,0,113,Two-Year,Credit Card,1
    CUST-17144,12,44.22,0.15,0,51,Month-to-Month,Credit Card,1
    CUST-17145,18,140.49,0.58,2,24,One-Year,Electronic Check,1
    CUST-17146,6,111.74,0.56,3,98,Month-to-Month,Credit Card,1
    CUST-17147,43,39.76,0.24,0,73,One-Year,Bank Transfer,0
    CUST-17148,35,71.15,0.42,0,61,One-Year,Credit Card,0
    CUST-17149,54,27.32,0.8,2,2,Two-Year,Credit Card,0
    CUST-17150,62,76.25,0.7,1,109,Month-to-Month,Electronic Check,1
    CUST-17151,69,121.13,0.2,1,89,Month-to-Month,Electronic Check,1
    CUST-17152,16,92.02,0.79,2,76,One-Year,Electronic Check,1
    CUST-17153,8,104.17,0.06,2,55,Month-to-Month,Electronic Check,1
    CUST-17154,31,62.49,0.37,0,4,Month-to-Month,Bank Transfer,0
    CUST-17155,10,40.98,0.07,1,115,Two-Year,Credit Card,1
    CUST-17156,56,21.71,0.83,4,104,Month-to-Month,Credit Card,1
    CUST-17157,70,126.77,0.04,5,58,One-Year,Electronic Check,0
    CUST-17158,20,102.77,0.14,0,13,Two-Year,Bank Transfer,0
    CUST-17159,5,49.81,0.82,0,93,Month-to-Month,Bank Transfer,1
    CUST-17160,23,74.4,0.52,4,96,One-Year,Electronic Check,1
    CUST-17161,9,124.19,0.72,0,27,One-Year,Electronic Check,1
    CUST-17162,58,90.03,0.01,2,30,Two-Year,Electronic Check,0
    CUST-17163,59,59.02,0.38,3,110,Month-to-Month,Credit Card,1
    CUST-17164,54,54.73,0.89,2,103,Month-to-Month,Electronic Check,1
    CUST-17165,46,48.29,0.52,1,62,Month-to-Month,Credit Card,1
    CUST-17166,22,127.08,0.76,3,65,Month-to-Month,Electronic Check,1
    CUST-17167,64,95.64,0.87,0,11,Month-to-Month,Electronic Check,1
    CUST-17168,8,112.19,0.62,0,87,Month-to-Month,Bank Transfer,1
    CUST-17169,20,131.82,0.29,2,49,Month-to-Month,Bank Transfer,1
    CUST-17170,51,148.29,0.28,1,17,Two-Year,Credit Card,0
    CUST-17171,39,52.43,0.06,0,15,Month-to-Month,Credit Card,0
    CUST-17172,37,43.52,0.38,0,27,Month-to-Month,Bank Transfer,1
    CUST-17173,50,80.06,0.82,1,117,Month-to-Month,Bank Transfer,1
    CUST-17174,34,24.56,0.43,2,10,Month-to-Month,Credit Card,1
    CUST-17175,33,122.92,0.82,0,80,Two-Year,Bank Transfer,1
    CUST-17176,31,134.89,0.74,2,101,Two-Year,Credit Card,1
    CUST-17177,54,109.19,0.89,1,28,Two-Year,Electronic Check,1
    CUST-17178,44,54.84,0.85,0,2,Month-to-Month,Bank Transfer,1
    CUST-17179,34,36.01,0.64,3,103,Two-Year,Credit Card,1
    CUST-17180,71,69.68,0.78,3,35,Two-Year,Electronic Check,1
    CUST-17181,62,128.33,0.67,0,15,Month-to-Month,Bank Transfer,1
    CUST-17182,23,65.22,0.63,1,59,One-Year,Credit Card,1
    CUST-17183,46,24.45,0.64,3,75,Two-Year,Credit Card,1
    CUST-17184,56,55.66,0.65,2,33,Month-to-Month,Credit Card,1
    CUST-17185,7,148.69,0.34,2,55,One-Year,Credit Card,1
    CUST-17186,61,107.97,0.38,2,80,One-Year,Bank Transfer,1
    CUST-17187,3,137.11,0.26,1,75,Month-to-Month,Electronic Check,1
    CUST-17188,38,120.73,0.13,3,84,Month-to-Month,Credit Card,1
    CUST-17189,34,90.16,0.41,2,52,Month-to-Month,Credit Card,1
    CUST-17190,44,39.33,0.81,3,19,Month-to-Month,Bank Transfer,1
    CUST-17191,30,65.32,0.59,3,39,Month-to-Month,Electronic Check,1
    CUST-17192,17,95.89,0.05,9,114,One-Year,Bank Transfer,1
    CUST-17193,59,133.18,0.73,2,87,One-Year,Bank Transfer,1
    CUST-17194,10,54.93,0.84,2,60,Two-Year,Bank Transfer,1
    CUST-17195,18,35.76,0.75,1,10,Month-to-Month,Bank Transfer,1
    CUST-17196,45,92.65,0.65,1,72,Month-to-Month,Credit Card,1
    CUST-17197,59,42.95,0.14,0,66,Month-to-Month,Credit Card,1
    CUST-17198,62,99.35,0.31,1,56,Month-to-Month,Bank Transfer,0
    CUST-17199,59,54.26,0.51,1,7,Month-to-Month,Electronic Check,1
    CUST-17200,49,50.03,0.07,2,90,Month-to-Month,Electronic Check,1
    CUST-17201,63,71.89,0.1,5,40,One-Year,Bank Transfer,0
    CUST-17202,32,97.11,0.84,2,19,Month-to-Month,Credit Card,1
    CUST-17203,10,90.89,0.63,2,70,One-Year,Credit Card,1
    CUST-17204,11,51.82,0.25,2,97,Two-Year,Electronic Check,1
    CUST-17205,70,135.85,0.29,2,119,Month-to-Month,Electronic Check,1
    CUST-17206,62,34.28,0.35,1,11,One-Year,Bank Transfer,0
    CUST-17207,47,25.13,0.07,2,52,Month-to-Month,Electronic Check,0
    CUST-17208,34,98.35,0.67,1,100,One-Year,Credit Card,1
    CUST-17209,17,36.04,0.16,3,12,One-Year,Electronic Check,0
    CUST-17210,54,85.64,0.72,3,92,Month-to-Month,Electronic Check,1
    CUST-17211,40,143.73,0.76,3,62,One-Year,Credit Card,1
    CUST-17212,19,110.82,0.57,2,73,Month-to-Month,Bank Transfer,1
    CUST-17213,67,100.27,0.69,3,23,Two-Year,Electronic Check,1
    CUST-17214,53,94.72,0.15,0,40,Month-to-Month,Credit Card,0
    CUST-17215,64,43.34,0.52,2,70,Month-to-Month,Bank Transfer,1
    CUST-17216,47,76.24,0.61,5,50,Month-to-Month,Electronic Check,1
    CUST-17217,6,64.53,0.6,1,64,Two-Year,Electronic Check,1
    CUST-17218,16,143.9,0.11,4,19,One-Year,Bank Transfer,1
    CUST-17219,18,51.5,0.31,0,84,Two-Year,Electronic Check,1
    CUST-17220,52,81.3,0.29,2,18,One-Year,Bank Transfer,0
    CUST-17221,48,141.95,0.52,1,27,Month-to-Month,Credit Card,1
    CUST-17222,43,122.59,0.69,2,97,Two-Year,Bank Transfer,1
    CUST-17223,39,145.39,0.51,2,93,Month-to-Month,Bank Transfer,1
    CUST-17224,49,99.08,0.68,3,73,Month-to-Month,Electronic Check,1
    CUST-17225,12,63.39,0.09,3,109,Month-to-Month,Bank Transfer,1
    CUST-17226,10,127.46,0.79,1,44,Month-to-Month,Electronic Check,1
    CUST-17227,71,57.89,0.48,3,58,Month-to-Month,Bank Transfer,1
    CUST-17228,55,41.42,0.03,3,62,Month-to-Month,Credit Card,1
    CUST-17229,1,111.82,0.58,4,50,Month-to-Month,Credit Card,1
    CUST-17230,49,103.06,0.47,1,91,One-Year,Bank Transfer,1
    CUST-17231,36,134.26,0.2,0,53,Month-to-Month,Bank Transfer,0
    CUST-17232,21,145.05,0.69,2,103,One-Year,Electronic Check,1
    CUST-17233,37,131.44,0.84,1,61,Month-to-Month,Credit Card,1
    CUST-17234,24,27.8,0.29,4,75,Two-Year,Electronic Check,1
    CUST-17235,55,106.39,0.44,2,50,Month-to-Month,Electronic Check,1
    CUST-17236,25,122.02,0.12,2,54,Two-Year,Electronic Check,0
    CUST-17237,7,147.65,0.84,4,42,Month-to-Month,Credit Card,1
    CUST-17238,71,68.71,0.29,1,59,One-Year,Bank Transfer,0
    CUST-17239,71,42.08,0.18,2,8,Month-to-Month,Credit Card,0
    CUST-17240,24,130.88,0.43,2,14,Month-to-Month,Electronic Check,1
    CUST-17241,11,61.27,0.04,4,110,Two-Year,Electronic Check,1
    CUST-17242,12,97.77,0.23,1,13,Month-to-Month,Electronic Check,1
    CUST-17243,35,70.69,0.06,0,71,Month-to-Month,Electronic Check,0
    CUST-17244,63,72.3,0.11,2,79,Two-Year,Bank Transfer,0
    CUST-17245,68,115.22,0.1,1,102,Month-to-Month,Electronic Check,0
    CUST-17246,57,66.99,0.79,1,44,Month-to-Month,Bank Transfer,1
    CUST-17247,13,110.1,0.84,4,43,One-Year,Bank Transfer,1
    CUST-17248,23,21.86,0.43,1,18,One-Year,Electronic Check,0
    CUST-17249,39,62.2,0.57,1,36,One-Year,Electronic Check,1
    CUST-17250,12,61.48,0.63,1,31,Two-Year,Bank Transfer,1
    CUST-17251,34,117.35,0.35,0,4,Month-to-Month,Bank Transfer,0
    CUST-17252,71,60.89,0.33,2,77,One-Year,Electronic Check,1
    CUST-17253,31,102.33,0.61,4,39,Month-to-Month,Credit Card,1
    CUST-17254,62,109.51,0.34,3,94,One-Year,Electronic Check,0
    CUST-17255,13,105.6,0.52,4,55,Month-to-Month,Credit Card,1
    CUST-17256,31,98.43,0.46,0,19,Month-to-Month,Bank Transfer,1
    CUST-17257,2,73.77,0.47,4,68,Month-to-Month,Credit Card,1
    CUST-17258,15,68.53,0.75,2,65,One-Year,Electronic Check,1
    CUST-17259,57,93.4,0.63,3,40,Month-to-Month,Bank Transfer,1
    CUST-17260,34,28.28,0.86,1,96,Two-Year,Bank Transfer,1
    CUST-17261,68,133.86,0.71,5,76,One-Year,Bank Transfer,1
    CUST-17262,29,127.29,0.13,2,76,Month-to-Month,Credit Card,1
    CUST-17263,66,65.03,0.66,1,84,Two-Year,Credit Card,1
    CUST-17264,16,93.69,0.6,3,75,Month-to-Month,Bank Transfer,1
    CUST-17265,39,141.19,0.58,3,117,One-Year,Credit Card,1
    CUST-17266,37,55.31,0.43,2,117,Month-to-Month,Electronic Check,1
    CUST-17267,21,116.52,0.06,2,113,One-Year,Credit Card,0
    CUST-17268,44,30.76,0.86,2,30,Month-to-Month,Bank Transfer,1
    CUST-17269,19,88.04,0.77,1,113,One-Year,Electronic Check,1
    CUST-17270,71,134.92,0.44,1,119,Two-Year,Bank Transfer,1
    CUST-17271,8,91.72,0.14,3,108,Month-to-Month,Bank Transfer,1
    CUST-17272,66,100.11,0.74,4,95,Two-Year,Electronic Check,1
    CUST-17273,41,137.99,0.39,1,28,Month-to-Month,Bank Transfer,1
    CUST-17274,70,113.0,0.35,3,108,One-Year,Electronic Check,1
    CUST-17275,61,110.46,0.6,2,49,Month-to-Month,Credit Card,1
    CUST-17276,26,96.23,0.68,1,93,Month-to-Month,Electronic Check,1
    CUST-17277,71,102.29,0.06,3,41,Two-Year,Credit Card,0
    CUST-17278,70,124.48,0.69,3,86,Two-Year,Electronic Check,1
    CUST-17279,29,147.3,0.66,3,109,Month-to-Month,Electronic Check,1
    CUST-17280,66,123.39,0.53,2,49,Month-to-Month,Bank Transfer,1
    CUST-17281,19,111.98,0.3,0,29,Month-to-Month,Credit Card,1
    CUST-17282,68,37.62,0.15,2,1,Month-to-Month,Electronic Check,0
    CUST-17283,58,126.22,0.09,2,85,Month-to-Month,Electronic Check,1
    CUST-17284,70,115.68,0.0,3,31,Month-to-Month,Bank Transfer,0
    CUST-17285,57,120.16,0.19,2,27,One-Year,Bank Transfer,0
    CUST-17286,37,50.04,0.37,3,35,One-Year,Credit Card,0
    CUST-17287,61,137.45,0.22,5,8,One-Year,Bank Transfer,0
    CUST-17288,30,32.65,0.28,3,40,Month-to-Month,Electronic Check,1
    CUST-17289,71,52.97,0.35,2,58,One-Year,Electronic Check,0
    CUST-17290,25,106.19,0.28,0,72,Month-to-Month,Electronic Check,1
    CUST-17291,65,107.58,0.65,3,6,Month-to-Month,Bank Transfer,1
    CUST-17292,6,60.73,0.44,2,15,Month-to-Month,Credit Card,1
    CUST-17293,18,111.2,0.02,4,21,One-Year,Electronic Check,0
    CUST-17294,10,70.43,0.2,2,37,Month-to-Month,Bank Transfer,1
    CUST-17295,11,20.02,0.64,3,70,Month-to-Month,Electronic Check,1
    CUST-17296,65,41.14,0.27,3,54,Month-to-Month,Bank Transfer,0
    CUST-17297,65,134.74,0.83,3,29,Month-to-Month,Credit Card,1
    CUST-17298,52,48.95,0.64,4,58,Two-Year,Bank Transfer,1
    CUST-17299,67,34.68,0.26,0,89,Month-to-Month,Credit Card,0
    CUST-17300,31,108.69,0.46,2,87,One-Year,Credit Card,1
    CUST-17301,17,77.29,0.6,4,102,Two-Year,Bank Transfer,1
    CUST-17302,55,123.56,0.17,2,91,Month-to-Month,Credit Card,1
    CUST-17303,36,131.99,0.22,2,106,Two-Year,Bank Transfer,0
    CUST-17304,26,129.98,0.46,2,87,Month-to-Month,Electronic Check,1
    CUST-17305,53,60.69,0.83,2,19,Two-Year,Credit Card,1
    CUST-17306,17,85.72,0.31,3,92,Month-to-Month,Electronic Check,1
    CUST-17307,25,104.52,0.36,3,34,Month-to-Month,Electronic Check,1
    CUST-17308,2,61.86,0.17,2,58,Month-to-Month,Credit Card,1
    CUST-17309,5,25.34,0.53,3,71,One-Year,Bank Transfer,1
    CUST-17310,4,84.44,0.67,3,115,Month-to-Month,Bank Transfer,1
    CUST-17311,36,21.67,0.4,1,13,One-Year,Bank Transfer,0
    CUST-17312,6,143.58,0.68,2,4,Month-to-Month,Bank Transfer,1
    CUST-17313,21,123.57,0.27,1,11,Month-to-Month,Electronic Check,1
    CUST-17314,26,44.96,0.64,2,50,Month-to-Month,Bank Transfer,1
    CUST-17315,55,57.38,0.23,3,21,One-Year,Credit Card,0
    CUST-17316,39,147.77,0.7,3,60,Two-Year,Electronic Check,1
    CUST-17317,33,68.56,0.75,0,21,Two-Year,Bank Transfer,0
    CUST-17318,14,121.88,0.72,7,43,Month-to-Month,Electronic Check,1
    CUST-17319,56,78.09,0.19,0,45,Month-to-Month,Credit Card,0
    CUST-17320,21,132.33,0.62,3,42,One-Year,Credit Card,1
    CUST-17321,46,111.49,0.48,2,26,One-Year,Bank Transfer,0
    CUST-17322,16,22.98,0.89,3,31,Month-to-Month,Credit Card,1
    CUST-17323,16,58.27,0.33,2,49,Two-Year,Electronic Check,1
    CUST-17324,29,92.54,0.69,0,68,Month-to-Month,Credit Card,1
    CUST-17325,8,140.4,0.33,3,3,One-Year,Bank Transfer,1
    CUST-17326,3,33.26,0.36,3,39,Month-to-Month,Electronic Check,1
    CUST-17327,19,98.15,0.1,1,48,Month-to-Month,Bank Transfer,1
    CUST-17328,66,59.28,0.22,6,21,Month-to-Month,Electronic Check,1
    CUST-17329,22,135.61,0.15,2,102,Two-Year,Bank Transfer,1
    CUST-17330,46,119.47,0.14,1,18,Month-to-Month,Credit Card,0
    CUST-17331,13,68.06,0.01,1,97,Two-Year,Credit Card,0
    CUST-17332,33,41.72,0.71,1,115,Month-to-Month,Bank Transfer,1
    CUST-17333,5,21.49,0.42,3,106,One-Year,Bank Transfer,1
    CUST-17334,27,100.75,0.72,1,35,One-Year,Bank Transfer,1
    CUST-17335,24,72.8,0.55,2,32,Two-Year,Bank Transfer,1
    CUST-17336,67,60.92,0.75,3,55,One-Year,Bank Transfer,1
    CUST-17337,63,148.12,0.45,1,11,One-Year,Credit Card,0
    CUST-17338,48,80.6,0.08,1,103,One-Year,Bank Transfer,0
    CUST-17339,63,117.48,0.56,3,58,Two-Year,Electronic Check,1
    CUST-17340,12,43.06,0.61,1,95,Month-to-Month,Electronic Check,1
    CUST-17341,28,21.75,0.56,2,94,Month-to-Month,Credit Card,1
    CUST-17342,44,74.28,0.72,1,38,One-Year,Bank Transfer,0
    CUST-17343,43,106.54,0.66,5,46,Month-to-Month,Credit Card,1
    CUST-17344,17,85.86,0.39,1,20,One-Year,Credit Card,0
    CUST-17345,40,135.76,0.74,3,104,Month-to-Month,Bank Transfer,1
    CUST-17346,49,76.42,0.62,2,26,Month-to-Month,Electronic Check,1
    CUST-17347,57,60.43,0.11,2,11,One-Year,Electronic Check,0
    CUST-17348,64,139.09,0.49,1,66,Month-to-Month,Bank Transfer,1
    CUST-17349,57,72.88,0.66,3,103,Month-to-Month,Bank Transfer,1
    CUST-17350,70,55.05,0.5,1,81,Month-to-Month,Bank Transfer,1
    CUST-17351,43,32.7,0.85,3,88,Month-to-Month,Bank Transfer,1
    CUST-17352,23,123.13,0.09,4,94,Two-Year,Bank Transfer,1
    CUST-17353,27,127.26,0.65,1,37,One-Year,Electronic Check,1
    CUST-17354,58,24.33,0.74,3,6,Two-Year,Credit Card,0
    CUST-17355,37,66.62,0.63,0,54,One-Year,Credit Card,1
    CUST-17356,6,117.48,0.35,1,113,Two-Year,Electronic Check,1
    CUST-17357,65,143.03,0.35,0,87,Month-to-Month,Bank Transfer,1
    CUST-17358,6,69.12,0.53,0,47,Month-to-Month,Bank Transfer,1
    CUST-17359,50,133.37,0.36,1,99,Month-to-Month,Credit Card,1
    CUST-17360,22,71.18,0.79,4,114,One-Year,Bank Transfer,1
    CUST-17361,25,43.33,0.1,2,47,Month-to-Month,Credit Card,1
    CUST-17362,51,20.45,0.58,2,119,Month-to-Month,Electronic Check,1
    CUST-17363,48,62.92,0.12,2,26,Month-to-Month,Electronic Check,0
    CUST-17364,70,69.2,0.49,4,25,Month-to-Month,Credit Card,1
    CUST-17365,65,142.87,0.64,4,36,Month-to-Month,Bank Transfer,1
    CUST-17366,60,46.79,0.15,2,119,Two-Year,Credit Card,0
    CUST-17367,46,69.69,0.63,5,21,Month-to-Month,Credit Card,1
    CUST-17368,36,23.27,0.13,3,106,Month-to-Month,Electronic Check,1
    CUST-17369,58,119.26,0.56,1,58,Month-to-Month,Credit Card,1
    CUST-17370,38,138.97,0.45,2,43,Month-to-Month,Electronic Check,1
    CUST-17371,11,50.92,0.27,4,23,One-Year,Electronic Check,1
    CUST-17372,12,75.77,0.1,2,65,Month-to-Month,Electronic Check,1
    CUST-17373,42,35.87,0.66,5,59,Month-to-Month,Credit Card,1
    CUST-17374,39,79.39,0.34,0,61,One-Year,Credit Card,0
    CUST-17375,71,37.33,0.08,1,74,Month-to-Month,Bank Transfer,0
    CUST-17376,11,88.04,0.7,3,89,Month-to-Month,Bank Transfer,1
    CUST-17377,36,115.5,0.21,2,86,Month-to-Month,Electronic Check,1
    CUST-17378,52,91.93,0.66,0,111,Month-to-Month,Bank Transfer,1
    CUST-17379,31,51.88,0.51,0,72,Month-to-Month,Bank Transfer,1
    CUST-17380,33,65.99,0.18,0,105,Month-to-Month,Electronic Check,1
    CUST-17381,13,103.01,0.07,3,64,Month-to-Month,Electronic Check,1
    CUST-17382,18,96.67,0.53,1,33,Month-to-Month,Credit Card,1
    CUST-17383,41,37.78,0.02,3,117,Month-to-Month,Electronic Check,1
    CUST-17384,58,129.84,0.06,0,76,Month-to-Month,Bank Transfer,0
    CUST-17385,56,81.77,0.63,0,48,Month-to-Month,Bank Transfer,1
    CUST-17386,24,41.11,0.48,3,39,Month-to-Month,Bank Transfer,1
    CUST-17387,31,35.97,0.29,1,12,Two-Year,Credit Card,0
    CUST-17388,55,145.52,0.49,4,76,Month-to-Month,Bank Transfer,1
    CUST-17389,10,56.6,0.53,2,11,One-Year,Credit Card,1
    CUST-17390,60,138.12,0.51,1,48,Month-to-Month,Bank Transfer,1
    CUST-17391,2,73.38,0.58,1,8,Month-to-Month,Credit Card,1
    CUST-17392,15,70.17,0.85,1,51,One-Year,Bank Transfer,1
    CUST-17393,3,111.12,0.35,2,8,Month-to-Month,Credit Card,1
    CUST-17394,43,21.28,0.27,1,101,Month-to-Month,Bank Transfer,1
    CUST-17395,31,63.95,0.03,0,113,Two-Year,Electronic Check,0
    CUST-17396,70,59.34,0.13,2,80,Two-Year,Electronic Check,0
    CUST-17397,67,132.85,0.1,1,100,Month-to-Month,Credit Card,1
    CUST-17398,56,88.79,0.3,2,82,Two-Year,Credit Card,0
    CUST-17399,63,67.39,0.55,2,108,One-Year,Bank Transfer,0
    CUST-17400,15,54.59,0.04,0,85,Month-to-Month,Credit Card,1
    CUST-17401,10,96.77,0.65,2,68,One-Year,Credit Card,1
    CUST-17402,38,39.72,0.36,1,114,One-Year,Credit Card,1
    CUST-17403,47,52.01,0.87,3,71,Month-to-Month,Bank Transfer,1
    CUST-17404,57,58.17,0.51,3,98,Two-Year,Bank Transfer,1
    CUST-17405,50,99.03,0.69,3,98,Month-to-Month,Electronic Check,1
    CUST-17406,71,68.52,0.78,2,109,Month-to-Month,Electronic Check,1
    CUST-17407,15,85.75,0.8,5,36,One-Year,Bank Transfer,1
    CUST-17408,18,104.56,0.47,2,101,One-Year,Electronic Check,1
    CUST-17409,2,144.32,0.36,3,30,One-Year,Electronic Check,1
    CUST-17410,43,119.43,0.5,1,90,Month-to-Month,Credit Card,1
    CUST-17411,26,72.68,0.36,2,12,One-Year,Electronic Check,0
    CUST-17412,71,117.28,0.22,4,75,Month-to-Month,Bank Transfer,1
    CUST-17413,38,143.46,0.29,1,29,One-Year,Bank Transfer,0
    CUST-17414,42,84.92,0.21,2,3,One-Year,Credit Card,0
    CUST-17415,5,73.36,0.24,4,62,One-Year,Electronic Check,1
    CUST-17416,11,30.14,0.08,3,11,Month-to-Month,Electronic Check,1
    CUST-17417,65,136.01,0.38,2,73,One-Year,Bank Transfer,0
    CUST-17418,34,52.04,0.21,1,90,Month-to-Month,Electronic Check,1
    CUST-17419,1,28.31,0.4,1,118,Two-Year,Credit Card,1
    CUST-17420,2,89.84,0.71,0,59,Month-to-Month,Credit Card,1
    CUST-17421,20,129.97,0.4,2,72,Month-to-Month,Electronic Check,1
    CUST-17422,61,72.86,0.86,3,85,Month-to-Month,Credit Card,1
    CUST-17423,21,121.8,0.13,3,72,One-Year,Electronic Check,1
    CUST-17424,68,128.73,0.77,2,42,Month-to-Month,Credit Card,1
    CUST-17425,12,79.07,0.22,1,6,Month-to-Month,Electronic Check,1
    CUST-17426,22,96.82,0.84,4,55,One-Year,Bank Transfer,1
    CUST-17427,20,89.41,0.2,2,82,Month-to-Month,Credit Card,1
    CUST-17428,1,142.1,0.67,0,6,Month-to-Month,Credit Card,1
    CUST-17429,30,114.32,0.06,2,21,One-Year,Credit Card,0
    CUST-17430,24,140.29,0.57,3,44,Month-to-Month,Electronic Check,1
    CUST-17431,14,48.6,0.2,2,112,One-Year,Bank Transfer,1
    CUST-17432,36,60.33,0.6,3,117,Month-to-Month,Electronic Check,1
    CUST-17433,69,29.22,0.57,2,48,Month-to-Month,Electronic Check,1
    CUST-17434,24,84.99,0.83,1,87,Month-to-Month,Electronic Check,1
    CUST-17435,60,133.61,0.56,2,36,Month-to-Month,Credit Card,1
    CUST-17436,55,62.49,0.37,0,82,One-Year,Electronic Check,0
    CUST-17437,24,36.68,0.17,3,91,One-Year,Credit Card,1
    CUST-17438,24,28.9,0.59,0,45,Month-to-Month,Electronic Check,1
    CUST-17439,54,78.18,0.1,3,3,Month-to-Month,Credit Card,0
    CUST-17440,26,41.32,0.75,3,59,Two-Year,Bank Transfer,1
    CUST-17441,66,64.99,0.22,4,12,One-Year,Credit Card,0
    CUST-17442,38,126.6,0.47,0,84,One-Year,Credit Card,0
    CUST-17443,65,69.93,0.54,0,19,Month-to-Month,Bank Transfer,0
    CUST-17444,51,99.28,0.33,2,23,One-Year,Electronic Check,0
    CUST-17445,35,85.28,0.6,3,5,Month-to-Month,Credit Card,1
    CUST-17446,43,113.41,0.23,2,51,Month-to-Month,Credit Card,1
    CUST-17447,29,40.3,0.03,2,19,Two-Year,Credit Card,0
    CUST-17448,37,139.66,0.86,1,12,Month-to-Month,Bank Transfer,1
    CUST-17449,58,103.67,0.29,2,92,Month-to-Month,Credit Card,1
    CUST-17450,54,55.22,0.64,0,57,Month-to-Month,Credit Card,1
    CUST-17451,39,36.02,0.46,1,37,Month-to-Month,Bank Transfer,1
    CUST-17452,42,39.46,0.6,2,34,Month-to-Month,Electronic Check,1
    CUST-17453,28,121.75,0.1,4,80,Month-to-Month,Bank Transfer,1
    CUST-17454,29,96.45,0.47,1,63,One-Year,Electronic Check,1
    CUST-17455,43,69.5,0.35,1,117,One-Year,Bank Transfer,1
    CUST-17456,3,63.28,0.41,2,4,One-Year,Credit Card,1
    CUST-17457,10,131.25,0.87,3,54,Month-to-Month,Bank Transfer,1
    CUST-17458,59,133.72,0.12,2,111,Month-to-Month,Electronic Check,1
    CUST-17459,14,95.56,0.68,1,106,One-Year,Electronic Check,1
    CUST-17460,47,88.19,0.3,3,54,Month-to-Month,Electronic Check,1
    CUST-17461,42,126.14,0.26,3,6,Two-Year,Credit Card,0
    CUST-17462,32,117.41,0.24,1,7,Month-to-Month,Bank Transfer,1
    CUST-17463,32,72.04,0.31,3,34,Two-Year,Credit Card,1
    CUST-17464,42,30.76,0.32,2,68,One-Year,Credit Card,1
    CUST-17465,32,119.91,0.24,3,15,Month-to-Month,Electronic Check,1
    CUST-17466,26,41.93,0.6,2,13,Month-to-Month,Electronic Check,1
    CUST-17467,1,22.13,0.04,0,73,Two-Year,Bank Transfer,0
    CUST-17468,56,129.63,0.3,5,37,Month-to-Month,Electronic Check,1
    CUST-17469,2,95.17,0.25,0,81,Month-to-Month,Electronic Check,1
    CUST-17470,30,135.92,0.68,4,38,Two-Year,Credit Card,1
    CUST-17471,71,83.0,0.13,4,78,Two-Year,Bank Transfer,0
    CUST-17472,52,140.44,0.85,4,101,Month-to-Month,Electronic Check,1
    CUST-17473,9,66.02,0.15,4,31,Month-to-Month,Electronic Check,1
    CUST-17474,22,114.19,0.33,0,66,Month-to-Month,Credit Card,1
    CUST-17475,34,59.13,0.18,2,110,Month-to-Month,Electronic Check,1
    CUST-17476,49,20.15,0.26,1,83,One-Year,Electronic Check,0
    CUST-17477,1,69.37,0.68,0,83,Month-to-Month,Bank Transfer,1
    CUST-17478,53,115.91,0.43,0,60,Month-to-Month,Credit Card,1
    CUST-17479,40,39.5,0.15,2,119,Month-to-Month,Credit Card,1
    CUST-17480,45,85.62,0.04,3,13,Month-to-Month,Electronic Check,0
    CUST-17481,68,47.6,0.21,2,21,Two-Year,Credit Card,0
    CUST-17482,9,29.7,0.85,1,95,One-Year,Credit Card,1
    CUST-17483,22,100.27,0.76,1,44,Two-Year,Bank Transfer,1
    CUST-17484,18,143.76,0.4,3,28,Two-Year,Credit Card,1
    CUST-17485,43,60.39,0.43,1,57,Month-to-Month,Bank Transfer,1
    CUST-17486,39,95.48,0.81,3,1,Month-to-Month,Bank Transfer,1
    CUST-17487,6,143.97,0.53,2,99,Two-Year,Electronic Check,1
    CUST-17488,48,104.56,0.79,1,10,Two-Year,Credit Card,0
    CUST-17489,7,107.5,0.44,3,8,One-Year,Electronic Check,1
    CUST-17490,69,43.26,0.18,3,77,One-Year,Credit Card,0
    CUST-17491,16,84.04,0.65,4,63,Month-to-Month,Credit Card,1
    CUST-17492,1,67.72,0.47,5,83,Two-Year,Credit Card,1
    CUST-17493,37,81.22,0.6,2,67,Two-Year,Bank Transfer,1
    CUST-17494,37,124.11,0.14,3,67,Month-to-Month,Credit Card,1
    CUST-17495,64,79.89,0.58,1,27,Month-to-Month,Credit Card,0
    CUST-17496,62,28.17,0.34,2,18,Month-to-Month,Bank Transfer,0
    CUST-17497,61,137.72,0.3,1,35,One-Year,Electronic Check,0
    CUST-17498,33,90.83,0.6,1,44,Month-to-Month,Electronic Check,1
    CUST-17499,66,140.18,0.53,1,98,Month-to-Month,Bank Transfer,1
    CUST-17500,30,94.41,0.58,4,94,Month-to-Month,Credit Card,1
    CUST-17501,20,29.05,0.87,6,8,Month-to-Month,Electronic Check,1
    CUST-17502,60,91.87,0.63,0,85,One-Year,Bank Transfer,1
    CUST-17503,24,94.85,0.58,2,46,Month-to-Month,Bank Transfer,1
    CUST-17504,4,47.86,0.55,3,83,Two-Year,Credit Card,1
    CUST-17505,37,81.23,0.36,2,43,Month-to-Month,Electronic Check,1
    CUST-17506,4,79.73,0.76,4,112,One-Year,Bank Transfer,1
    CUST-17507,18,100.97,0.34,4,46,Two-Year,Credit Card,1
    CUST-17508,66,53.75,0.63,1,40,One-Year,Bank Transfer,0
    CUST-17509,48,95.63,0.26,0,94,Two-Year,Bank Transfer,0
    CUST-17510,33,51.32,0.13,2,56,Month-to-Month,Bank Transfer,1
    CUST-17511,58,78.04,0.12,4,27,Two-Year,Electronic Check,0
    CUST-17512,28,35.95,0.57,1,20,Month-to-Month,Electronic Check,1
    CUST-17513,35,24.85,0.3,2,78,Two-Year,Electronic Check,1
    CUST-17514,10,61.68,0.25,5,57,Month-to-Month,Electronic Check,1
    CUST-17515,65,55.69,0.53,3,12,Month-to-Month,Credit Card,1
    CUST-17516,42,72.9,0.02,2,113,One-Year,Bank Transfer,0
    CUST-17517,9,145.06,0.22,1,23,One-Year,Bank Transfer,0
    CUST-17518,60,87.89,0.31,1,12,Month-to-Month,Bank Transfer,1
    CUST-17519,15,91.91,0.64,4,117,Two-Year,Bank Transfer,1
    CUST-17520,57,142.41,0.49,2,108,Month-to-Month,Electronic Check,1
    CUST-17521,69,139.75,0.77,3,44,Month-to-Month,Electronic Check,1
    CUST-17522,22,134.93,0.3,0,39,Two-Year,Bank Transfer,0
    CUST-17523,64,32.74,0.27,0,42,Month-to-Month,Electronic Check,1
    CUST-17524,41,102.46,0.03,0,94,Month-to-Month,Electronic Check,0
    CUST-17525,71,125.05,0.86,2,48,Two-Year,Electronic Check,1
    CUST-17526,56,128.62,0.45,1,91,One-Year,Electronic Check,0
    CUST-17527,23,95.13,0.45,0,88,Month-to-Month,Bank Transfer,1
    CUST-17528,25,22.27,0.83,4,67,Month-to-Month,Credit Card,1
    CUST-17529,6,146.58,0.26,2,94,One-Year,Bank Transfer,1
    CUST-17530,34,81.39,0.3,2,35,Two-Year,Credit Card,0
    CUST-17531,63,71.17,0.59,0,97,One-Year,Bank Transfer,1
    CUST-17532,9,71.34,0.71,5,37,One-Year,Credit Card,1
    CUST-17533,60,75.14,0.63,3,40,Month-to-Month,Electronic Check,1
    CUST-17534,49,51.48,0.71,3,113,Month-to-Month,Electronic Check,1
    CUST-17535,51,62.55,0.52,2,16,One-Year,Bank Transfer,1
    CUST-17536,60,148.1,0.78,1,48,One-Year,Credit Card,1
    CUST-17537,70,67.86,0.5,3,18,Month-to-Month,Credit Card,1
    CUST-17538,37,88.47,0.21,3,18,Two-Year,Bank Transfer,0
    CUST-17539,31,130.28,0.49,3,14,Month-to-Month,Electronic Check,1
    CUST-17540,41,88.57,0.64,3,96,Month-to-Month,Electronic Check,1
    CUST-17541,62,62.18,0.59,2,76,Month-to-Month,Credit Card,1
    CUST-17542,58,88.09,0.22,3,42,One-Year,Credit Card,0
    CUST-17543,14,34.83,0.04,1,2,Month-to-Month,Credit Card,1
    CUST-17544,36,36.9,0.23,0,53,Two-Year,Electronic Check,0
    CUST-17545,36,110.23,0.89,5,90,Two-Year,Bank Transfer,1
    CUST-17546,8,139.27,0.17,1,87,Month-to-Month,Credit Card,1
    CUST-17547,26,114.34,0.42,2,60,Month-to-Month,Credit Card,1
    CUST-17548,36,29.7,0.57,4,35,Month-to-Month,Bank Transfer,1
    CUST-17549,48,72.38,0.79,1,64,Month-to-Month,Electronic Check,1
    CUST-17550,28,20.33,0.68,0,33,Month-to-Month,Credit Card,1
    CUST-17551,68,86.46,0.82,1,41,Two-Year,Electronic Check,0
    CUST-17552,62,45.12,0.54,2,63,Month-to-Month,Credit Card,1
    CUST-17553,51,132.86,0.78,0,89,Two-Year,Bank Transfer,1
    CUST-17554,42,33.56,0.24,2,4,Two-Year,Bank Transfer,0
    CUST-17555,29,20.19,0.39,5,21,One-Year,Credit Card,1
    CUST-17556,10,78.65,0.76,3,112,Month-to-Month,Bank Transfer,1
    CUST-17557,39,40.21,0.29,2,4,One-Year,Bank Transfer,0
    CUST-17558,1,115.94,0.78,7,95,Month-to-Month,Credit Card,1
    CUST-17559,39,139.59,0.33,0,56,One-Year,Credit Card,0
    CUST-17560,21,25.45,0.33,2,113,Month-to-Month,Electronic Check,1
    CUST-17561,65,71.43,0.28,1,79,Month-to-Month,Electronic Check,0
    CUST-17562,15,149.59,0.49,2,4,Month-to-Month,Electronic Check,1
    CUST-17563,4,115.25,0.12,0,4,Month-to-Month,Electronic Check,0
    CUST-17564,60,143.91,0.03,2,108,One-Year,Bank Transfer,0
    CUST-17565,61,41.33,0.81,1,3,One-Year,Electronic Check,0
    CUST-17566,20,48.78,0.84,1,116,Month-to-Month,Credit Card,1
    CUST-17567,10,40.13,0.07,2,55,Month-to-Month,Credit Card,1
    CUST-17568,34,59.31,0.49,0,69,Two-Year,Electronic Check,1
    CUST-17569,48,114.17,0.49,0,83,One-Year,Credit Card,1
    CUST-17570,33,41.44,0.34,2,102,One-Year,Electronic Check,1
    CUST-17571,61,88.15,0.51,0,32,One-Year,Credit Card,0
    CUST-17572,10,55.0,0.41,2,58,Month-to-Month,Credit Card,1
    CUST-17573,54,127.8,0.44,2,73,Month-to-Month,Bank Transfer,1
    CUST-17574,65,20.86,0.68,3,67,Month-to-Month,Bank Transfer,1
    CUST-17575,1,49.0,0.47,4,34,Two-Year,Electronic Check,1
    CUST-17576,5,98.68,0.29,4,63,Month-to-Month,Bank Transfer,1
    CUST-17577,15,32.57,0.52,2,89,Two-Year,Bank Transfer,1
    CUST-17578,28,80.62,0.58,0,117,Month-to-Month,Bank Transfer,1
    CUST-17579,23,76.71,0.6,0,10,One-Year,Electronic Check,1
    CUST-17580,17,130.83,0.56,1,32,Month-to-Month,Electronic Check,1
    CUST-17581,13,101.3,0.6,5,5,Month-to-Month,Credit Card,1
    CUST-17582,14,103.16,0.28,3,29,Month-to-Month,Bank Transfer,1
    CUST-17583,11,143.73,0.4,3,7,One-Year,Credit Card,1
    CUST-17584,28,147.71,0.6,3,15,Month-to-Month,Credit Card,1
    CUST-17585,42,104.94,0.68,1,2,Month-to-Month,Credit Card,1
    CUST-17586,61,87.86,0.39,3,10,Month-to-Month,Electronic Check,1
    CUST-17587,64,99.03,0.33,2,11,Month-to-Month,Electronic Check,0
    CUST-17588,31,69.72,0.64,1,53,Month-to-Month,Bank Transfer,1
    CUST-17589,10,148.37,0.2,2,56,One-Year,Credit Card,0
    CUST-17590,8,111.65,0.01,0,40,Month-to-Month,Credit Card,1
    CUST-17591,21,57.83,0.42,3,58,Month-to-Month,Electronic Check,1
    CUST-17592,59,27.51,0.16,0,119,Month-to-Month,Bank Transfer,1
    CUST-17593,50,25.81,0.34,1,85,Month-to-Month,Credit Card,1
    CUST-17594,69,46.64,0.26,0,76,One-Year,Bank Transfer,0
    CUST-17595,70,50.28,0.7,4,68,Month-to-Month,Bank Transfer,1
    CUST-17596,30,73.96,0.3,1,92,Two-Year,Credit Card,1
    CUST-17597,17,47.93,0.58,0,93,One-Year,Electronic Check,1
    CUST-17598,20,102.02,0.61,0,77,Month-to-Month,Electronic Check,1
    CUST-17599,48,47.46,0.41,2,114,Two-Year,Electronic Check,1
    CUST-17600,2,44.42,0.07,1,82,Two-Year,Bank Transfer,0
    CUST-17601,37,81.26,0.63,2,27,Month-to-Month,Electronic Check,1
    CUST-17602,1,135.53,0.07,1,3,Month-to-Month,Electronic Check,1
    CUST-17603,4,80.88,0.09,2,99,Month-to-Month,Credit Card,1
    CUST-17604,54,73.8,0.18,3,39,Month-to-Month,Bank Transfer,1
    CUST-17605,25,95.15,0.25,3,22,One-Year,Bank Transfer,0
    CUST-17606,3,53.44,0.76,4,81,Month-to-Month,Bank Transfer,1
    CUST-17607,9,65.95,0.61,2,92,Two-Year,Bank Transfer,1
    CUST-17608,34,47.8,0.35,4,61,Month-to-Month,Bank Transfer,1
    CUST-17609,43,94.34,0.88,3,38,One-Year,Electronic Check,1
    CUST-17610,22,110.66,0.22,1,16,Month-to-Month,Credit Card,1
    CUST-17611,70,107.58,0.55,3,69,One-Year,Bank Transfer,0
    CUST-17612,2,53.13,0.76,1,86,One-Year,Electronic Check,1
    CUST-17613,66,121.35,0.72,4,17,One-Year,Electronic Check,0
    CUST-17614,32,53.27,0.08,3,61,One-Year,Credit Card,1
    CUST-17615,16,39.54,0.63,1,75,Month-to-Month,Electronic Check,1
    CUST-17616,1,65.48,0.23,1,86,Month-to-Month,Bank Transfer,1
    CUST-17617,48,97.71,0.32,2,44,Month-to-Month,Electronic Check,1
    CUST-17618,50,38.46,0.44,1,44,One-Year,Bank Transfer,0
    CUST-17619,13,104.25,0.71,2,100,Month-to-Month,Credit Card,1
    CUST-17620,15,132.2,0.15,0,41,Month-to-Month,Credit Card,1
    CUST-17621,53,58.11,0.1,0,110,Two-Year,Credit Card,0
    CUST-17622,44,78.53,0.14,1,108,Month-to-Month,Electronic Check,1
    CUST-17623,8,49.68,0.2,2,106,Month-to-Month,Electronic Check,1
    CUST-17624,46,66.96,0.05,0,104,One-Year,Electronic Check,0
    CUST-17625,69,22.86,0.83,0,55,Two-Year,Electronic Check,1
    CUST-17626,19,143.99,0.29,2,3,Month-to-Month,Credit Card,1
    CUST-17627,38,74.07,0.16,1,91,Two-Year,Credit Card,0
    CUST-17628,11,122.55,0.57,4,109,Month-to-Month,Credit Card,1
    CUST-17629,43,38.54,0.71,2,112,Month-to-Month,Bank Transfer,1
    CUST-17630,20,125.61,0.68,4,13,Month-to-Month,Bank Transfer,1
    CUST-17631,20,131.82,0.65,0,77,One-Year,Bank Transfer,1
    CUST-17632,21,113.01,0.05,4,51,Two-Year,Electronic Check,0
    CUST-17633,57,137.42,0.7,0,54,Month-to-Month,Bank Transfer,1
    CUST-17634,50,41.74,0.45,4,94,One-Year,Credit Card,1
    CUST-17635,26,81.94,0.58,3,18,Month-to-Month,Electronic Check,1
    CUST-17636,30,100.61,0.86,0,40,Two-Year,Electronic Check,1
    CUST-17637,31,97.51,0.73,2,97,Month-to-Month,Bank Transfer,1
    CUST-17638,42,131.94,0.74,1,81,One-Year,Electronic Check,1
    CUST-17639,68,48.04,0.16,1,105,Month-to-Month,Electronic Check,1
    CUST-17640,61,42.83,0.43,4,10,Two-Year,Bank Transfer,1
    CUST-17641,61,52.94,0.85,5,41,Month-to-Month,Credit Card,1
    CUST-17642,70,135.9,0.52,2,44,Month-to-Month,Credit Card,1
    CUST-17643,68,142.33,0.09,3,88,One-Year,Credit Card,0
    CUST-17644,17,94.05,0.66,1,106,Two-Year,Bank Transfer,1
    CUST-17645,19,85.18,0.04,4,93,Two-Year,Electronic Check,1
    CUST-17646,51,98.7,0.67,1,8,Month-to-Month,Bank Transfer,1
    CUST-17647,70,100.12,0.79,0,36,Month-to-Month,Electronic Check,1
    CUST-17648,63,42.14,0.38,2,56,Two-Year,Credit Card,0
    CUST-17649,30,109.23,0.37,1,14,Month-to-Month,Credit Card,1
    CUST-17650,25,78.81,0.27,1,29,One-Year,Bank Transfer,0
    CUST-17651,71,87.26,0.79,3,7,Month-to-Month,Credit Card,1
    CUST-17652,26,23.94,0.49,1,89,One-Year,Bank Transfer,1
    CUST-17653,56,119.39,0.52,1,42,Month-to-Month,Credit Card,1
    CUST-17654,22,128.61,0.6,1,30,One-Year,Credit Card,1
    CUST-17655,19,100.52,0.27,1,92,One-Year,Credit Card,1
    CUST-17656,31,117.33,0.39,4,74,One-Year,Bank Transfer,1
    CUST-17657,26,87.95,0.67,2,111,One-Year,Credit Card,1
    CUST-17658,42,100.39,0.89,1,47,One-Year,Bank Transfer,1
    CUST-17659,41,71.29,0.03,2,34,One-Year,Bank Transfer,0
    CUST-17660,23,122.94,0.04,3,62,One-Year,Electronic Check,0
    CUST-17661,47,80.88,0.39,1,16,One-Year,Credit Card,0
    CUST-17662,13,108.43,0.59,1,74,Two-Year,Electronic Check,1
    CUST-17663,66,100.79,0.35,1,29,Month-to-Month,Electronic Check,0
    CUST-17664,66,111.3,0.9,2,15,One-Year,Bank Transfer,1
    CUST-17665,16,122.08,0.18,3,92,Two-Year,Credit Card,1
    CUST-17666,28,86.65,0.01,0,51,Month-to-Month,Electronic Check,0
    CUST-17667,35,125.7,0.17,4,56,One-Year,Credit Card,0
    CUST-17668,41,84.64,0.8,1,88,Month-to-Month,Credit Card,1
    CUST-17669,31,144.36,0.13,3,42,Month-to-Month,Bank Transfer,1
    CUST-17670,32,117.85,0.43,1,20,Month-to-Month,Bank Transfer,1
    CUST-17671,54,42.25,0.38,2,47,Two-Year,Electronic Check,0
    CUST-17672,59,127.85,0.6,2,64,Month-to-Month,Electronic Check,1
    CUST-17673,41,91.71,0.05,1,117,Month-to-Month,Bank Transfer,1
    CUST-17674,66,147.98,0.59,0,93,Month-to-Month,Electronic Check,1
    CUST-17675,54,113.45,0.32,3,2,Month-to-Month,Electronic Check,1
    CUST-17676,40,30.97,0.83,2,110,One-Year,Credit Card,1
    CUST-17677,28,71.34,0.76,1,32,Month-to-Month,Electronic Check,1
    CUST-17678,37,87.25,0.36,2,111,Two-Year,Electronic Check,1
    CUST-17679,65,129.07,0.89,3,54,Month-to-Month,Electronic Check,1
    CUST-17680,55,114.81,0.05,3,42,Month-to-Month,Bank Transfer,0
    CUST-17681,4,68.02,0.71,2,30,Month-to-Month,Credit Card,1
    CUST-17682,10,104.95,0.39,2,9,Two-Year,Electronic Check,0
    CUST-17683,47,95.0,0.39,3,19,Month-to-Month,Bank Transfer,1
    CUST-17684,14,36.39,0.15,2,6,One-Year,Credit Card,0
    CUST-17685,38,50.53,0.46,3,72,One-Year,Bank Transfer,1
    CUST-17686,12,64.35,0.08,2,98,Month-to-Month,Bank Transfer,1
    CUST-17687,45,45.41,0.55,0,58,Month-to-Month,Credit Card,1
    CUST-17688,17,39.52,0.22,1,1,Month-to-Month,Credit Card,1
    CUST-17689,35,27.57,0.65,2,13,One-Year,Bank Transfer,1
    CUST-17690,66,133.5,0.55,2,6,Month-to-Month,Bank Transfer,1
    CUST-17691,41,57.56,0.67,4,99,Month-to-Month,Electronic Check,1
    CUST-17692,67,57.74,0.67,1,29,One-Year,Bank Transfer,0
    CUST-17693,29,46.81,0.18,1,66,Two-Year,Credit Card,0
    CUST-17694,18,81.8,0.0,2,74,One-Year,Credit Card,1
    CUST-17695,20,86.85,0.33,0,31,Month-to-Month,Credit Card,1
    CUST-17696,14,47.08,0.83,3,72,Month-to-Month,Credit Card,1
    CUST-17697,34,99.11,0.52,5,41,Month-to-Month,Bank Transfer,1
    CUST-17698,49,113.99,0.65,0,39,Month-to-Month,Bank Transfer,1
    CUST-17699,54,68.6,0.79,0,57,Month-to-Month,Credit Card,1
    CUST-17700,31,96.11,0.82,2,28,One-Year,Credit Card,1
    CUST-17701,58,85.3,0.48,2,31,One-Year,Credit Card,0
    CUST-17702,42,45.42,0.49,1,13,Two-Year,Electronic Check,0
    CUST-17703,58,114.9,0.77,5,71,Month-to-Month,Bank Transfer,1
    CUST-17704,30,124.19,0.73,2,51,Month-to-Month,Credit Card,1
    CUST-17705,25,104.34,0.63,3,65,Month-to-Month,Bank Transfer,1
    CUST-17706,63,62.11,0.54,3,45,Two-Year,Electronic Check,0
    CUST-17707,19,140.48,0.56,1,113,One-Year,Bank Transfer,1
    CUST-17708,8,79.2,0.33,4,108,Month-to-Month,Electronic Check,1
    CUST-17709,3,54.56,0.76,2,53,Month-to-Month,Bank Transfer,1
    CUST-17710,67,73.07,0.56,2,57,Month-to-Month,Electronic Check,1
    CUST-17711,17,109.97,0.2,3,26,Two-Year,Bank Transfer,0
    CUST-17712,14,129.97,0.22,4,110,Month-to-Month,Electronic Check,1
    CUST-17713,9,66.35,0.78,4,16,Month-to-Month,Credit Card,1
    CUST-17714,62,50.24,0.56,3,12,Month-to-Month,Credit Card,1
    CUST-17715,21,101.44,0.36,2,118,Month-to-Month,Bank Transfer,1
    CUST-17716,37,139.76,0.17,2,16,Two-Year,Electronic Check,0
    CUST-17717,11,43.83,0.55,1,98,Month-to-Month,Credit Card,1
    CUST-17718,20,124.39,0.17,1,54,Month-to-Month,Bank Transfer,1
    CUST-17719,35,81.96,0.42,1,91,Month-to-Month,Electronic Check,1
    CUST-17720,53,123.94,0.61,1,52,Month-to-Month,Electronic Check,1
    CUST-17721,47,85.72,0.51,2,89,One-Year,Electronic Check,1
    CUST-17722,52,69.05,0.83,2,83,Month-to-Month,Electronic Check,1
    CUST-17723,8,110.58,0.04,0,71,One-Year,Bank Transfer,0
    CUST-17724,4,137.08,0.25,1,76,One-Year,Electronic Check,1
    CUST-17725,27,61.63,0.05,1,110,Month-to-Month,Electronic Check,1
    CUST-17726,44,79.9,0.18,2,24,One-Year,Credit Card,0
    CUST-17727,40,49.82,0.11,1,114,Month-to-Month,Electronic Check,1
    CUST-17728,47,43.84,0.66,2,58,Month-to-Month,Electronic Check,1
    CUST-17729,44,121.13,0.33,0,39,Month-to-Month,Electronic Check,1
    CUST-17730,48,46.09,0.83,5,69,Month-to-Month,Electronic Check,1
    CUST-17731,52,123.13,0.02,1,1,Month-to-Month,Bank Transfer,0
    CUST-17732,68,75.8,0.59,1,71,Month-to-Month,Bank Transfer,1
    CUST-17733,11,149.36,0.87,5,112,One-Year,Bank Transfer,1
    CUST-17734,4,45.65,0.16,1,90,Month-to-Month,Credit Card,1
    CUST-17735,48,32.09,0.4,1,88,One-Year,Electronic Check,0
    CUST-17736,26,29.81,0.63,6,61,Two-Year,Bank Transfer,1
    CUST-17737,39,128.6,0.57,2,48,Month-to-Month,Bank Transfer,1
    CUST-17738,58,76.91,0.51,1,62,Month-to-Month,Credit Card,1
    CUST-17739,19,20.41,0.29,3,81,Month-to-Month,Credit Card,1
    CUST-17740,58,133.72,0.66,1,4,Month-to-Month,Electronic Check,1
    CUST-17741,28,134.0,0.59,0,80,One-Year,Electronic Check,1
    CUST-17742,66,124.83,0.15,2,100,Month-to-Month,Electronic Check,1
    CUST-17743,10,52.28,0.87,0,69,Month-to-Month,Bank Transfer,1
    CUST-17744,58,68.46,0.5,3,69,One-Year,Credit Card,1
    CUST-17745,14,116.84,0.47,2,52,One-Year,Bank Transfer,1
    CUST-17746,15,83.62,0.76,0,107,Month-to-Month,Electronic Check,1
    CUST-17747,33,40.0,0.58,2,46,Month-to-Month,Bank Transfer,1
    CUST-17748,17,51.56,0.07,0,17,Month-to-Month,Credit Card,0
    CUST-17749,24,146.44,0.46,3,105,Month-to-Month,Bank Transfer,1
    CUST-17750,30,39.63,0.7,4,85,Month-to-Month,Electronic Check,1
    CUST-17751,62,114.39,0.63,6,30,One-Year,Electronic Check,1
    CUST-17752,13,82.14,0.87,2,49,One-Year,Electronic Check,1
    CUST-17753,62,117.32,0.02,3,51,One-Year,Electronic Check,0
    CUST-17754,47,105.94,0.24,2,33,One-Year,Credit Card,0
    CUST-17755,16,77.09,0.49,1,109,Month-to-Month,Credit Card,1
    CUST-17756,66,66.01,0.56,4,87,Month-to-Month,Electronic Check,1
    CUST-17757,43,118.07,0.25,3,58,Month-to-Month,Credit Card,1
    CUST-17758,8,62.01,0.74,3,106,Two-Year,Electronic Check,1
    CUST-17759,3,122.41,0.15,3,93,One-Year,Bank Transfer,1
    CUST-17760,12,108.38,0.0,1,106,Month-to-Month,Bank Transfer,1
    CUST-17761,16,95.1,0.86,1,39,Month-to-Month,Bank Transfer,1
    CUST-17762,59,67.94,0.35,1,102,One-Year,Credit Card,0
    CUST-17763,49,46.66,0.86,1,71,One-Year,Electronic Check,1
    CUST-17764,63,112.35,0.25,0,37,One-Year,Bank Transfer,0
    CUST-17765,62,31.88,0.06,1,71,Month-to-Month,Credit Card,0
    CUST-17766,49,146.17,0.7,4,15,Month-to-Month,Credit Card,1
    CUST-17767,51,147.24,0.75,5,61,Month-to-Month,Credit Card,1
    CUST-17768,33,36.93,0.44,3,93,Two-Year,Credit Card,1
    CUST-17769,30,33.51,0.07,1,10,Two-Year,Electronic Check,0
    CUST-17770,59,73.65,0.59,1,20,Month-to-Month,Credit Card,1
    CUST-17771,15,145.28,0.16,3,109,One-Year,Credit Card,1
    CUST-17772,23,72.04,0.76,1,9,Month-to-Month,Electronic Check,1
    CUST-17773,45,67.29,0.25,2,70,Month-to-Month,Electronic Check,1
    CUST-17774,62,111.47,0.76,4,20,Month-to-Month,Bank Transfer,1
    CUST-17775,71,43.24,0.38,0,64,One-Year,Electronic Check,0
    CUST-17776,15,67.23,0.54,3,85,Month-to-Month,Credit Card,1
    CUST-17777,46,57.87,0.71,2,7,One-Year,Bank Transfer,0
    CUST-17778,64,98.2,0.04,2,102,Month-to-Month,Electronic Check,1
    CUST-17779,46,41.16,0.74,2,64,Two-Year,Electronic Check,1
    CUST-17780,56,91.33,0.12,2,48,Two-Year,Bank Transfer,0
    CUST-17781,44,131.48,0.32,4,98,Two-Year,Electronic Check,1
    CUST-17782,29,86.84,0.43,1,47,Month-to-Month,Bank Transfer,1
    CUST-17783,62,108.85,0.81,1,64,One-Year,Credit Card,1
    CUST-17784,52,29.78,0.02,2,67,One-Year,Electronic Check,0
    CUST-17785,54,78.37,0.5,3,45,Month-to-Month,Credit Card,1
    CUST-17786,57,32.34,0.58,1,17,Month-to-Month,Bank Transfer,1
    CUST-17787,66,97.93,0.28,4,51,Two-Year,Electronic Check,0
    CUST-17788,22,56.54,0.26,1,43,One-Year,Electronic Check,0
    CUST-17789,20,57.34,0.44,6,66,Month-to-Month,Credit Card,1
    CUST-17790,33,29.98,0.17,1,106,Month-to-Month,Bank Transfer,1
    CUST-17791,25,60.33,0.42,2,76,Month-to-Month,Electronic Check,1
    CUST-17792,46,85.87,0.69,0,13,Month-to-Month,Credit Card,1
    CUST-17793,57,96.01,0.76,3,102,Two-Year,Credit Card,1
    CUST-17794,5,28.67,0.35,1,100,Month-to-Month,Electronic Check,1
    CUST-17795,55,104.69,0.56,2,76,Month-to-Month,Electronic Check,1
    CUST-17796,61,83.55,0.0,1,27,Month-to-Month,Bank Transfer,0
    CUST-17797,8,89.8,0.5,0,90,Two-Year,Electronic Check,1
    CUST-17798,16,128.26,0.88,2,47,Two-Year,Bank Transfer,1
    CUST-17799,48,64.49,0.28,1,115,Month-to-Month,Bank Transfer,1
    CUST-17800,61,42.63,0.54,2,40,One-Year,Bank Transfer,0
    CUST-17801,15,91.74,0.69,3,69,Two-Year,Bank Transfer,1
    CUST-17802,65,142.85,0.55,3,32,Month-to-Month,Electronic Check,1
    CUST-17803,22,87.32,0.38,5,100,Month-to-Month,Electronic Check,1
    CUST-17804,3,128.15,0.14,2,45,Month-to-Month,Bank Transfer,1
    CUST-17805,54,118.41,0.42,3,102,Month-to-Month,Bank Transfer,1
    CUST-17806,14,87.38,0.27,3,116,Month-to-Month,Electronic Check,1
    CUST-17807,36,104.18,0.63,2,80,One-Year,Bank Transfer,1
    CUST-17808,67,72.87,0.4,0,74,Two-Year,Electronic Check,0
    CUST-17809,10,88.98,0.76,5,37,One-Year,Electronic Check,1
    CUST-17810,49,85.95,0.17,3,15,Month-to-Month,Electronic Check,1
    CUST-17811,65,112.18,0.38,3,75,Month-to-Month,Credit Card,1
    CUST-17812,57,73.3,0.5,1,116,Month-to-Month,Electronic Check,1
    CUST-17813,27,32.97,0.11,1,9,Month-to-Month,Bank Transfer,0
    CUST-17814,5,122.53,0.53,2,82,Month-to-Month,Credit Card,1
    CUST-17815,71,109.03,0.26,1,97,Month-to-Month,Bank Transfer,1
    CUST-17816,57,143.52,0.21,3,55,Month-to-Month,Electronic Check,1
    CUST-17817,15,75.73,0.13,0,9,Month-to-Month,Credit Card,0
    CUST-17818,30,30.17,0.31,1,64,Month-to-Month,Credit Card,1
    CUST-17819,20,35.81,0.84,6,41,One-Year,Bank Transfer,1
    CUST-17820,37,120.53,0.03,1,15,One-Year,Bank Transfer,0
    CUST-17821,3,28.81,0.77,3,36,One-Year,Electronic Check,1
    CUST-17822,41,138.02,0.36,3,36,Month-to-Month,Credit Card,1
    CUST-17823,39,56.61,0.51,0,65,Month-to-Month,Electronic Check,1
    CUST-17824,26,136.85,0.46,1,28,Month-to-Month,Credit Card,1
    CUST-17825,2,120.56,0.83,1,33,Month-to-Month,Credit Card,1
    CUST-17826,23,133.26,0.69,3,65,Month-to-Month,Bank Transfer,1
    CUST-17827,23,47.83,0.89,3,54,Month-to-Month,Bank Transfer,1
    CUST-17828,16,97.44,0.71,1,6,One-Year,Credit Card,1
    CUST-17829,9,32.17,0.27,5,75,One-Year,Credit Card,1
    CUST-17830,13,46.3,0.87,0,48,Month-to-Month,Credit Card,1
    CUST-17831,28,60.29,0.89,0,91,Month-to-Month,Electronic Check,1
    CUST-17832,27,116.31,0.11,0,69,Month-to-Month,Credit Card,1
    CUST-17833,51,23.21,0.81,0,74,Month-to-Month,Bank Transfer,1
    CUST-17834,64,137.41,0.6,4,28,Month-to-Month,Credit Card,1
    CUST-17835,52,29.2,0.83,3,16,Month-to-Month,Bank Transfer,1
    CUST-17836,38,68.94,0.82,2,107,One-Year,Electronic Check,1
    CUST-17837,65,30.54,0.8,2,26,Two-Year,Electronic Check,1
    CUST-17838,18,119.97,0.8,4,50,Month-to-Month,Electronic Check,1
    CUST-17839,63,38.37,0.11,1,54,Month-to-Month,Electronic Check,0
    CUST-17840,51,135.02,0.13,4,92,One-Year,Credit Card,1
    CUST-17841,9,88.93,0.11,1,78,Month-to-Month,Bank Transfer,1
    CUST-17842,13,143.3,0.08,0,13,Two-Year,Bank Transfer,0
    CUST-17843,40,57.75,0.32,0,65,Month-to-Month,Electronic Check,1
    CUST-17844,55,79.06,0.62,1,35,One-Year,Bank Transfer,1
    CUST-17845,43,110.25,0.32,3,79,Month-to-Month,Electronic Check,1
    CUST-17846,44,128.15,0.65,3,29,One-Year,Bank Transfer,1
    CUST-17847,68,74.78,0.74,5,31,Month-to-Month,Electronic Check,1
    CUST-17848,33,136.02,0.6,2,12,Month-to-Month,Bank Transfer,1
    CUST-17849,24,35.34,0.42,0,69,Two-Year,Credit Card,1
    CUST-17850,36,112.13,0.27,2,112,One-Year,Credit Card,1
    CUST-17851,10,65.27,0.11,2,110,Two-Year,Credit Card,1
    CUST-17852,20,33.17,0.44,0,32,Month-to-Month,Credit Card,1
    CUST-17853,12,70.27,0.65,2,10,One-Year,Electronic Check,1
    CUST-17854,62,134.43,0.49,3,5,Month-to-Month,Bank Transfer,1
    CUST-17855,18,147.47,0.65,0,27,Month-to-Month,Bank Transfer,1
    CUST-17856,63,71.06,0.3,0,39,One-Year,Credit Card,0
    CUST-17857,25,135.23,0.06,1,21,Month-to-Month,Credit Card,0
    CUST-17858,12,86.26,0.69,1,16,Month-to-Month,Credit Card,1
    CUST-17859,21,113.21,0.2,4,29,Month-to-Month,Bank Transfer,1
    CUST-17860,25,25.9,0.55,4,79,Month-to-Month,Electronic Check,1
    CUST-17861,11,92.45,0.72,3,102,Month-to-Month,Credit Card,1
    CUST-17862,64,29.12,0.13,1,71,One-Year,Credit Card,0
    CUST-17863,50,54.92,0.54,2,82,Month-to-Month,Bank Transfer,1
    CUST-17864,62,93.69,0.62,1,115,One-Year,Electronic Check,1
    CUST-17865,49,124.93,0.67,2,83,Month-to-Month,Credit Card,1
    CUST-17866,14,92.92,0.13,2,81,Month-to-Month,Electronic Check,1
    CUST-17867,1,141.7,0.74,3,14,One-Year,Credit Card,1
    CUST-17868,25,125.34,0.08,0,41,One-Year,Bank Transfer,0
    CUST-17869,59,40.31,0.47,2,112,Month-to-Month,Electronic Check,1
    CUST-17870,69,70.56,0.4,0,74,One-Year,Bank Transfer,0
    CUST-17871,5,106.9,0.2,2,89,One-Year,Credit Card,1
    CUST-17872,19,141.99,0.27,1,41,Two-Year,Bank Transfer,1
    CUST-17873,23,148.4,0.15,4,44,One-Year,Credit Card,1
    CUST-17874,9,119.21,0.38,3,73,One-Year,Credit Card,1
    CUST-17875,50,94.59,0.03,1,16,Two-Year,Credit Card,0
    CUST-17876,16,118.36,0.8,1,112,Month-to-Month,Credit Card,1
    CUST-17877,33,55.52,0.15,3,24,One-Year,Bank Transfer,0
    CUST-17878,2,56.87,0.8,1,21,Month-to-Month,Credit Card,1
    CUST-17879,14,105.07,0.78,0,59,Two-Year,Credit Card,1
    CUST-17880,1,133.34,0.41,1,119,Month-to-Month,Credit Card,1
    CUST-17881,58,146.08,0.45,2,98,One-Year,Bank Transfer,1
    CUST-17882,16,64.37,0.27,1,39,Month-to-Month,Bank Transfer,1
    CUST-17883,47,123.55,0.9,5,116,One-Year,Credit Card,1
    CUST-17884,44,130.7,0.6,2,71,Month-to-Month,Credit Card,1
    CUST-17885,14,101.01,0.86,2,7,One-Year,Credit Card,1
    CUST-17886,24,65.19,0.37,0,28,Month-to-Month,Credit Card,0
    CUST-17887,55,100.48,0.79,4,51,Month-to-Month,Bank Transfer,1
    CUST-17888,15,95.98,0.4,2,35,Month-to-Month,Electronic Check,1
    CUST-17889,34,98.85,0.78,2,58,Month-to-Month,Electronic Check,1
    CUST-17890,2,100.5,0.12,3,10,Month-to-Month,Bank Transfer,1
    CUST-17891,27,130.12,0.57,2,38,Month-to-Month,Electronic Check,1
    CUST-17892,23,42.11,0.61,3,32,Month-to-Month,Bank Transfer,1
    CUST-17893,68,67.75,0.59,4,62,Two-Year,Electronic Check,1
    CUST-17894,14,96.18,0.4,2,98,Month-to-Month,Bank Transfer,1
    CUST-17895,63,56.83,0.62,2,88,One-Year,Electronic Check,1
    CUST-17896,65,147.16,0.22,3,116,Month-to-Month,Electronic Check,1
    CUST-17897,68,54.21,0.54,1,50,Two-Year,Bank Transfer,0
    CUST-17898,63,81.05,0.5,3,41,One-Year,Credit Card,0
    CUST-17899,64,134.06,0.29,5,47,One-Year,Electronic Check,1
    CUST-17900,32,30.41,0.7,0,110,Month-to-Month,Electronic Check,1
    CUST-17901,13,126.69,0.07,2,105,Two-Year,Electronic Check,1
    CUST-17902,66,94.23,0.15,4,2,Month-to-Month,Credit Card,0
    CUST-17903,19,24.13,0.42,1,42,One-Year,Electronic Check,0
    CUST-17904,24,137.38,0.8,2,4,One-Year,Bank Transfer,1
    CUST-17905,11,25.1,0.52,2,1,Two-Year,Electronic Check,1
    CUST-17906,59,86.98,0.76,2,22,Month-to-Month,Electronic Check,1
    CUST-17907,15,26.37,0.47,3,11,Month-to-Month,Electronic Check,1
    CUST-17908,10,29.26,0.71,1,112,Month-to-Month,Electronic Check,1
    CUST-17909,41,135.34,0.29,4,11,Two-Year,Electronic Check,0
    CUST-17910,27,119.56,0.73,3,109,Month-to-Month,Credit Card,1
    CUST-17911,60,45.6,0.36,0,14,Month-to-Month,Electronic Check,0
    CUST-17912,52,100.66,0.5,1,91,Month-to-Month,Credit Card,1
    CUST-17913,28,123.31,0.16,1,97,Month-to-Month,Electronic Check,1
    CUST-17914,65,135.65,0.83,2,92,Month-to-Month,Credit Card,1
    CUST-17915,17,80.88,0.63,3,87,Two-Year,Electronic Check,1
    CUST-17916,44,136.67,0.77,4,73,Month-to-Month,Electronic Check,1
    CUST-17917,10,86.02,0.19,1,59,Month-to-Month,Bank Transfer,1
    CUST-17918,63,109.47,0.06,2,18,Month-to-Month,Electronic Check,0
    CUST-17919,47,147.27,0.3,1,61,One-Year,Bank Transfer,0
    CUST-17920,38,50.67,0.47,2,107,One-Year,Credit Card,1
    CUST-17921,70,41.91,0.72,0,24,One-Year,Electronic Check,0
    CUST-17922,53,64.46,0.36,5,27,One-Year,Bank Transfer,0
    CUST-17923,44,41.37,0.24,0,35,Two-Year,Credit Card,0
    CUST-17924,54,56.94,0.34,1,117,Month-to-Month,Credit Card,1
    CUST-17925,20,116.59,0.63,1,68,Two-Year,Bank Transfer,1
    CUST-17926,31,82.08,0.3,2,22,Month-to-Month,Electronic Check,1
    CUST-17927,7,68.76,0.88,1,11,Month-to-Month,Bank Transfer,1
    CUST-17928,58,67.93,0.16,1,71,Month-to-Month,Bank Transfer,1
    CUST-17929,10,45.29,0.68,1,105,Month-to-Month,Credit Card,1
    CUST-17930,10,78.16,0.53,0,58,Month-to-Month,Bank Transfer,1
    CUST-17931,39,101.2,0.21,3,101,Two-Year,Credit Card,1
    CUST-17932,28,38.09,0.68,2,98,Month-to-Month,Bank Transfer,1
    CUST-17933,30,146.47,0.4,2,76,One-Year,Bank Transfer,1
    CUST-17934,37,77.63,0.61,4,4,Two-Year,Electronic Check,1
    CUST-17935,67,143.23,0.6,5,109,Month-to-Month,Electronic Check,1
    CUST-17936,43,37.51,0.1,1,66,Month-to-Month,Electronic Check,0
    CUST-17937,52,119.74,0.76,0,111,One-Year,Credit Card,1
    CUST-17938,56,100.29,0.61,3,65,Month-to-Month,Electronic Check,1
    CUST-17939,68,126.61,0.7,5,18,One-Year,Electronic Check,1
    CUST-17940,9,98.09,0.4,3,59,Month-to-Month,Credit Card,1
    CUST-17941,23,145.17,0.18,2,23,Month-to-Month,Bank Transfer,1
    CUST-17942,63,101.5,0.29,1,98,One-Year,Credit Card,0
    CUST-17943,61,122.0,0.81,4,4,Two-Year,Electronic Check,1
    CUST-17944,40,134.09,0.84,4,53,Month-to-Month,Credit Card,1
    CUST-17945,44,112.9,0.43,1,115,One-Year,Credit Card,1
    CUST-17946,24,88.15,0.27,3,116,Month-to-Month,Electronic Check,1
    CUST-17947,51,55.47,0.66,1,106,Two-Year,Bank Transfer,1
    CUST-17948,58,131.08,0.69,1,109,Month-to-Month,Electronic Check,1
    CUST-17949,33,82.48,0.73,1,83,Two-Year,Credit Card,1
    CUST-17950,16,100.69,0.03,2,40,Month-to-Month,Electronic Check,1
    CUST-17951,22,30.3,0.01,1,106,Two-Year,Bank Transfer,0
    CUST-17952,57,84.66,0.32,3,40,Two-Year,Credit Card,1
    CUST-17953,62,110.76,0.14,1,51,Two-Year,Bank Transfer,0
    CUST-17954,71,95.93,0.72,1,105,Two-Year,Electronic Check,1
    CUST-17955,70,78.31,0.48,2,9,Two-Year,Electronic Check,0
    CUST-17956,30,49.05,0.74,2,23,Two-Year,Credit Card,1
    CUST-17957,23,60.26,0.16,3,13,Two-Year,Electronic Check,0
    CUST-17958,32,111.08,0.56,3,1,Month-to-Month,Bank Transfer,1
    CUST-17959,57,49.14,0.52,2,76,Two-Year,Credit Card,1
    CUST-17960,9,100.82,0.31,2,10,Month-to-Month,Bank Transfer,1
    CUST-17961,31,96.67,0.47,3,27,One-Year,Bank Transfer,0
    CUST-17962,71,146.15,0.53,6,19,One-Year,Credit Card,1
    CUST-17963,9,27.9,0.8,2,104,Two-Year,Bank Transfer,1
    CUST-17964,13,34.06,0.05,2,96,One-Year,Credit Card,0
    CUST-17965,58,85.79,0.74,1,22,Month-to-Month,Credit Card,1
    CUST-17966,3,88.52,0.88,2,89,One-Year,Bank Transfer,1
    CUST-17967,35,25.19,0.66,3,11,Month-to-Month,Bank Transfer,1
    CUST-17968,21,127.36,0.66,2,75,Month-to-Month,Credit Card,1
    CUST-17969,64,84.31,0.2,3,90,Two-Year,Electronic Check,0
    CUST-17970,52,65.06,0.47,4,16,Two-Year,Electronic Check,1
    CUST-17971,34,61.45,0.64,1,29,Two-Year,Bank Transfer,1
    CUST-17972,35,131.98,0.54,2,30,One-Year,Electronic Check,1
    CUST-17973,15,45.58,0.35,2,11,Month-to-Month,Electronic Check,1
    CUST-17974,6,40.85,0.85,2,57,Month-to-Month,Credit Card,1
    CUST-17975,32,47.71,0.46,4,65,Month-to-Month,Credit Card,1
    CUST-17976,52,101.25,0.87,3,6,Month-to-Month,Electronic Check,1
    CUST-17977,28,125.42,0.51,1,77,Month-to-Month,Bank Transfer,1
    CUST-17978,64,63.03,0.71,5,91,Two-Year,Electronic Check,1
    CUST-17979,19,42.55,0.67,3,107,Month-to-Month,Credit Card,1
    CUST-17980,15,47.2,0.59,6,35,One-Year,Electronic Check,1
    CUST-17981,6,100.49,0.01,4,117,Month-to-Month,Electronic Check,1
    CUST-17982,38,51.98,0.07,0,97,One-Year,Bank Transfer,0
    CUST-17983,26,134.05,0.52,1,59,Month-to-Month,Electronic Check,1
    CUST-17984,51,33.51,0.82,2,14,Two-Year,Credit Card,1
    CUST-17985,53,24.21,0.54,1,43,Month-to-Month,Credit Card,1
    CUST-17986,56,31.49,0.21,2,46,One-Year,Bank Transfer,0
    CUST-17987,59,129.93,0.29,0,119,One-Year,Bank Transfer,0
    CUST-17988,70,104.66,0.56,2,22,One-Year,Electronic Check,0
    CUST-17989,58,144.51,0.54,4,60,Month-to-Month,Electronic Check,1
    CUST-17990,13,63.72,0.86,2,106,Two-Year,Bank Transfer,1
    CUST-17991,43,47.65,0.48,1,85,Two-Year,Bank Transfer,0
    CUST-17992,51,93.06,0.32,1,2,Two-Year,Credit Card,0
    CUST-17993,19,89.92,0.47,2,69,Month-to-Month,Credit Card,1
    CUST-17994,21,96.83,0.71,2,15,One-Year,Electronic Check,1
    CUST-17995,24,65.18,0.49,0,50,One-Year,Electronic Check,0
    CUST-17996,26,20.77,0.29,1,112,Month-to-Month,Bank Transfer,1
    CUST-17997,45,24.55,0.3,3,84,One-Year,Electronic Check,1
    CUST-17998,28,106.3,0.68,2,90,One-Year,Bank Transfer,1
    CUST-17999,29,88.02,0.06,5,56,Month-to-Month,Bank Transfer,1
    CUST-18000,17,126.73,0.25,3,63,Month-to-Month,Electronic Check,1
    CUST-18001,68,59.05,0.14,2,88,One-Year,Electronic Check,0
    CUST-18002,44,126.01,0.85,2,35,Two-Year,Electronic Check,1
    CUST-18003,61,75.31,0.08,2,88,Two-Year,Credit Card,0
    CUST-18004,68,32.57,0.68,0,26,Two-Year,Credit Card,0
    CUST-18005,25,147.13,0.57,3,105,Month-to-Month,Credit Card,1
    CUST-18006,67,86.55,0.57,3,114,Month-to-Month,Bank Transfer,1
    CUST-18007,2,101.83,0.69,1,86,Month-to-Month,Bank Transfer,1
    CUST-18008,49,107.2,0.36,3,27,Month-to-Month,Credit Card,1
    CUST-18009,70,67.11,0.36,3,19,Month-to-Month,Electronic Check,0
    CUST-18010,26,117.18,0.26,3,37,Month-to-Month,Bank Transfer,1
    CUST-18011,27,133.13,0.54,4,36,Month-to-Month,Electronic Check,1
    CUST-18012,18,70.33,0.84,3,93,One-Year,Electronic Check,1
    CUST-18013,54,105.41,0.83,3,40,Month-to-Month,Bank Transfer,1
    CUST-18014,1,118.43,0.63,1,63,Month-to-Month,Bank Transfer,1
    CUST-18015,61,44.72,0.82,2,39,Month-to-Month,Electronic Check,1
    CUST-18016,3,63.24,0.87,4,119,Month-to-Month,Credit Card,1
    CUST-18017,68,34.14,0.72,2,107,One-Year,Bank Transfer,1
    CUST-18018,41,98.29,0.37,3,12,Month-to-Month,Bank Transfer,1
    CUST-18019,37,124.12,0.43,2,44,Month-to-Month,Bank Transfer,1
    CUST-18020,51,99.41,0.84,0,80,One-Year,Credit Card,1
    CUST-18021,15,43.37,0.6,1,48,Month-to-Month,Credit Card,1
    CUST-18022,8,91.03,0.74,2,95,One-Year,Electronic Check,1
    CUST-18023,38,128.54,0.1,1,79,Month-to-Month,Bank Transfer,1
    CUST-18024,56,59.35,0.17,0,33,Month-to-Month,Bank Transfer,0
    CUST-18025,47,128.24,0.31,1,79,Month-to-Month,Bank Transfer,1
    CUST-18026,10,122.0,0.17,1,32,Month-to-Month,Credit Card,1
    CUST-18027,49,22.83,0.82,2,22,Month-to-Month,Bank Transfer,1
    CUST-18028,41,51.13,0.2,5,114,Month-to-Month,Bank Transfer,1
    CUST-18029,30,90.58,0.5,0,6,Month-to-Month,Electronic Check,1
    CUST-18030,5,113.29,0.08,2,30,One-Year,Credit Card,1
    CUST-18031,71,134.47,0.14,2,105,Month-to-Month,Electronic Check,1
    CUST-18032,31,103.34,0.22,3,17,Month-to-Month,Bank Transfer,1
    CUST-18033,52,69.44,0.88,2,108,Two-Year,Electronic Check,1
    CUST-18034,23,44.0,0.72,3,2,Month-to-Month,Bank Transfer,1
    CUST-18035,48,118.8,0.61,1,80,Month-to-Month,Bank Transfer,1
    CUST-18036,40,46.88,0.82,0,55,Two-Year,Electronic Check,1
    CUST-18037,6,110.41,0.86,1,111,Month-to-Month,Electronic Check,1
    CUST-18038,38,43.56,0.41,3,12,Two-Year,Bank Transfer,1
    CUST-18039,41,31.84,0.29,4,111,Month-to-Month,Credit Card,1
    CUST-18040,27,52.64,0.28,1,109,Month-to-Month,Credit Card,1
    CUST-18041,69,57.04,0.03,1,12,Month-to-Month,Electronic Check,0
    CUST-18042,57,104.14,0.25,2,51,One-Year,Credit Card,0
    CUST-18043,17,40.91,0.32,1,48,Month-to-Month,Credit Card,1
    CUST-18044,71,140.94,0.03,0,39,Month-to-Month,Bank Transfer,0
    CUST-18045,47,92.07,0.79,2,81,Two-Year,Electronic Check,1
    CUST-18046,13,83.82,0.76,1,106,Month-to-Month,Electronic Check,1
    CUST-18047,11,76.51,0.23,1,105,One-Year,Electronic Check,1
    CUST-18048,24,93.66,0.72,0,70,One-Year,Electronic Check,1
    CUST-18049,4,22.92,0.72,1,119,Month-to-Month,Bank Transfer,1
    CUST-18050,46,148.71,0.3,2,105,One-Year,Bank Transfer,0
    CUST-18051,18,92.48,0.63,4,90,Two-Year,Credit Card,1
    CUST-18052,43,24.58,0.26,4,1,One-Year,Electronic Check,0
    CUST-18053,33,96.7,0.06,2,16,Month-to-Month,Bank Transfer,0
    CUST-18054,10,76.82,0.45,2,46,Month-to-Month,Bank Transfer,1
    CUST-18055,59,23.12,0.39,2,63,Month-to-Month,Electronic Check,1
    CUST-18056,31,140.18,0.12,1,104,One-Year,Credit Card,0
    CUST-18057,28,21.37,0.44,2,59,Month-to-Month,Credit Card,1
    CUST-18058,60,95.12,0.85,3,47,Month-to-Month,Bank Transfer,1
    CUST-18059,3,145.03,0.66,2,16,Month-to-Month,Bank Transfer,1
    CUST-18060,55,50.89,0.66,4,46,Month-to-Month,Electronic Check,1
    CUST-18061,14,53.04,0.68,1,80,One-Year,Electronic Check,1
    CUST-18062,58,20.06,0.67,2,39,One-Year,Credit Card,1
    CUST-18063,15,28.63,0.02,2,93,Month-to-Month,Bank Transfer,1
    CUST-18064,2,25.84,0.83,2,50,Month-to-Month,Credit Card,1
    CUST-18065,24,126.95,0.75,3,49,Two-Year,Credit Card,1
    CUST-18066,64,128.78,0.25,1,26,Two-Year,Credit Card,0
    CUST-18067,71,114.47,0.5,1,94,Two-Year,Credit Card,0
    CUST-18068,24,65.86,0.55,3,33,Month-to-Month,Bank Transfer,1
    CUST-18069,27,126.76,0.12,1,107,Month-to-Month,Credit Card,1
    CUST-18070,37,90.17,0.23,2,20,Month-to-Month,Bank Transfer,1
    CUST-18071,39,59.56,0.02,2,101,Two-Year,Bank Transfer,0
    CUST-18072,63,76.85,0.78,3,119,Month-to-Month,Electronic Check,1
    CUST-18073,26,28.55,0.02,7,77,Two-Year,Credit Card,1
    CUST-18074,65,142.84,0.29,5,72,Month-to-Month,Credit Card,1
    CUST-18075,4,100.49,0.07,2,96,Month-to-Month,Bank Transfer,1
    CUST-18076,29,115.06,0.7,1,82,Month-to-Month,Credit Card,1
    CUST-18077,1,107.96,0.83,2,109,Month-to-Month,Credit Card,1
    CUST-18078,50,106.81,0.51,1,41,Two-Year,Credit Card,0
    CUST-18079,11,22.24,0.13,1,11,Month-to-Month,Electronic Check,1
    CUST-18080,59,88.3,0.5,1,55,Month-to-Month,Bank Transfer,1
    CUST-18081,62,126.82,0.69,3,102,Month-to-Month,Bank Transfer,1
    CUST-18082,36,25.79,0.65,3,107,Month-to-Month,Electronic Check,1
    CUST-18083,56,144.3,0.67,0,47,Month-to-Month,Bank Transfer,1
    CUST-18084,21,75.14,0.25,2,78,Month-to-Month,Credit Card,1
    CUST-18085,13,57.69,0.07,3,104,Month-to-Month,Credit Card,1
    CUST-18086,9,89.14,0.13,3,50,Month-to-Month,Credit Card,1
    CUST-18087,11,124.16,0.86,2,97,Two-Year,Electronic Check,1
    CUST-18088,70,81.72,0.55,2,117,Month-to-Month,Electronic Check,1
    CUST-18089,1,103.86,0.66,1,105,One-Year,Electronic Check,1
    CUST-18090,70,84.99,0.81,4,23,One-Year,Credit Card,1
    CUST-18091,56,102.07,0.77,1,61,Two-Year,Bank Transfer,1
    CUST-18092,31,37.94,0.2,1,7,Month-to-Month,Electronic Check,0
    CUST-18093,37,25.03,0.05,0,15,Month-to-Month,Credit Card,0
    CUST-18094,47,37.8,0.83,2,79,Month-to-Month,Credit Card,1
    CUST-18095,47,57.16,0.88,1,9,Month-to-Month,Credit Card,1
    CUST-18096,69,52.94,0.51,1,85,Month-to-Month,Credit Card,1
    CUST-18097,58,99.97,0.8,3,37,Month-to-Month,Bank Transfer,1
    CUST-18098,36,79.27,0.21,2,103,One-Year,Credit Card,1
    CUST-18099,32,25.05,0.1,4,59,Month-to-Month,Credit Card,1
    CUST-18100,64,24.53,0.45,0,28,Two-Year,Bank Transfer,0
    CUST-18101,71,31.78,0.73,2,108,Month-to-Month,Bank Transfer,1
    CUST-18102,42,65.9,0.59,1,6,One-Year,Credit Card,0
    CUST-18103,48,20.8,0.57,3,10,One-Year,Electronic Check,1
    CUST-18104,30,84.22,0.02,1,15,Month-to-Month,Electronic Check,0
    CUST-18105,21,66.89,0.29,2,118,Two-Year,Credit Card,1
    CUST-18106,60,92.21,0.85,2,88,Month-to-Month,Bank Transfer,1
    CUST-18107,13,113.71,0.12,1,4,Two-Year,Credit Card,0
    CUST-18108,1,52.63,0.65,1,111,Month-to-Month,Credit Card,1
    CUST-18109,65,40.42,0.68,3,114,One-Year,Bank Transfer,1
    CUST-18110,33,56.15,0.66,2,99,Month-to-Month,Bank Transfer,1
    CUST-18111,38,20.23,0.89,1,58,Month-to-Month,Electronic Check,1
    CUST-18112,25,35.6,0.37,2,15,Month-to-Month,Electronic Check,1
    CUST-18113,26,117.61,0.61,1,116,Month-to-Month,Credit Card,1
    CUST-18114,59,48.96,0.17,1,37,Month-to-Month,Bank Transfer,0
    CUST-18115,33,149.26,0.36,2,2,One-Year,Credit Card,0
    CUST-18116,41,41.82,0.44,0,47,Two-Year,Credit Card,1
    CUST-18117,30,122.54,0.19,4,104,Month-to-Month,Bank Transfer,1
    CUST-18118,57,111.66,0.82,4,28,Month-to-Month,Electronic Check,1
    CUST-18119,49,61.88,0.64,1,69,Month-to-Month,Credit Card,1
    CUST-18120,48,63.0,0.26,3,87,One-Year,Bank Transfer,1
    CUST-18121,49,93.26,0.12,0,73,Month-to-Month,Electronic Check,1
    CUST-18122,47,130.81,0.26,1,71,Two-Year,Electronic Check,0
    CUST-18123,56,70.2,0.56,1,68,One-Year,Bank Transfer,1
    CUST-18124,65,27.95,0.74,3,19,One-Year,Bank Transfer,1
    CUST-18125,12,68.67,0.45,2,8,One-Year,Bank Transfer,1
    CUST-18126,69,46.95,0.09,0,31,Two-Year,Credit Card,0
    CUST-18127,6,142.1,0.22,0,14,Two-Year,Credit Card,0
    CUST-18128,65,110.65,0.31,4,29,One-Year,Bank Transfer,0
    CUST-18129,25,26.61,0.57,1,9,Month-to-Month,Credit Card,1
    CUST-18130,1,58.09,0.22,1,101,Month-to-Month,Credit Card,1
    CUST-18131,32,26.53,0.21,0,70,Month-to-Month,Bank Transfer,1
    CUST-18132,3,127.9,0.26,2,106,Month-to-Month,Credit Card,1
    CUST-18133,49,137.82,0.53,1,60,One-Year,Bank Transfer,0
    CUST-18134,19,34.6,0.44,4,92,Two-Year,Credit Card,1
    CUST-18135,60,77.24,0.76,1,45,Month-to-Month,Bank Transfer,1
    CUST-18136,29,141.14,0.63,2,74,Month-to-Month,Credit Card,1
    CUST-18137,50,38.88,0.6,2,54,Month-to-Month,Electronic Check,1
    CUST-18138,2,57.95,0.14,0,45,Two-Year,Electronic Check,0
    CUST-18139,56,59.56,0.05,3,3,Month-to-Month,Bank Transfer,0
    CUST-18140,17,23.91,0.46,1,76,Month-to-Month,Credit Card,1
    CUST-18141,60,24.72,0.06,3,36,Month-to-Month,Bank Transfer,0
    CUST-18142,36,143.86,0.33,3,11,Two-Year,Electronic Check,0
    CUST-18143,61,94.24,0.02,2,73,Month-to-Month,Electronic Check,0
    CUST-18144,17,59.86,0.16,2,6,One-Year,Electronic Check,0
    CUST-18145,49,69.23,0.1,4,76,Month-to-Month,Electronic Check,1
    CUST-18146,60,112.93,0.72,6,110,One-Year,Electronic Check,1
    CUST-18147,20,67.65,0.31,2,117,Month-to-Month,Credit Card,1
    CUST-18148,50,49.61,0.07,3,41,Two-Year,Bank Transfer,0
    CUST-18149,3,33.24,0.24,0,72,One-Year,Bank Transfer,0
    CUST-18150,43,114.76,0.61,0,41,Month-to-Month,Credit Card,1
    CUST-18151,57,43.47,0.67,1,77,Month-to-Month,Credit Card,1
    CUST-18152,50,29.05,0.11,3,62,Month-to-Month,Bank Transfer,1
    CUST-18153,68,75.5,0.7,2,107,Month-to-Month,Electronic Check,1
    CUST-18154,50,25.14,0.33,3,9,One-Year,Credit Card,0
    CUST-18155,37,145.45,0.61,1,84,Two-Year,Credit Card,1
    CUST-18156,46,101.55,0.6,4,104,One-Year,Bank Transfer,1
    CUST-18157,42,39.85,0.71,4,10,Month-to-Month,Electronic Check,1
    CUST-18158,15,42.42,0.63,1,41,One-Year,Credit Card,1
    CUST-18159,33,94.08,0.03,0,27,Two-Year,Credit Card,0
    CUST-18160,11,66.35,0.47,3,53,Two-Year,Electronic Check,1
    CUST-18161,20,120.65,0.15,2,4,Month-to-Month,Credit Card,1
    CUST-18162,24,90.95,0.87,0,10,Month-to-Month,Bank Transfer,1
    CUST-18163,64,76.33,0.23,2,49,Month-to-Month,Bank Transfer,1
    CUST-18164,65,145.19,0.38,4,19,Month-to-Month,Electronic Check,1
    CUST-18165,17,70.79,0.18,5,74,Month-to-Month,Bank Transfer,1
    CUST-18166,61,72.08,0.12,5,50,Month-to-Month,Credit Card,1
    CUST-18167,15,106.55,0.54,4,48,Month-to-Month,Bank Transfer,1
    CUST-18168,51,125.23,0.44,2,23,Month-to-Month,Electronic Check,1
    CUST-18169,27,101.41,0.34,4,100,Month-to-Month,Bank Transfer,1
    CUST-18170,61,110.82,0.08,1,105,Two-Year,Credit Card,0
    CUST-18171,58,68.48,0.66,2,9,Month-to-Month,Credit Card,1
    CUST-18172,31,82.33,0.01,3,66,One-Year,Bank Transfer,0
    CUST-18173,12,45.61,0.41,1,19,Month-to-Month,Electronic Check,1
    CUST-18174,46,108.43,0.57,1,72,Month-to-Month,Electronic Check,1
    CUST-18175,31,48.79,0.39,2,90,Two-Year,Bank Transfer,1
    CUST-18176,32,20.16,0.11,3,51,One-Year,Electronic Check,0
    CUST-18177,32,141.39,0.7,0,100,One-Year,Credit Card,1
    CUST-18178,53,59.78,0.29,4,11,One-Year,Electronic Check,0
    CUST-18179,61,45.56,0.12,1,3,Month-to-Month,Bank Transfer,0
    CUST-18180,46,54.86,0.5,3,61,One-Year,Credit Card,1
    CUST-18181,7,62.96,0.02,2,94,Month-to-Month,Credit Card,1
    CUST-18182,4,81.69,0.29,1,82,Two-Year,Bank Transfer,1
    CUST-18183,52,29.02,0.68,1,17,One-Year,Electronic Check,0
    CUST-18184,31,26.85,0.82,2,115,One-Year,Electronic Check,1
    CUST-18185,36,58.08,0.53,2,73,Two-Year,Credit Card,1
    CUST-18186,54,58.45,0.2,3,30,Two-Year,Credit Card,0
    CUST-18187,54,35.29,0.2,1,80,Month-to-Month,Bank Transfer,1
    CUST-18188,17,72.62,0.54,5,8,Month-to-Month,Electronic Check,1
    CUST-18189,30,56.92,0.37,1,41,Two-Year,Credit Card,0
    CUST-18190,22,23.39,0.16,2,26,Month-to-Month,Electronic Check,1
    CUST-18191,43,135.14,0.71,7,5,Month-to-Month,Bank Transfer,1
    CUST-18192,27,135.18,0.18,4,69,Month-to-Month,Credit Card,1
    CUST-18193,37,47.19,0.29,3,110,Month-to-Month,Bank Transfer,1
    CUST-18194,46,41.17,0.06,1,24,One-Year,Electronic Check,0
    CUST-18195,35,91.15,0.63,0,78,Two-Year,Electronic Check,0
    CUST-18196,4,102.0,0.25,1,69,Month-to-Month,Credit Card,1
    CUST-18197,26,144.48,0.21,2,36,One-Year,Credit Card,0
    CUST-18198,19,69.06,0.27,1,89,Month-to-Month,Bank Transfer,1
    CUST-18199,45,100.37,0.79,2,17,One-Year,Credit Card,1
    CUST-18200,26,134.16,0.47,3,70,One-Year,Electronic Check,1
    CUST-18201,22,78.49,0.14,1,71,One-Year,Credit Card,1
    CUST-18202,58,35.9,0.7,2,46,Month-to-Month,Electronic Check,1
    CUST-18203,63,69.07,0.19,3,79,Month-to-Month,Credit Card,1
    CUST-18204,28,37.75,0.37,0,70,Two-Year,Bank Transfer,1
    CUST-18205,65,22.16,0.51,1,32,Month-to-Month,Bank Transfer,0
    CUST-18206,44,117.7,0.53,0,60,Month-to-Month,Electronic Check,1
    CUST-18207,43,51.0,0.06,6,42,Month-to-Month,Bank Transfer,1
    CUST-18208,37,20.26,0.75,1,40,Two-Year,Credit Card,1
    CUST-18209,66,133.42,0.43,2,27,One-Year,Electronic Check,0
    CUST-18210,17,77.69,0.89,3,104,One-Year,Credit Card,1
    CUST-18211,40,51.05,0.65,0,5,One-Year,Electronic Check,0
    CUST-18212,38,54.16,0.89,3,61,Two-Year,Electronic Check,1
    CUST-18213,61,51.27,0.41,2,61,Month-to-Month,Electronic Check,1
    CUST-18214,9,45.29,0.13,2,80,Month-to-Month,Bank Transfer,1
    CUST-18215,61,129.36,0.65,2,52,Month-to-Month,Bank Transfer,1
    CUST-18216,16,42.14,0.7,1,75,Month-to-Month,Bank Transfer,1
    CUST-18217,2,93.04,0.77,0,103,Month-to-Month,Electronic Check,1
    CUST-18218,43,30.05,0.27,4,89,One-Year,Bank Transfer,1
    CUST-18219,42,143.44,0.46,2,66,Two-Year,Bank Transfer,0
    CUST-18220,57,98.43,0.77,4,92,One-Year,Electronic Check,1
    CUST-18221,67,137.41,0.78,3,7,Month-to-Month,Bank Transfer,1
    CUST-18222,30,71.72,0.02,5,38,One-Year,Electronic Check,0
    CUST-18223,13,125.39,0.6,2,51,Month-to-Month,Bank Transfer,1
    CUST-18224,19,130.98,0.54,3,114,Two-Year,Electronic Check,1
    CUST-18225,7,111.38,0.08,3,1,Two-Year,Electronic Check,0
    CUST-18226,9,32.08,0.84,4,82,One-Year,Electronic Check,1
    CUST-18227,54,22.09,0.4,1,76,Month-to-Month,Bank Transfer,1
    CUST-18228,61,41.91,0.61,4,117,Month-to-Month,Electronic Check,1
    CUST-18229,2,35.35,0.79,2,49,Two-Year,Electronic Check,1
    CUST-18230,50,114.27,0.12,1,72,Month-to-Month,Credit Card,1
    CUST-18231,31,92.41,0.77,2,20,Month-to-Month,Credit Card,1
    CUST-18232,33,88.37,0.65,2,99,Month-to-Month,Electronic Check,1
    CUST-18233,11,52.87,0.76,4,42,One-Year,Electronic Check,1
    CUST-18234,33,40.1,0.45,3,16,Month-to-Month,Bank Transfer,1
    CUST-18235,7,46.85,0.03,3,114,Month-to-Month,Bank Transfer,1
    CUST-18236,31,72.04,0.6,0,33,Month-to-Month,Electronic Check,1
    CUST-18237,48,116.22,0.34,2,104,Month-to-Month,Bank Transfer,1
    CUST-18238,47,53.09,0.36,1,89,Month-to-Month,Bank Transfer,1
    CUST-18239,53,110.82,0.4,0,83,One-Year,Electronic Check,0
    CUST-18240,19,83.9,0.44,2,99,One-Year,Bank Transfer,1
    CUST-18241,6,135.11,0.6,2,16,Two-Year,Credit Card,1
    CUST-18242,49,50.28,0.65,1,16,Month-to-Month,Bank Transfer,1
    CUST-18243,50,78.61,0.7,3,48,Month-to-Month,Bank Transfer,1
    CUST-18244,12,32.57,0.6,1,89,Month-to-Month,Electronic Check,1
    CUST-18245,23,63.57,0.72,2,96,Month-to-Month,Bank Transfer,1
    CUST-18246,54,85.89,0.11,2,55,Month-to-Month,Credit Card,1
    CUST-18247,69,115.26,0.75,0,108,Month-to-Month,Electronic Check,1
    CUST-18248,59,45.75,0.35,2,28,One-Year,Credit Card,0
    CUST-18249,36,48.35,0.48,2,73,Month-to-Month,Bank Transfer,1
    CUST-18250,3,102.11,0.39,4,82,Month-to-Month,Electronic Check,1
    CUST-18251,58,69.72,0.43,1,23,One-Year,Electronic Check,0
    CUST-18252,55,82.67,0.26,2,30,One-Year,Electronic Check,0
    CUST-18253,57,128.7,0.15,1,61,Month-to-Month,Credit Card,1
    CUST-18254,17,84.88,0.09,0,96,Two-Year,Electronic Check,0
    CUST-18255,39,104.82,0.41,1,88,Month-to-Month,Bank Transfer,1
    CUST-18256,68,105.38,0.11,2,75,Month-to-Month,Electronic Check,0
    CUST-18257,55,124.47,0.22,0,116,Month-to-Month,Electronic Check,1
    CUST-18258,45,102.96,0.12,2,26,Month-to-Month,Bank Transfer,0
    CUST-18259,1,28.43,0.1,0,11,Month-to-Month,Electronic Check,0
    CUST-18260,21,64.48,0.79,3,20,One-Year,Electronic Check,1
    CUST-18261,21,148.61,0.61,2,44,Two-Year,Credit Card,1
    CUST-18262,52,45.55,0.83,3,18,Month-to-Month,Bank Transfer,1
    CUST-18263,43,96.27,0.58,3,34,Month-to-Month,Bank Transfer,1
    CUST-18264,52,129.58,0.76,1,100,Two-Year,Electronic Check,1
    CUST-18265,67,96.25,0.5,3,4,Month-to-Month,Credit Card,1
    CUST-18266,44,68.4,0.42,1,85,Month-to-Month,Credit Card,1
    CUST-18267,32,30.43,0.48,2,90,Month-to-Month,Credit Card,1
    CUST-18268,10,67.02,0.29,0,14,Month-to-Month,Credit Card,1
    CUST-18269,64,43.67,0.59,4,90,Month-to-Month,Credit Card,1
    CUST-18270,69,144.91,0.81,3,13,Month-to-Month,Bank Transfer,1
    CUST-18271,68,112.95,0.7,4,90,Month-to-Month,Electronic Check,1
    CUST-18272,28,117.42,0.42,2,41,Two-Year,Bank Transfer,1
    CUST-18273,53,76.68,0.86,0,79,Month-to-Month,Bank Transfer,1
    CUST-18274,51,34.3,0.89,5,91,One-Year,Bank Transfer,1
    CUST-18275,53,54.67,0.44,1,57,Month-to-Month,Credit Card,1
    CUST-18276,4,53.76,0.78,3,87,Month-to-Month,Credit Card,1
    CUST-18277,17,83.28,0.0,1,22,Month-to-Month,Bank Transfer,1
    CUST-18278,67,79.93,0.06,2,10,Two-Year,Bank Transfer,0
    CUST-18279,47,76.34,0.02,2,69,One-Year,Electronic Check,0
    CUST-18280,56,84.48,0.7,4,68,Month-to-Month,Credit Card,1
    CUST-18281,23,148.31,0.07,2,50,Two-Year,Electronic Check,0
    CUST-18282,18,58.79,0.02,3,100,One-Year,Electronic Check,1
    CUST-18283,1,99.98,0.13,1,16,Two-Year,Credit Card,0
    CUST-18284,35,51.14,0.28,1,96,One-Year,Electronic Check,1
    CUST-18285,64,80.66,0.42,3,11,Month-to-Month,Credit Card,0
    CUST-18286,58,46.01,0.06,3,103,One-Year,Electronic Check,0
    CUST-18287,59,92.56,0.45,3,97,Two-Year,Electronic Check,1
    CUST-18288,1,54.45,0.22,3,99,Month-to-Month,Credit Card,1
    CUST-18289,3,24.78,0.25,3,112,One-Year,Bank Transfer,1
    CUST-18290,67,125.99,0.74,0,68,Month-to-Month,Bank Transfer,1
    CUST-18291,37,36.67,0.89,0,87,Month-to-Month,Bank Transfer,1
    CUST-18292,29,67.85,0.42,1,67,Month-to-Month,Bank Transfer,1
    CUST-18293,33,82.03,0.29,1,20,Month-to-Month,Credit Card,0
    CUST-18294,61,76.22,0.84,0,65,One-Year,Electronic Check,0
    CUST-18295,4,114.34,0.45,0,33,Month-to-Month,Credit Card,1
    CUST-18296,14,97.58,0.66,0,10,Month-to-Month,Credit Card,1
    CUST-18297,33,58.4,0.37,1,108,One-Year,Credit Card,1
    CUST-18298,22,26.72,0.18,2,67,Two-Year,Electronic Check,1
    CUST-18299,48,119.79,0.59,0,55,Month-to-Month,Bank Transfer,1
    CUST-18300,3,65.83,0.6,1,32,Month-to-Month,Credit Card,1
    CUST-18301,23,135.66,0.41,2,45,Month-to-Month,Credit Card,1
    CUST-18302,68,71.36,0.24,0,59,Month-to-Month,Electronic Check,0
    CUST-18303,21,113.3,0.75,4,102,One-Year,Electronic Check,1
    CUST-18304,43,142.14,0.25,2,31,Two-Year,Credit Card,0
    CUST-18305,26,104.65,0.59,3,85,Month-to-Month,Electronic Check,1
    CUST-18306,41,73.75,0.35,0,88,Month-to-Month,Credit Card,1
    CUST-18307,38,93.76,0.43,0,88,One-Year,Credit Card,0
    CUST-18308,11,90.65,0.19,0,52,Month-to-Month,Credit Card,1
    CUST-18309,29,96.03,0.58,1,10,Month-to-Month,Electronic Check,1
    CUST-18310,60,39.09,0.2,0,6,One-Year,Bank Transfer,0
    CUST-18311,67,110.81,0.44,1,92,Month-to-Month,Credit Card,1
    CUST-18312,65,38.86,0.3,1,1,Month-to-Month,Credit Card,0
    CUST-18313,61,21.9,0.87,2,111,Month-to-Month,Credit Card,1
    CUST-18314,19,101.22,0.88,5,46,Two-Year,Credit Card,1
    CUST-18315,46,35.2,0.68,3,108,Month-to-Month,Credit Card,1
    CUST-18316,49,120.15,0.89,0,74,Month-to-Month,Bank Transfer,1
    CUST-18317,22,132.58,0.1,3,105,Month-to-Month,Credit Card,1
    CUST-18318,57,142.82,0.89,1,30,Month-to-Month,Electronic Check,1
    CUST-18319,14,106.38,0.09,0,117,Month-to-Month,Bank Transfer,1
    CUST-18320,44,82.66,0.37,2,79,Two-Year,Credit Card,1
    CUST-18321,16,65.8,0.22,0,78,Month-to-Month,Bank Transfer,1
    CUST-18322,12,83.82,0.86,3,63,One-Year,Credit Card,1
    CUST-18323,55,44.75,0.57,1,88,Month-to-Month,Bank Transfer,1
    CUST-18324,51,65.29,0.54,3,63,Month-to-Month,Credit Card,1
    CUST-18325,39,113.33,0.9,2,74,Month-to-Month,Electronic Check,1
    CUST-18326,33,48.26,0.55,1,90,Month-to-Month,Credit Card,1
    CUST-18327,33,54.33,0.58,2,1,Two-Year,Bank Transfer,1
    CUST-18328,29,117.41,0.04,5,20,Month-to-Month,Electronic Check,1
    CUST-18329,69,43.12,0.77,2,29,One-Year,Bank Transfer,0
    CUST-18330,70,51.97,0.87,3,34,Two-Year,Bank Transfer,1
    CUST-18331,31,22.28,0.86,0,66,Month-to-Month,Credit Card,1
    CUST-18332,31,113.61,0.2,0,66,Month-to-Month,Electronic Check,1
    CUST-18333,46,100.33,0.2,1,2,Month-to-Month,Credit Card,0
    CUST-18334,52,110.27,0.33,1,72,Month-to-Month,Bank Transfer,1
    CUST-18335,10,47.86,0.28,4,54,One-Year,Electronic Check,1
    CUST-18336,41,109.36,0.28,1,89,Two-Year,Credit Card,0
    CUST-18337,3,97.53,0.54,4,18,One-Year,Bank Transfer,1
    CUST-18338,59,67.6,0.73,1,109,Month-to-Month,Electronic Check,1
    CUST-18339,52,76.92,0.84,2,81,Month-to-Month,Credit Card,1
    CUST-18340,34,93.83,0.06,3,30,One-Year,Electronic Check,0
    CUST-18341,49,84.13,0.25,1,8,Two-Year,Electronic Check,0
    CUST-18342,28,103.44,0.23,4,42,One-Year,Credit Card,1
    CUST-18343,13,43.53,0.32,0,110,Month-to-Month,Bank Transfer,1
    CUST-18344,69,90.29,0.38,1,29,Month-to-Month,Credit Card,0
    CUST-18345,67,78.54,0.35,3,51,Two-Year,Credit Card,0
    CUST-18346,61,79.93,0.86,1,83,Month-to-Month,Electronic Check,1
    CUST-18347,60,81.02,0.39,3,101,Month-to-Month,Credit Card,1
    CUST-18348,71,134.59,0.5,4,24,One-Year,Electronic Check,1
    CUST-18349,24,126.42,0.67,4,82,Month-to-Month,Bank Transfer,1
    CUST-18350,63,101.84,0.65,3,10,Month-to-Month,Electronic Check,1
    CUST-18351,61,113.14,0.52,0,16,Month-to-Month,Credit Card,0
    CUST-18352,23,25.56,0.77,4,50,Two-Year,Credit Card,1
    CUST-18353,30,116.72,0.56,1,41,Month-to-Month,Credit Card,1
    CUST-18354,60,83.2,0.79,0,106,Two-Year,Bank Transfer,1
    CUST-18355,18,61.31,0.27,0,54,Month-to-Month,Credit Card,1
    CUST-18356,56,38.17,0.12,0,44,Two-Year,Credit Card,0
    CUST-18357,53,29.78,0.74,3,60,Two-Year,Electronic Check,1
    CUST-18358,7,25.84,0.34,1,69,Month-to-Month,Credit Card,1
    CUST-18359,69,41.03,0.59,1,79,One-Year,Electronic Check,0
    CUST-18360,52,23.92,0.66,1,23,Month-to-Month,Bank Transfer,1
    CUST-18361,4,115.24,0.29,2,95,Month-to-Month,Credit Card,1
    CUST-18362,34,52.32,0.45,1,94,One-Year,Bank Transfer,1
    CUST-18363,69,67.94,0.81,1,71,Two-Year,Credit Card,1
    CUST-18364,33,126.95,0.79,0,20,One-Year,Credit Card,1
    CUST-18365,69,34.91,0.67,2,39,Month-to-Month,Credit Card,1
    CUST-18366,38,128.63,0.69,2,3,Month-to-Month,Electronic Check,1
    CUST-18367,26,103.14,0.81,1,3,Two-Year,Electronic Check,1
    CUST-18368,1,64.46,0.66,1,31,Month-to-Month,Electronic Check,1
    CUST-18369,4,35.31,0.31,2,7,Month-to-Month,Credit Card,1
    CUST-18370,39,31.89,0.11,2,1,Month-to-Month,Credit Card,0
    CUST-18371,54,63.62,0.38,3,56,Month-to-Month,Credit Card,1
    CUST-18372,33,38.24,0.08,5,27,Month-to-Month,Electronic Check,1
    CUST-18373,33,54.8,0.1,1,114,Two-Year,Electronic Check,1
    CUST-18374,20,26.88,0.86,4,65,Two-Year,Bank Transfer,1
    CUST-18375,16,97.35,0.61,5,70,One-Year,Electronic Check,1
    CUST-18376,21,38.89,0.77,2,84,One-Year,Bank Transfer,1
    CUST-18377,45,118.38,0.58,2,39,Month-to-Month,Bank Transfer,1
    CUST-18378,62,48.36,0.38,3,108,Month-to-Month,Electronic Check,1
    CUST-18379,31,123.74,0.02,3,3,One-Year,Credit Card,0
    CUST-18380,42,44.68,0.86,4,59,Two-Year,Electronic Check,1
    CUST-18381,12,113.78,0.06,3,2,Month-to-Month,Bank Transfer,1
    CUST-18382,65,63.3,0.55,1,47,Two-Year,Credit Card,0
    CUST-18383,3,95.81,0.09,5,96,Two-Year,Electronic Check,1
    CUST-18384,9,25.03,0.26,2,20,Month-to-Month,Credit Card,1
    CUST-18385,51,84.38,0.17,1,100,Two-Year,Bank Transfer,1
    CUST-18386,16,39.33,0.5,3,27,One-Year,Electronic Check,1
    CUST-18387,3,83.22,0.8,0,84,Month-to-Month,Credit Card,1
    CUST-18388,24,38.38,0.57,0,19,Month-to-Month,Bank Transfer,1
    CUST-18389,13,76.82,0.6,5,55,One-Year,Electronic Check,1
    CUST-18390,2,34.38,0.82,0,63,Two-Year,Electronic Check,1
    CUST-18391,71,48.59,0.67,5,85,Month-to-Month,Credit Card,1
    CUST-18392,21,97.36,0.78,5,43,Month-to-Month,Credit Card,1
    CUST-18393,19,146.97,0.37,3,84,One-Year,Credit Card,1
    CUST-18394,47,78.39,0.78,3,5,Month-to-Month,Electronic Check,1
    CUST-18395,22,109.33,0.58,5,119,Two-Year,Credit Card,1
    CUST-18396,33,90.13,0.12,2,20,Two-Year,Credit Card,0
    CUST-18397,32,84.79,0.03,3,76,One-Year,Credit Card,0
    CUST-18398,64,28.41,0.22,0,112,Month-to-Month,Electronic Check,1
    CUST-18399,39,38.76,0.34,5,61,Two-Year,Electronic Check,1
    CUST-18400,42,134.8,0.75,0,62,Two-Year,Bank Transfer,0
    CUST-18401,9,73.32,0.67,0,74,Month-to-Month,Electronic Check,1
    CUST-18402,25,99.86,0.86,0,117,One-Year,Electronic Check,1
    CUST-18403,2,88.67,0.5,3,63,Month-to-Month,Credit Card,1
    CUST-18404,19,69.25,0.67,2,22,Month-to-Month,Credit Card,1
    CUST-18405,20,70.42,0.25,5,38,Month-to-Month,Electronic Check,1
    CUST-18406,70,92.21,0.61,1,92,Month-to-Month,Electronic Check,1
    CUST-18407,17,38.35,0.64,4,12,Two-Year,Credit Card,1
    CUST-18408,68,70.34,0.76,3,103,Month-to-Month,Credit Card,1
    CUST-18409,3,78.11,0.48,2,74,One-Year,Credit Card,1
    CUST-18410,51,148.07,0.58,2,112,Two-Year,Bank Transfer,1
    CUST-18411,26,65.69,0.18,4,61,One-Year,Credit Card,1
    CUST-18412,56,103.8,0.66,0,99,Two-Year,Bank Transfer,0
    CUST-18413,64,37.86,0.75,3,48,Two-Year,Electronic Check,0
    CUST-18414,8,28.51,0.53,4,108,One-Year,Credit Card,1
    CUST-18415,37,133.3,0.1,2,104,One-Year,Bank Transfer,1
    CUST-18416,27,115.0,0.28,1,101,Month-to-Month,Credit Card,1
    CUST-18417,45,61.27,0.43,5,17,Month-to-Month,Credit Card,1
    CUST-18418,4,85.6,0.61,1,116,Month-to-Month,Electronic Check,1
    CUST-18419,37,37.65,0.29,2,91,Month-to-Month,Bank Transfer,1
    CUST-18420,71,111.93,0.76,5,52,Month-to-Month,Bank Transfer,1
    CUST-18421,33,29.14,0.33,1,46,Two-Year,Credit Card,0
    CUST-18422,31,118.41,0.04,0,56,Two-Year,Electronic Check,0
    CUST-18423,55,91.09,0.71,0,29,Month-to-Month,Electronic Check,1
    CUST-18424,12,56.25,0.58,4,90,Month-to-Month,Electronic Check,1
    CUST-18425,11,132.13,0.72,4,73,Two-Year,Credit Card,1
    CUST-18426,32,148.19,0.31,0,51,One-Year,Electronic Check,0
    CUST-18427,57,53.07,0.02,3,76,Two-Year,Electronic Check,0
    CUST-18428,38,124.81,0.07,3,107,Month-to-Month,Electronic Check,1
    CUST-18429,60,117.52,0.1,1,26,Month-to-Month,Bank Transfer,0
    CUST-18430,19,117.13,0.72,2,97,Month-to-Month,Electronic Check,1
    CUST-18431,56,144.44,0.27,1,96,Month-to-Month,Electronic Check,1
    CUST-18432,14,83.26,0.9,4,75,Two-Year,Credit Card,1
    CUST-18433,33,107.64,0.68,1,29,Month-to-Month,Bank Transfer,1
    CUST-18434,10,127.1,0.54,1,59,Month-to-Month,Electronic Check,1
    CUST-18435,64,82.34,0.89,3,8,One-Year,Electronic Check,1
    CUST-18436,64,82.59,0.28,0,25,Month-to-Month,Bank Transfer,0
    CUST-18437,62,61.43,0.15,1,84,Month-to-Month,Bank Transfer,1
    CUST-18438,68,121.51,0.66,4,21,Two-Year,Electronic Check,1
    CUST-18439,43,109.21,0.25,4,4,Two-Year,Bank Transfer,0
    CUST-18440,59,78.65,0.86,1,36,Two-Year,Electronic Check,1
    CUST-18441,52,74.51,0.89,6,43,One-Year,Bank Transfer,1
    CUST-18442,19,29.44,0.83,2,93,One-Year,Electronic Check,1
    CUST-18443,21,20.85,0.85,1,83,Month-to-Month,Bank Transfer,1
    CUST-18444,22,88.76,0.55,2,26,Month-to-Month,Electronic Check,1
    CUST-18445,9,74.27,0.62,3,36,Month-to-Month,Bank Transfer,1
    CUST-18446,9,123.48,0.08,3,89,One-Year,Bank Transfer,1
    CUST-18447,27,90.55,0.69,2,23,Month-to-Month,Electronic Check,1
    CUST-18448,17,141.77,0.18,1,102,Two-Year,Credit Card,1
    CUST-18449,44,45.5,0.76,1,92,One-Year,Bank Transfer,1
    CUST-18450,45,148.72,0.87,2,41,Month-to-Month,Electronic Check,1
    CUST-18451,8,58.73,0.19,3,75,Month-to-Month,Credit Card,1
    CUST-18452,18,103.52,0.07,3,93,One-Year,Credit Card,1
    CUST-18453,33,85.24,0.44,2,44,Two-Year,Electronic Check,1
    CUST-18454,1,66.74,0.71,4,50,Two-Year,Bank Transfer,1
    CUST-18455,6,38.11,0.69,1,84,One-Year,Electronic Check,1
    CUST-18456,41,37.53,0.63,2,9,Month-to-Month,Bank Transfer,1
    CUST-18457,55,112.5,0.74,2,88,Two-Year,Credit Card,1
    CUST-18458,5,69.09,0.16,2,47,One-Year,Bank Transfer,1
    CUST-18459,59,144.97,0.59,2,113,Two-Year,Electronic Check,1
    CUST-18460,18,62.33,0.55,1,41,Month-to-Month,Electronic Check,1
    CUST-18461,49,147.86,0.14,1,13,One-Year,Credit Card,0
    CUST-18462,65,46.71,0.37,2,58,Two-Year,Electronic Check,0
    CUST-18463,54,33.37,0.77,3,66,Month-to-Month,Bank Transfer,1
    CUST-18464,61,60.63,0.87,3,81,One-Year,Electronic Check,1
    CUST-18465,8,135.13,0.6,2,114,Month-to-Month,Electronic Check,1
    CUST-18466,3,87.84,0.83,1,58,Month-to-Month,Electronic Check,1
    CUST-18467,25,37.63,0.12,2,91,Month-to-Month,Bank Transfer,1
    CUST-18468,69,46.32,0.88,6,102,Two-Year,Bank Transfer,1
    CUST-18469,55,60.46,0.03,2,66,Month-to-Month,Credit Card,1
    CUST-18470,40,96.72,0.47,4,33,Two-Year,Bank Transfer,1
    CUST-18471,50,63.21,0.26,5,69,One-Year,Electronic Check,0
    CUST-18472,33,117.12,0.73,2,78,Month-to-Month,Electronic Check,1
    CUST-18473,18,100.12,0.2,0,27,Month-to-Month,Bank Transfer,1
    CUST-18474,57,133.6,0.01,2,50,Month-to-Month,Bank Transfer,0
    CUST-18475,16,85.13,0.37,6,59,Two-Year,Credit Card,1
    CUST-18476,38,63.05,0.06,2,100,Month-to-Month,Bank Transfer,1
    CUST-18477,41,149.52,0.26,4,91,Month-to-Month,Credit Card,1
    CUST-18478,7,66.23,0.58,1,78,Month-to-Month,Credit Card,1
    CUST-18479,53,75.72,0.27,2,79,Month-to-Month,Bank Transfer,1
    CUST-18480,63,125.19,0.22,1,27,One-Year,Credit Card,0
    CUST-18481,32,31.52,0.14,2,59,Month-to-Month,Credit Card,1
    CUST-18482,38,70.24,0.12,3,56,Month-to-Month,Electronic Check,1
    CUST-18483,22,31.14,0.47,2,118,Month-to-Month,Electronic Check,1
    CUST-18484,16,38.11,0.61,2,72,Month-to-Month,Electronic Check,1
    CUST-18485,52,20.6,0.41,1,85,One-Year,Bank Transfer,0
    CUST-18486,29,21.24,0.11,4,34,One-Year,Electronic Check,1
    CUST-18487,16,69.44,0.58,5,49,One-Year,Credit Card,1
    CUST-18488,17,125.19,0.5,0,92,Month-to-Month,Electronic Check,1
    CUST-18489,64,96.31,0.34,2,88,Month-to-Month,Electronic Check,1
    CUST-18490,13,102.54,0.3,3,17,Two-Year,Bank Transfer,1
    CUST-18491,56,87.5,0.16,2,116,Month-to-Month,Bank Transfer,1
    CUST-18492,5,126.57,0.13,0,70,Month-to-Month,Bank Transfer,1
    CUST-18493,12,134.45,0.3,4,38,Month-to-Month,Bank Transfer,1
    CUST-18494,41,130.47,0.04,6,83,Month-to-Month,Electronic Check,1
    CUST-18495,3,125.58,0.39,3,1,One-Year,Credit Card,1
    CUST-18496,33,43.75,0.54,1,38,Month-to-Month,Credit Card,1
    CUST-18497,50,97.2,0.85,0,26,Month-to-Month,Electronic Check,1
    CUST-18498,56,95.68,0.56,1,69,One-Year,Credit Card,1
    CUST-18499,9,88.63,0.56,4,68,Two-Year,Credit Card,1
    CUST-18500,50,82.51,0.34,1,25,Month-to-Month,Electronic Check,1
    CUST-18501,29,31.59,0.12,3,109,Month-to-Month,Bank Transfer,1
    CUST-18502,39,33.28,0.4,1,116,Month-to-Month,Electronic Check,1
    CUST-18503,45,137.3,0.54,0,113,Month-to-Month,Bank Transfer,1
    CUST-18504,17,101.92,0.65,1,58,Month-to-Month,Credit Card,1
    CUST-18505,56,54.1,0.74,3,45,Month-to-Month,Bank Transfer,1
    CUST-18506,46,56.31,0.23,3,22,Month-to-Month,Bank Transfer,1
    CUST-18507,67,99.33,0.22,1,48,One-Year,Credit Card,0
    CUST-18508,69,72.9,0.51,2,13,Month-to-Month,Bank Transfer,1
    CUST-18509,14,77.37,0.51,0,87,Two-Year,Credit Card,1
    CUST-18510,67,27.88,0.2,0,97,Month-to-Month,Credit Card,0
    CUST-18511,23,38.04,0.53,0,25,One-Year,Electronic Check,0
    CUST-18512,61,71.14,0.31,0,10,Two-Year,Electronic Check,0
    CUST-18513,23,110.96,0.58,1,18,Two-Year,Electronic Check,1
    CUST-18514,27,26.24,0.26,1,55,Month-to-Month,Credit Card,1
    CUST-18515,54,63.49,0.53,1,27,Month-to-Month,Bank Transfer,1
    CUST-18516,10,110.36,0.69,5,56,Two-Year,Bank Transfer,1
    CUST-18517,16,122.97,0.88,0,56,Month-to-Month,Electronic Check,1
    CUST-18518,41,44.73,0.82,2,49,Two-Year,Electronic Check,1
    CUST-18519,55,115.09,0.45,3,26,One-Year,Electronic Check,0
    CUST-18520,61,144.2,0.44,2,113,Two-Year,Credit Card,1
    CUST-18521,49,137.89,0.39,0,106,One-Year,Credit Card,0
    CUST-18522,52,122.62,0.02,3,116,Two-Year,Electronic Check,0
    CUST-18523,2,112.6,0.15,5,2,Month-to-Month,Credit Card,1
    CUST-18524,50,50.57,0.05,3,74,Month-to-Month,Electronic Check,1
    CUST-18525,43,102.41,0.63,3,60,Month-to-Month,Bank Transfer,1
    CUST-18526,8,103.63,0.37,2,84,Month-to-Month,Credit Card,1
    CUST-18527,59,72.89,0.06,4,38,Month-to-Month,Credit Card,1
    CUST-18528,65,84.09,0.62,4,3,Two-Year,Credit Card,1
    CUST-18529,12,110.22,0.58,2,74,One-Year,Credit Card,1
    CUST-18530,4,143.77,0.65,2,92,One-Year,Bank Transfer,1
    CUST-18531,41,58.39,0.54,4,83,Month-to-Month,Bank Transfer,1
    CUST-18532,7,52.03,0.15,5,81,Two-Year,Credit Card,1
    CUST-18533,69,98.23,0.06,2,108,Month-to-Month,Bank Transfer,1
    CUST-18534,69,37.0,0.74,2,53,Month-to-Month,Electronic Check,1
    CUST-18535,30,95.73,0.19,3,44,One-Year,Bank Transfer,0
    CUST-18536,6,31.55,0.49,3,23,Two-Year,Electronic Check,1
    CUST-18537,19,83.78,0.44,2,28,Month-to-Month,Credit Card,1
    CUST-18538,66,100.65,0.83,2,91,Month-to-Month,Electronic Check,1
    CUST-18539,10,29.11,0.5,3,32,Month-to-Month,Electronic Check,1
    CUST-18540,16,46.9,0.52,3,102,Month-to-Month,Bank Transfer,1
    CUST-18541,37,63.6,0.29,3,76,Two-Year,Credit Card,1
    CUST-18542,32,67.92,0.86,3,20,One-Year,Bank Transfer,1
    CUST-18543,47,107.89,0.55,1,6,Month-to-Month,Bank Transfer,1
    CUST-18544,43,88.77,0.0,3,3,Month-to-Month,Credit Card,0
    CUST-18545,36,69.67,0.5,3,3,Month-to-Month,Credit Card,1
    CUST-18546,26,78.59,0.33,1,23,One-Year,Bank Transfer,0
    CUST-18547,10,21.69,0.03,2,73,Two-Year,Bank Transfer,1
    CUST-18548,31,120.17,0.39,0,33,One-Year,Electronic Check,0
    CUST-18549,29,25.33,0.7,2,36,Month-to-Month,Electronic Check,1
    CUST-18550,5,127.81,0.45,4,64,Month-to-Month,Bank Transfer,1
    CUST-18551,1,90.33,0.58,1,12,Two-Year,Bank Transfer,1
    CUST-18552,3,88.62,0.58,3,62,Month-to-Month,Bank Transfer,1
    CUST-18553,67,111.6,0.6,2,26,Month-to-Month,Bank Transfer,1
    CUST-18554,71,131.74,0.35,3,37,Month-to-Month,Bank Transfer,1
    CUST-18555,35,142.54,0.33,0,114,Month-to-Month,Credit Card,1
    CUST-18556,15,90.64,0.0,3,48,Two-Year,Bank Transfer,0
    CUST-18557,67,39.59,0.14,2,74,Month-to-Month,Bank Transfer,0
    CUST-18558,30,134.22,0.86,1,44,One-Year,Electronic Check,1
    CUST-18559,43,25.29,0.76,1,11,Month-to-Month,Credit Card,1
    CUST-18560,60,124.95,0.25,4,83,Month-to-Month,Electronic Check,1
    CUST-18561,40,108.45,0.36,6,69,One-Year,Bank Transfer,1
    CUST-18562,65,137.61,0.85,2,24,Two-Year,Bank Transfer,1
    CUST-18563,29,136.67,0.23,4,99,Month-to-Month,Bank Transfer,1
    CUST-18564,19,26.91,0.48,3,92,One-Year,Bank Transfer,1
    CUST-18565,3,99.23,0.02,3,94,Two-Year,Bank Transfer,1
    CUST-18566,36,36.21,0.56,0,19,Two-Year,Credit Card,0
    CUST-18567,43,30.2,0.84,2,70,Month-to-Month,Credit Card,1
    CUST-18568,15,78.28,0.8,1,56,Month-to-Month,Credit Card,1
    CUST-18569,41,32.69,0.45,2,49,One-Year,Credit Card,0
    CUST-18570,36,114.63,0.58,1,119,One-Year,Credit Card,1
    CUST-18571,33,145.96,0.51,3,109,Month-to-Month,Electronic Check,1
    CUST-18572,5,94.05,0.06,2,103,Month-to-Month,Electronic Check,1
    CUST-18573,14,50.57,0.14,3,83,One-Year,Credit Card,1
    CUST-18574,68,129.62,0.87,1,115,Month-to-Month,Bank Transfer,1
    CUST-18575,47,130.9,0.23,3,57,Month-to-Month,Bank Transfer,1
    CUST-18576,54,115.26,0.35,3,95,One-Year,Bank Transfer,1
    CUST-18577,4,99.97,0.46,2,108,One-Year,Credit Card,1
    CUST-18578,9,132.81,0.88,5,11,Month-to-Month,Credit Card,1
    CUST-18579,53,41.23,0.62,1,63,Two-Year,Bank Transfer,0
    CUST-18580,60,141.11,0.57,1,81,Month-to-Month,Electronic Check,1
    CUST-18581,46,143.14,0.47,3,17,Month-to-Month,Electronic Check,1
    CUST-18582,54,133.36,0.63,1,114,Two-Year,Electronic Check,1
    CUST-18583,37,52.59,0.6,2,15,Month-to-Month,Electronic Check,1
    CUST-18584,23,131.56,0.81,1,70,Month-to-Month,Bank Transfer,1
    CUST-18585,27,84.69,0.49,2,62,Month-to-Month,Electronic Check,1
    CUST-18586,70,97.34,0.38,2,32,Month-to-Month,Credit Card,1
    CUST-18587,66,129.28,0.73,1,40,Month-to-Month,Credit Card,1
    CUST-18588,61,23.85,0.72,2,11,Two-Year,Credit Card,0
    CUST-18589,51,67.18,0.15,1,13,Month-to-Month,Electronic Check,0
    CUST-18590,50,126.04,0.21,1,81,Month-to-Month,Credit Card,1
    CUST-18591,19,125.81,0.86,3,28,Two-Year,Credit Card,1
    CUST-18592,1,130.33,0.4,1,113,Month-to-Month,Credit Card,1
    CUST-18593,40,42.0,0.47,2,82,One-Year,Credit Card,1
    CUST-18594,32,111.77,0.28,2,28,Month-to-Month,Bank Transfer,1
    CUST-18595,22,39.05,0.43,1,48,Two-Year,Electronic Check,1
    CUST-18596,66,122.06,0.67,3,55,Month-to-Month,Electronic Check,1
    CUST-18597,40,51.87,0.43,0,16,One-Year,Electronic Check,0
    CUST-18598,38,115.92,0.28,3,36,Two-Year,Bank Transfer,0
    CUST-18599,48,79.15,0.09,2,113,Month-to-Month,Electronic Check,1
    CUST-18600,55,148.21,0.84,2,40,Two-Year,Bank Transfer,1
    CUST-18601,55,95.39,0.78,2,20,One-Year,Credit Card,0
    CUST-18602,51,102.24,0.71,2,103,Two-Year,Bank Transfer,1
    CUST-18603,60,67.86,0.62,2,91,Two-Year,Electronic Check,1
    CUST-18604,8,115.49,0.46,0,104,Month-to-Month,Bank Transfer,1
    CUST-18605,68,84.34,0.81,4,97,One-Year,Bank Transfer,1
    CUST-18606,9,22.35,0.71,2,2,Two-Year,Credit Card,1
    CUST-18607,2,99.12,0.73,2,77,Month-to-Month,Bank Transfer,1
    CUST-18608,70,127.96,0.28,6,2,One-Year,Bank Transfer,0
    CUST-18609,59,50.78,0.38,3,101,Month-to-Month,Bank Transfer,1
    CUST-18610,19,48.74,0.64,2,69,One-Year,Bank Transfer,1
    CUST-18611,28,99.16,0.33,6,70,One-Year,Electronic Check,1
    CUST-18612,14,126.34,0.44,3,50,One-Year,Credit Card,1
    CUST-18613,24,52.45,0.58,1,96,Two-Year,Bank Transfer,1
    CUST-18614,44,141.19,0.39,1,48,Month-to-Month,Credit Card,1
    CUST-18615,56,140.56,0.71,2,24,One-Year,Credit Card,1
    CUST-18616,51,46.07,0.1,4,81,Month-to-Month,Electronic Check,1
    CUST-18617,32,54.29,0.65,2,9,Two-Year,Bank Transfer,1
    CUST-18618,50,111.08,0.13,2,117,Two-Year,Bank Transfer,1
    CUST-18619,41,143.73,0.84,1,40,Two-Year,Electronic Check,1
    CUST-18620,66,112.28,0.28,4,40,Two-Year,Electronic Check,0
    CUST-18621,25,77.84,0.72,2,2,Two-Year,Electronic Check,1
    CUST-18622,61,41.97,0.47,1,73,Two-Year,Credit Card,1
    CUST-18623,66,79.93,0.08,1,6,Month-to-Month,Bank Transfer,0
    CUST-18624,42,98.88,0.52,1,19,Month-to-Month,Bank Transfer,1
    CUST-18625,65,63.02,0.82,6,97,Two-Year,Bank Transfer,1
    CUST-18626,36,86.33,0.14,4,19,One-Year,Electronic Check,0
    CUST-18627,9,36.93,0.29,2,33,Two-Year,Credit Card,0
    CUST-18628,36,78.78,0.4,3,117,One-Year,Credit Card,1
    CUST-18629,38,31.8,0.25,1,109,Month-to-Month,Electronic Check,1
    CUST-18630,33,26.38,0.85,2,61,Two-Year,Bank Transfer,1
    CUST-18631,42,131.44,0.34,2,30,One-Year,Bank Transfer,0
    CUST-18632,61,46.66,0.59,3,103,One-Year,Credit Card,1
    CUST-18633,46,94.77,0.2,2,117,Month-to-Month,Credit Card,1
    CUST-18634,61,39.37,0.2,4,62,One-Year,Bank Transfer,0
    CUST-18635,18,54.13,0.16,1,13,Month-to-Month,Electronic Check,1
    CUST-18636,70,66.97,0.39,5,18,Two-Year,Electronic Check,0
    CUST-18637,15,38.68,0.48,0,2,Two-Year,Credit Card,0
    CUST-18638,48,25.98,0.01,2,3,Month-to-Month,Electronic Check,0
    CUST-18639,13,134.03,0.75,1,6,Month-to-Month,Electronic Check,1
    CUST-18640,43,21.54,0.46,2,28,Month-to-Month,Bank Transfer,1
    CUST-18641,60,27.97,0.14,1,77,One-Year,Bank Transfer,0
    CUST-18642,57,124.66,0.06,1,84,Two-Year,Electronic Check,0
    CUST-18643,71,56.66,0.06,0,32,Month-to-Month,Credit Card,0
    CUST-18644,17,113.97,0.23,4,60,Month-to-Month,Bank Transfer,1
    CUST-18645,50,39.01,0.45,2,31,Two-Year,Bank Transfer,1
    CUST-18646,32,50.85,0.77,4,61,Month-to-Month,Bank Transfer,1
    CUST-18647,22,94.46,0.81,1,9,Month-to-Month,Credit Card,1
    CUST-18648,55,148.52,0.75,6,67,Month-to-Month,Bank Transfer,1
    CUST-18649,57,29.55,0.3,4,54,Two-Year,Bank Transfer,1
    CUST-18650,13,72.07,0.28,5,95,Month-to-Month,Electronic Check,1
    CUST-18651,47,25.6,0.89,0,79,Month-to-Month,Credit Card,1
    CUST-18652,62,45.9,0.61,4,68,Two-Year,Electronic Check,1
    CUST-18653,54,137.97,0.27,2,113,Month-to-Month,Electronic Check,1
    CUST-18654,29,32.54,0.3,4,17,One-Year,Electronic Check,0
    CUST-18655,22,131.39,0.39,2,109,Month-to-Month,Electronic Check,1
    CUST-18656,65,43.11,0.56,1,59,One-Year,Electronic Check,0
    CUST-18657,29,132.03,0.81,4,31,Month-to-Month,Electronic Check,1
    CUST-18658,48,89.94,0.18,4,93,One-Year,Bank Transfer,1
    CUST-18659,5,134.17,0.08,0,75,Month-to-Month,Credit Card,1
    CUST-18660,35,39.72,0.37,0,61,One-Year,Electronic Check,1
    CUST-18661,71,119.06,0.22,1,96,One-Year,Credit Card,0
    CUST-18662,46,108.49,0.52,1,40,Two-Year,Credit Card,0
    CUST-18663,35,90.58,0.63,1,3,Month-to-Month,Bank Transfer,1
    CUST-18664,45,125.38,0.28,2,50,One-Year,Credit Card,1
    CUST-18665,13,104.28,0.62,0,1,Two-Year,Credit Card,0
    CUST-18666,10,134.02,0.31,0,8,Month-to-Month,Credit Card,1
    CUST-18667,66,69.54,0.57,5,62,Month-to-Month,Credit Card,1
    CUST-18668,70,96.69,0.57,3,64,One-Year,Bank Transfer,1
    CUST-18669,25,133.18,0.25,4,41,Month-to-Month,Bank Transfer,1
    CUST-18670,44,47.93,0.57,3,17,Month-to-Month,Electronic Check,1
    CUST-18671,60,83.15,0.34,1,72,Month-to-Month,Credit Card,1
    CUST-18672,47,144.9,0.3,2,43,Two-Year,Credit Card,1
    CUST-18673,40,81.57,0.26,1,97,Month-to-Month,Bank Transfer,1
    CUST-18674,7,52.87,0.31,1,90,Month-to-Month,Bank Transfer,1
    CUST-18675,46,65.64,0.71,2,2,Month-to-Month,Bank Transfer,1
    CUST-18676,23,135.06,0.22,2,47,Two-Year,Credit Card,1
    CUST-18677,46,144.13,0.61,2,60,Month-to-Month,Bank Transfer,1
    CUST-18678,13,143.51,0.81,3,49,Month-to-Month,Credit Card,1
    CUST-18679,21,110.86,0.32,3,93,Two-Year,Bank Transfer,1
    CUST-18680,1,86.25,0.03,1,15,One-Year,Credit Card,0
    CUST-18681,19,43.75,0.02,1,94,Two-Year,Electronic Check,0
    CUST-18682,60,36.02,0.13,1,50,Month-to-Month,Bank Transfer,0
    CUST-18683,33,27.77,0.1,2,108,Month-to-Month,Electronic Check,1
    CUST-18684,4,22.3,0.67,2,46,Two-Year,Bank Transfer,1
    CUST-18685,3,134.16,0.27,2,76,Two-Year,Bank Transfer,1
    CUST-18686,52,125.18,0.59,2,2,One-Year,Credit Card,0
    CUST-18687,28,93.82,0.04,2,85,Two-Year,Electronic Check,0
    CUST-18688,70,149.83,0.27,0,29,Two-Year,Credit Card,0
    CUST-18689,70,143.9,0.21,0,29,Month-to-Month,Credit Card,0
    CUST-18690,55,105.16,0.25,1,80,Two-Year,Credit Card,0
    CUST-18691,57,80.39,0.17,1,115,Month-to-Month,Credit Card,1
    CUST-18692,16,39.78,0.56,1,95,Two-Year,Bank Transfer,1
    CUST-18693,24,87.03,0.6,1,61,Month-to-Month,Credit Card,1
    CUST-18694,69,40.51,0.13,3,97,Month-to-Month,Bank Transfer,1
    CUST-18695,41,71.8,0.67,6,66,One-Year,Bank Transfer,1
    CUST-18696,47,142.54,0.23,2,44,Two-Year,Credit Card,0
    CUST-18697,69,64.46,0.25,1,4,Month-to-Month,Bank Transfer,0
    CUST-18698,31,39.86,0.75,0,39,Month-to-Month,Electronic Check,1
    CUST-18699,30,95.71,0.81,0,60,One-Year,Electronic Check,1
    CUST-18700,18,98.31,0.74,2,49,Month-to-Month,Electronic Check,1
    CUST-18701,44,45.19,0.13,2,5,Month-to-Month,Electronic Check,0
    CUST-18702,27,45.56,0.9,3,66,Month-to-Month,Bank Transfer,1
    CUST-18703,26,148.64,0.6,3,45,Month-to-Month,Bank Transfer,1
    CUST-18704,60,51.63,0.46,4,60,One-Year,Electronic Check,1
    CUST-18705,18,128.96,0.86,4,8,Month-to-Month,Electronic Check,1
    CUST-18706,56,81.14,0.74,2,50,Two-Year,Electronic Check,1
    CUST-18707,31,76.55,0.62,1,36,Month-to-Month,Electronic Check,1
    CUST-18708,59,58.35,0.75,1,70,Two-Year,Bank Transfer,1
    CUST-18709,2,120.6,0.35,3,41,One-Year,Electronic Check,1
    CUST-18710,39,134.49,0.62,3,10,Month-to-Month,Electronic Check,1
    CUST-18711,61,53.95,0.17,0,36,Month-to-Month,Credit Card,0
    CUST-18712,63,32.36,0.89,0,68,Month-to-Month,Credit Card,1
    CUST-18713,18,37.8,0.53,0,103,Month-to-Month,Bank Transfer,1
    CUST-18714,17,123.06,0.73,1,14,Month-to-Month,Electronic Check,1
    CUST-18715,39,76.66,0.37,2,76,One-Year,Electronic Check,0
    CUST-18716,71,37.15,0.68,3,111,Two-Year,Credit Card,1
    CUST-18717,54,64.24,0.35,1,17,Month-to-Month,Electronic Check,1
    CUST-18718,35,86.85,0.53,3,21,Month-to-Month,Electronic Check,1
    CUST-18719,11,130.77,0.7,3,117,Two-Year,Electronic Check,1
    CUST-18720,61,103.43,0.1,2,77,One-Year,Credit Card,0
    CUST-18721,44,42.88,0.32,4,97,Month-to-Month,Credit Card,1
    CUST-18722,68,40.63,0.49,2,54,Month-to-Month,Electronic Check,1
    CUST-18723,25,73.6,0.3,2,13,Month-to-Month,Electronic Check,1
    CUST-18724,48,29.78,0.28,1,48,Month-to-Month,Electronic Check,1
    CUST-18725,32,118.23,0.25,1,45,Two-Year,Electronic Check,0
    CUST-18726,4,72.19,0.21,2,9,One-Year,Bank Transfer,1
    CUST-18727,38,64.59,0.76,3,55,Two-Year,Credit Card,1
    CUST-18728,63,86.18,0.83,2,50,Two-Year,Bank Transfer,1
    CUST-18729,47,112.16,0.63,3,112,Month-to-Month,Bank Transfer,1
    CUST-18730,1,94.02,0.03,1,20,Month-to-Month,Bank Transfer,1
    CUST-18731,3,124.31,0.71,0,108,Two-Year,Bank Transfer,1
    CUST-18732,62,101.82,0.48,4,40,Month-to-Month,Electronic Check,1
    CUST-18733,64,122.44,0.68,1,1,Month-to-Month,Electronic Check,1
    CUST-18734,17,110.58,0.39,2,77,Month-to-Month,Electronic Check,1
    CUST-18735,62,45.11,0.04,5,86,Month-to-Month,Electronic Check,1
    CUST-18736,35,26.81,0.61,3,115,Month-to-Month,Credit Card,1
    CUST-18737,13,137.44,0.4,1,77,Month-to-Month,Credit Card,1
    CUST-18738,35,142.94,0.79,4,64,Month-to-Month,Electronic Check,1
    CUST-18739,43,114.5,0.66,0,35,Month-to-Month,Electronic Check,1
    CUST-18740,2,114.15,0.32,2,65,Month-to-Month,Electronic Check,1
    CUST-18741,56,55.12,0.65,3,110,Month-to-Month,Electronic Check,1
    CUST-18742,51,90.52,0.45,3,53,Month-to-Month,Electronic Check,1
    CUST-18743,54,148.99,0.18,0,97,One-Year,Credit Card,0
    CUST-18744,16,131.3,0.38,0,61,Two-Year,Credit Card,1
    CUST-18745,18,59.57,0.2,1,5,Two-Year,Electronic Check,0
    CUST-18746,7,59.14,0.0,2,94,Two-Year,Credit Card,1
    CUST-18747,45,82.87,0.22,2,69,One-Year,Credit Card,0
    CUST-18748,36,72.6,0.19,2,107,Two-Year,Bank Transfer,1
    CUST-18749,41,68.25,0.0,3,89,Two-Year,Electronic Check,1
    CUST-18750,42,101.51,0.71,5,60,One-Year,Electronic Check,1
    CUST-18751,7,21.49,0.07,2,90,One-Year,Credit Card,0
    CUST-18752,15,119.23,0.4,2,19,Month-to-Month,Credit Card,1
    CUST-18753,60,116.21,0.38,1,76,Month-to-Month,Credit Card,1
    CUST-18754,40,127.94,0.16,2,57,Month-to-Month,Credit Card,1
    CUST-18755,37,129.39,0.87,4,8,One-Year,Electronic Check,1
    CUST-18756,66,93.63,0.54,3,74,Month-to-Month,Credit Card,1
    CUST-18757,55,121.41,0.73,4,18,Two-Year,Credit Card,1
    CUST-18758,56,84.01,0.45,2,105,Month-to-Month,Electronic Check,1
    CUST-18759,44,143.7,0.65,3,11,Month-to-Month,Credit Card,1
    CUST-18760,57,44.79,0.87,2,62,Month-to-Month,Bank Transfer,1
    CUST-18761,6,139.03,0.31,1,30,One-Year,Electronic Check,0
    CUST-18762,32,53.61,0.45,3,5,Month-to-Month,Credit Card,1
    CUST-18763,18,33.35,0.46,2,88,Month-to-Month,Credit Card,1
    CUST-18764,68,77.08,0.89,1,109,One-Year,Electronic Check,1
    CUST-18765,7,99.94,0.21,2,77,Two-Year,Credit Card,1
    CUST-18766,8,50.03,0.61,3,56,One-Year,Bank Transfer,1
    CUST-18767,64,92.25,0.12,3,36,Month-to-Month,Bank Transfer,1
    CUST-18768,7,125.03,0.83,2,113,One-Year,Electronic Check,1
    CUST-18769,41,53.42,0.53,4,27,One-Year,Bank Transfer,1
    CUST-18770,40,95.44,0.77,1,32,Month-to-Month,Electronic Check,1
    CUST-18771,3,64.11,0.81,2,14,Month-to-Month,Bank Transfer,1
    CUST-18772,17,88.87,0.5,0,41,Two-Year,Electronic Check,1
    CUST-18773,66,106.7,0.61,1,118,Two-Year,Credit Card,1
    CUST-18774,52,65.55,0.63,8,66,Month-to-Month,Credit Card,1
    CUST-18775,22,149.28,0.41,3,4,One-Year,Electronic Check,1
    CUST-18776,4,93.29,0.39,0,11,Month-to-Month,Bank Transfer,1
    CUST-18777,6,127.18,0.17,2,106,One-Year,Electronic Check,1
    CUST-18778,38,114.27,0.35,1,101,Month-to-Month,Credit Card,1
    CUST-18779,26,130.86,0.89,2,48,Month-to-Month,Electronic Check,1
    CUST-18780,11,42.59,0.24,1,102,Month-to-Month,Credit Card,1
    CUST-18781,17,48.93,0.69,0,37,One-Year,Electronic Check,1
    CUST-18782,31,83.36,0.05,1,13,Month-to-Month,Electronic Check,0
    CUST-18783,35,130.8,0.42,5,73,Month-to-Month,Bank Transfer,1
    CUST-18784,16,45.69,0.05,6,42,One-Year,Credit Card,1
    CUST-18785,18,146.24,0.43,1,27,Two-Year,Electronic Check,1
    CUST-18786,62,36.59,0.02,1,66,Two-Year,Electronic Check,0
    CUST-18787,27,42.76,0.55,0,47,Month-to-Month,Bank Transfer,1
    CUST-18788,35,41.74,0.53,0,91,One-Year,Electronic Check,1
    CUST-18789,45,96.18,0.72,0,76,Two-Year,Electronic Check,1
    CUST-18790,35,139.28,0.52,2,12,Two-Year,Electronic Check,0
    CUST-18791,28,53.16,0.83,1,67,Month-to-Month,Bank Transfer,1
    CUST-18792,9,91.89,0.7,2,26,Month-to-Month,Bank Transfer,1
    CUST-18793,15,42.85,0.12,2,79,Two-Year,Bank Transfer,1
    CUST-18794,21,102.05,0.24,3,27,Month-to-Month,Electronic Check,1
    CUST-18795,52,36.02,0.02,1,115,One-Year,Electronic Check,0
    CUST-18796,35,83.87,0.35,0,109,Two-Year,Electronic Check,0
    CUST-18797,51,105.17,0.46,2,35,One-Year,Bank Transfer,1
    CUST-18798,55,95.29,0.85,1,13,One-Year,Electronic Check,0
    CUST-18799,44,38.2,0.47,0,118,Month-to-Month,Electronic Check,1
    CUST-18800,65,40.98,0.7,1,56,Month-to-Month,Electronic Check,1
    CUST-18801,25,107.28,0.24,2,69,One-Year,Electronic Check,1
    CUST-18802,47,125.16,0.14,2,43,One-Year,Credit Card,0
    CUST-18803,56,138.05,0.73,1,118,Month-to-Month,Bank Transfer,1
    CUST-18804,38,125.77,0.22,0,81,Month-to-Month,Electronic Check,1
    CUST-18805,11,146.61,0.78,1,83,Month-to-Month,Electronic Check,1
    CUST-18806,67,73.07,0.15,0,84,One-Year,Bank Transfer,0
    CUST-18807,15,63.05,0.77,2,59,Month-to-Month,Electronic Check,1
    CUST-18808,1,23.66,0.7,0,87,Month-to-Month,Electronic Check,1
    CUST-18809,7,78.49,0.55,0,12,Month-to-Month,Electronic Check,1
    CUST-18810,1,104.68,0.77,2,96,One-Year,Credit Card,1
    CUST-18811,49,126.0,0.3,1,29,Month-to-Month,Credit Card,0
    CUST-18812,29,54.77,0.15,3,5,Month-to-Month,Bank Transfer,1
    CUST-18813,26,86.77,0.14,4,49,Month-to-Month,Bank Transfer,1
    CUST-18814,45,106.06,0.24,2,64,Two-Year,Electronic Check,0
    CUST-18815,71,91.71,0.4,2,115,Month-to-Month,Electronic Check,1
    CUST-18816,12,55.62,0.79,2,43,Month-to-Month,Electronic Check,1
    CUST-18817,32,123.52,0.08,3,66,Month-to-Month,Electronic Check,1
    CUST-18818,20,42.54,0.82,0,6,Month-to-Month,Credit Card,1
    CUST-18819,51,137.65,0.83,3,85,One-Year,Electronic Check,1
    CUST-18820,36,143.84,0.65,3,99,Month-to-Month,Bank Transfer,1
    CUST-18821,67,67.52,0.81,2,15,Two-Year,Bank Transfer,1
    CUST-18822,1,68.9,0.69,0,18,One-Year,Credit Card,1
    CUST-18823,27,116.63,0.48,2,49,Two-Year,Bank Transfer,0
    CUST-18824,40,79.32,0.54,3,47,Month-to-Month,Bank Transfer,1
    CUST-18825,14,23.72,0.57,2,2,Month-to-Month,Bank Transfer,1
    CUST-18826,69,139.58,0.11,2,5,One-Year,Credit Card,0
    CUST-18827,6,76.0,0.17,1,37,Month-to-Month,Credit Card,1
    CUST-18828,33,46.45,0.47,3,105,Month-to-Month,Electronic Check,1
    CUST-18829,55,92.24,0.1,0,6,Month-to-Month,Bank Transfer,0
    CUST-18830,19,48.46,0.87,3,115,Month-to-Month,Bank Transfer,1
    CUST-18831,29,46.78,0.46,2,42,Month-to-Month,Bank Transfer,1
    CUST-18832,61,90.95,0.34,4,51,Month-to-Month,Electronic Check,1
    CUST-18833,70,70.84,0.14,4,83,Month-to-Month,Credit Card,1
    CUST-18834,24,94.49,0.37,2,16,Two-Year,Electronic Check,0
    CUST-18835,23,149.59,0.27,4,76,One-Year,Electronic Check,1
    CUST-18836,10,131.67,0.08,2,88,Month-to-Month,Bank Transfer,1
    CUST-18837,54,21.0,0.87,4,73,Two-Year,Electronic Check,1
    CUST-18838,41,26.57,0.24,4,67,Two-Year,Bank Transfer,1
    CUST-18839,49,99.31,0.62,1,81,One-Year,Credit Card,1
    CUST-18840,17,101.41,0.08,3,30,One-Year,Electronic Check,0
    CUST-18841,56,134.16,0.82,1,27,Month-to-Month,Bank Transfer,1
    CUST-18842,45,101.78,0.53,4,88,Two-Year,Electronic Check,1
    CUST-18843,30,49.6,0.59,4,42,Month-to-Month,Bank Transfer,1
    CUST-18844,44,80.91,0.7,0,64,One-Year,Electronic Check,0
    CUST-18845,55,125.17,0.55,7,50,Month-to-Month,Bank Transfer,1
    CUST-18846,19,139.97,0.06,1,39,Month-to-Month,Bank Transfer,1
    CUST-18847,29,50.8,0.39,2,7,Month-to-Month,Bank Transfer,1
    CUST-18848,2,90.15,0.24,2,73,Month-to-Month,Bank Transfer,1
    CUST-18849,36,40.66,0.44,2,16,One-Year,Credit Card,0
    CUST-18850,19,84.61,0.36,1,56,Two-Year,Credit Card,0
    CUST-18851,7,31.71,0.74,3,11,Month-to-Month,Credit Card,1
    CUST-18852,26,142.42,0.22,0,9,One-Year,Credit Card,0
    CUST-18853,38,102.95,0.18,4,1,One-Year,Bank Transfer,0
    CUST-18854,3,131.05,0.86,1,44,Month-to-Month,Credit Card,1
    CUST-18855,66,149.78,0.85,3,35,Two-Year,Credit Card,1
    CUST-18856,71,43.75,0.89,6,84,Month-to-Month,Electronic Check,1
    CUST-18857,43,110.24,0.51,3,51,Two-Year,Bank Transfer,1
    CUST-18858,62,135.31,0.1,0,8,Two-Year,Electronic Check,0
    CUST-18859,71,94.87,0.79,2,71,Month-to-Month,Credit Card,1
    CUST-18860,24,103.16,0.13,3,37,Two-Year,Credit Card,0
    CUST-18861,39,73.0,0.14,1,101,One-Year,Credit Card,0
    CUST-18862,68,107.72,0.17,6,84,Two-Year,Credit Card,1
    CUST-18863,44,71.43,0.59,2,5,Month-to-Month,Bank Transfer,1
    CUST-18864,5,81.96,0.1,3,76,Two-Year,Bank Transfer,1
    CUST-18865,55,33.38,0.7,3,21,One-Year,Credit Card,1
    CUST-18866,30,21.02,0.05,3,84,Month-to-Month,Bank Transfer,1
    CUST-18867,29,27.17,0.1,4,5,One-Year,Credit Card,0
    CUST-18868,26,45.03,0.39,0,23,One-Year,Credit Card,0
    CUST-18869,26,79.36,0.34,2,57,Month-to-Month,Electronic Check,1
    CUST-18870,37,22.73,0.89,0,71,Two-Year,Credit Card,1
    CUST-18871,53,40.27,0.87,3,65,Month-to-Month,Electronic Check,1
    CUST-18872,30,121.59,0.17,4,25,Two-Year,Electronic Check,1
    CUST-18873,3,119.08,0.85,4,19,Month-to-Month,Bank Transfer,1
    CUST-18874,43,122.66,0.62,0,2,Two-Year,Electronic Check,0
    CUST-18875,7,139.8,0.37,1,12,Two-Year,Bank Transfer,0
    CUST-18876,49,35.48,0.67,3,42,Month-to-Month,Bank Transfer,1
    CUST-18877,41,41.21,0.81,1,25,One-Year,Credit Card,1
    CUST-18878,54,63.36,0.16,3,96,Month-to-Month,Electronic Check,1
    CUST-18879,69,138.97,0.18,2,48,Month-to-Month,Bank Transfer,0
    CUST-18880,27,120.81,0.37,0,107,Month-to-Month,Bank Transfer,1
    CUST-18881,8,62.14,0.15,2,82,Month-to-Month,Electronic Check,1
    CUST-18882,32,31.39,0.32,1,31,Two-Year,Credit Card,0
    CUST-18883,64,100.13,0.58,2,58,Month-to-Month,Electronic Check,1
    CUST-18884,10,53.39,0.73,4,61,Month-to-Month,Electronic Check,1
    CUST-18885,13,89.05,0.27,1,44,Month-to-Month,Electronic Check,1
    CUST-18886,63,142.43,0.25,1,9,Two-Year,Credit Card,0
    CUST-18887,35,94.44,0.7,0,21,Month-to-Month,Credit Card,1
    CUST-18888,61,140.1,0.34,2,54,Month-to-Month,Credit Card,1
    CUST-18889,54,71.1,0.74,2,103,One-Year,Electronic Check,1
    CUST-18890,8,102.34,0.89,3,71,Two-Year,Credit Card,1
    CUST-18891,29,136.21,0.88,1,13,Two-Year,Electronic Check,1
    CUST-18892,41,96.44,0.6,3,84,One-Year,Electronic Check,1
    CUST-18893,30,99.94,0.34,1,13,Month-to-Month,Credit Card,0
    CUST-18894,21,113.12,0.06,3,52,One-Year,Credit Card,0
    CUST-18895,11,134.67,0.66,1,28,Two-Year,Electronic Check,1
    CUST-18896,2,31.46,0.88,4,101,Two-Year,Bank Transfer,1
    CUST-18897,50,63.79,0.06,2,89,Month-to-Month,Credit Card,1
    CUST-18898,41,71.7,0.01,3,46,Month-to-Month,Credit Card,0
    CUST-18899,66,138.26,0.75,3,48,Month-to-Month,Electronic Check,1
    CUST-18900,3,144.28,0.09,1,109,One-Year,Bank Transfer,1
    CUST-18901,51,35.65,0.07,1,90,One-Year,Bank Transfer,0
    CUST-18902,68,35.48,0.82,4,108,Month-to-Month,Electronic Check,1
    CUST-18903,25,141.53,0.07,1,97,Month-to-Month,Electronic Check,1
    CUST-18904,30,58.45,0.1,2,104,Two-Year,Bank Transfer,1
    CUST-18905,11,51.44,0.51,5,40,Month-to-Month,Bank Transfer,1
    CUST-18906,17,24.63,0.68,1,119,One-Year,Electronic Check,1
    CUST-18907,26,55.83,0.36,2,54,Month-to-Month,Credit Card,1
    CUST-18908,23,110.16,0.38,3,27,One-Year,Bank Transfer,1
    CUST-18909,56,75.38,0.57,1,79,Month-to-Month,Bank Transfer,1
    CUST-18910,52,87.19,0.45,4,3,One-Year,Bank Transfer,0
    CUST-18911,48,139.25,0.02,3,93,One-Year,Bank Transfer,0
    CUST-18912,20,34.91,0.1,3,95,Two-Year,Electronic Check,1
    CUST-18913,2,29.26,0.52,5,59,Month-to-Month,Credit Card,1
    CUST-18914,31,130.75,0.71,1,104,One-Year,Bank Transfer,1
    CUST-18915,27,120.73,0.69,2,119,Month-to-Month,Credit Card,1
    CUST-18916,2,54.29,0.67,1,18,Two-Year,Electronic Check,1
    CUST-18917,4,62.15,0.69,0,24,One-Year,Electronic Check,1
    CUST-18918,13,60.34,0.04,2,61,One-Year,Electronic Check,1
    CUST-18919,35,104.22,0.81,2,103,Month-to-Month,Credit Card,1
    CUST-18920,66,27.96,0.8,4,118,Month-to-Month,Bank Transfer,1
    CUST-18921,6,83.62,0.48,1,57,Month-to-Month,Electronic Check,1
    CUST-18922,31,37.4,0.22,0,44,Month-to-Month,Bank Transfer,1
    CUST-18923,10,126.57,0.53,3,47,Month-to-Month,Credit Card,1
    CUST-18924,21,69.49,0.5,1,72,Month-to-Month,Electronic Check,1
    CUST-18925,23,88.58,0.2,2,93,Month-to-Month,Electronic Check,1
    CUST-18926,3,23.81,0.54,2,112,Month-to-Month,Bank Transfer,1
    CUST-18927,32,27.57,0.72,0,37,Month-to-Month,Electronic Check,1
    CUST-18928,20,107.76,0.73,0,37,Month-to-Month,Credit Card,1
    CUST-18929,29,119.68,0.05,0,73,Two-Year,Credit Card,0
    CUST-18930,52,112.3,0.18,2,45,Two-Year,Electronic Check,0
    CUST-18931,46,115.81,0.6,1,30,Month-to-Month,Electronic Check,1
    CUST-18932,34,33.6,0.77,1,15,One-Year,Bank Transfer,1
    CUST-18933,61,110.15,0.47,0,104,One-Year,Credit Card,1
    CUST-18934,71,43.63,0.64,0,76,Month-to-Month,Bank Transfer,1
    CUST-18935,70,32.74,0.02,0,116,One-Year,Credit Card,0
    CUST-18936,11,118.43,0.55,1,105,Two-Year,Credit Card,1
    CUST-18937,63,135.62,0.87,5,27,One-Year,Credit Card,1
    CUST-18938,21,113.17,0.59,6,47,Month-to-Month,Credit Card,1
    CUST-18939,3,124.72,0.83,1,47,Month-to-Month,Credit Card,1
    CUST-18940,10,148.84,0.51,4,31,Month-to-Month,Electronic Check,1
    CUST-18941,27,37.52,0.76,2,77,One-Year,Credit Card,1
    CUST-18942,12,145.47,0.11,1,15,One-Year,Electronic Check,0
    CUST-18943,7,98.16,0.11,3,54,Month-to-Month,Electronic Check,1
    CUST-18944,17,125.72,0.11,3,69,Month-to-Month,Bank Transfer,1
    CUST-18945,65,104.52,0.44,3,42,Month-to-Month,Electronic Check,1
    CUST-18946,64,94.1,0.3,1,119,Month-to-Month,Bank Transfer,1
    CUST-18947,26,111.47,0.65,5,62,Month-to-Month,Credit Card,1
    CUST-18948,15,61.63,0.81,3,25,Month-to-Month,Electronic Check,1
    CUST-18949,33,140.16,0.56,1,12,Month-to-Month,Electronic Check,1
    CUST-18950,62,34.99,0.19,2,113,Month-to-Month,Bank Transfer,1
    CUST-18951,47,61.34,0.84,3,9,Month-to-Month,Bank Transfer,1
    CUST-18952,35,24.05,0.48,4,90,One-Year,Bank Transfer,1
    CUST-18953,65,55.27,0.65,0,37,Two-Year,Electronic Check,0
    CUST-18954,25,48.37,0.8,3,9,Two-Year,Credit Card,1
    CUST-18955,57,26.45,0.89,0,69,Two-Year,Bank Transfer,1
    CUST-18956,32,83.93,0.46,4,55,Two-Year,Bank Transfer,1
    CUST-18957,63,80.92,0.73,2,46,One-Year,Credit Card,1
    CUST-18958,12,30.11,0.51,4,71,Month-to-Month,Credit Card,1
    CUST-18959,63,54.04,0.44,1,41,Month-to-Month,Credit Card,1
    CUST-18960,1,143.93,0.48,3,95,Month-to-Month,Credit Card,1
    CUST-18961,51,34.4,0.44,3,108,One-Year,Credit Card,1
    CUST-18962,70,59.65,0.38,0,101,Month-to-Month,Bank Transfer,1
    CUST-18963,8,24.66,0.65,1,7,Month-to-Month,Bank Transfer,1
    CUST-18964,68,39.36,0.22,2,5,One-Year,Credit Card,0
    CUST-18965,5,110.92,0.55,1,52,Month-to-Month,Electronic Check,1
    CUST-18966,39,67.67,0.64,1,81,Month-to-Month,Electronic Check,1
    CUST-18967,23,78.77,0.8,2,75,Two-Year,Credit Card,1
    CUST-18968,68,40.41,0.3,4,37,Month-to-Month,Bank Transfer,1
    CUST-18969,52,108.68,0.77,4,60,Month-to-Month,Bank Transfer,1
    CUST-18970,4,117.7,0.85,1,36,Month-to-Month,Credit Card,1
    CUST-18971,47,43.54,0.58,1,91,One-Year,Electronic Check,1
    CUST-18972,21,25.85,0.69,2,1,Month-to-Month,Electronic Check,1
    CUST-18973,56,30.52,0.37,1,1,Two-Year,Credit Card,0
    CUST-18974,66,105.42,0.86,5,78,Month-to-Month,Bank Transfer,1
    CUST-18975,59,37.62,0.6,4,117,Month-to-Month,Credit Card,1
    CUST-18976,7,84.21,0.28,5,60,Month-to-Month,Bank Transfer,1
    CUST-18977,49,39.84,0.36,2,92,One-Year,Electronic Check,1
    CUST-18978,16,42.12,0.56,3,41,Two-Year,Credit Card,1
    CUST-18979,17,20.57,0.21,2,65,Month-to-Month,Electronic Check,1
    CUST-18980,34,61.71,0.68,2,8,Month-to-Month,Credit Card,1
    CUST-18981,33,31.67,0.2,3,109,Month-to-Month,Credit Card,1
    CUST-18982,26,71.21,0.53,1,41,Two-Year,Bank Transfer,1
    CUST-18983,66,97.71,0.63,2,47,Month-to-Month,Credit Card,1
    CUST-18984,63,67.78,0.77,2,107,One-Year,Electronic Check,1
    CUST-18985,41,111.66,0.66,0,90,Month-to-Month,Electronic Check,1
    CUST-18986,58,116.39,0.72,1,36,One-Year,Credit Card,0
    CUST-18987,10,110.56,0.82,1,93,Two-Year,Electronic Check,1
    CUST-18988,15,141.77,0.54,1,104,One-Year,Bank Transfer,1
    CUST-18989,42,50.85,0.76,2,109,Two-Year,Credit Card,1
    CUST-18990,57,44.63,0.21,4,113,One-Year,Bank Transfer,1
    CUST-18991,17,99.26,0.73,1,4,Two-Year,Electronic Check,1
    CUST-18992,60,97.33,0.2,1,42,One-Year,Credit Card,0
    CUST-18993,9,86.31,0.84,1,2,One-Year,Bank Transfer,1
    CUST-18994,36,20.57,0.3,0,94,Two-Year,Credit Card,0
    CUST-18995,36,92.18,0.15,0,47,Month-to-Month,Credit Card,1
    CUST-18996,48,141.26,0.13,2,20,Month-to-Month,Electronic Check,0
    CUST-18997,51,63.5,0.17,1,30,Month-to-Month,Bank Transfer,0
    CUST-18998,70,145.79,0.4,3,82,Month-to-Month,Electronic Check,1
    CUST-18999,68,66.38,0.47,1,30,Two-Year,Credit Card,0
    CUST-19000,22,38.18,0.82,4,110,Month-to-Month,Electronic Check,1
    CUST-19001,6,71.79,0.34,1,99,Month-to-Month,Credit Card,1
    CUST-19002,26,84.3,0.2,1,1,Month-to-Month,Credit Card,0
    CUST-19003,3,101.83,0.67,2,58,One-Year,Credit Card,1
    CUST-19004,52,85.63,0.12,0,67,One-Year,Bank Transfer,0
    CUST-19005,60,89.77,0.8,3,23,One-Year,Bank Transfer,1
    CUST-19006,63,23.13,0.37,1,45,One-Year,Credit Card,0
    CUST-19007,65,52.97,0.55,2,104,Month-to-Month,Credit Card,1
    CUST-19008,52,60.39,0.17,1,22,Two-Year,Electronic Check,0
    CUST-19009,14,148.32,0.13,5,49,Month-to-Month,Electronic Check,1
    CUST-19010,68,58.42,0.72,3,119,Month-to-Month,Electronic Check,1
    CUST-19011,28,136.56,0.39,1,48,Two-Year,Credit Card,0
    CUST-19012,71,59.62,0.89,2,63,Month-to-Month,Electronic Check,1
    CUST-19013,10,32.49,0.47,1,48,One-Year,Electronic Check,1
    CUST-19014,57,52.19,0.76,4,44,Month-to-Month,Bank Transfer,1
    CUST-19015,66,55.47,0.88,2,51,Month-to-Month,Bank Transfer,1
    CUST-19016,50,147.17,0.25,0,62,Month-to-Month,Bank Transfer,0
    CUST-19017,14,107.66,0.72,5,112,One-Year,Bank Transfer,1
    CUST-19018,16,141.12,0.02,0,79,Month-to-Month,Credit Card,0
    CUST-19019,54,128.55,0.61,2,41,Month-to-Month,Credit Card,1
    CUST-19020,43,95.22,0.67,0,80,One-Year,Electronic Check,1
    CUST-19021,42,107.8,0.43,4,27,One-Year,Bank Transfer,1
    CUST-19022,22,101.23,0.15,4,96,Month-to-Month,Credit Card,1
    CUST-19023,68,106.61,0.56,3,98,Month-to-Month,Bank Transfer,1
    CUST-19024,19,54.42,0.81,2,57,Two-Year,Electronic Check,1
    CUST-19025,66,73.06,0.84,1,42,Month-to-Month,Credit Card,1
    CUST-19026,39,97.04,0.67,1,12,Two-Year,Bank Transfer,0
    CUST-19027,19,24.67,0.24,1,82,Month-to-Month,Electronic Check,1
    CUST-19028,16,82.77,0.78,4,82,Month-to-Month,Bank Transfer,1
    CUST-19029,54,131.76,0.8,3,60,Month-to-Month,Electronic Check,1
    CUST-19030,25,84.01,0.33,5,64,Month-to-Month,Bank Transfer,1
    CUST-19031,18,91.8,0.16,1,4,One-Year,Bank Transfer,0
    CUST-19032,23,46.25,0.79,3,98,One-Year,Electronic Check,1
    CUST-19033,11,123.26,0.8,0,39,Month-to-Month,Bank Transfer,1
    CUST-19034,39,66.65,0.09,3,19,Two-Year,Electronic Check,0
    CUST-19035,68,144.36,0.87,2,107,Two-Year,Electronic Check,1
    CUST-19036,25,149.18,0.48,1,62,Month-to-Month,Bank Transfer,1
    CUST-19037,63,139.08,0.89,2,45,Month-to-Month,Electronic Check,1
    CUST-19038,30,31.03,0.4,2,61,Month-to-Month,Credit Card,1
    CUST-19039,45,63.31,0.48,2,116,One-Year,Electronic Check,1
    CUST-19040,61,142.87,0.24,1,31,One-Year,Electronic Check,0
    CUST-19041,51,124.59,0.81,0,49,Month-to-Month,Bank Transfer,1
    CUST-19042,9,138.45,0.4,2,31,One-Year,Credit Card,1
    CUST-19043,2,94.43,0.73,0,42,Two-Year,Electronic Check,1
    CUST-19044,5,82.45,0.07,0,48,One-Year,Bank Transfer,1
    CUST-19045,62,33.84,0.71,2,20,One-Year,Bank Transfer,0
    CUST-19046,69,129.13,0.44,1,112,Month-to-Month,Electronic Check,1
    CUST-19047,52,116.87,0.0,1,84,Month-to-Month,Credit Card,1
    CUST-19048,5,27.65,0.2,1,96,Two-Year,Credit Card,1
    CUST-19049,59,47.22,0.17,2,20,One-Year,Bank Transfer,0
    CUST-19050,68,92.45,0.68,1,16,One-Year,Electronic Check,0
    CUST-19051,9,108.97,0.43,4,57,Month-to-Month,Electronic Check,1
    CUST-19052,22,37.9,0.14,3,19,One-Year,Credit Card,0
    CUST-19053,27,51.83,0.23,2,95,One-Year,Credit Card,1
    CUST-19054,10,45.1,0.45,4,13,One-Year,Credit Card,1
    CUST-19055,61,48.6,0.02,3,119,One-Year,Electronic Check,1
    CUST-19056,51,139.69,0.38,0,20,Two-Year,Electronic Check,0
    CUST-19057,10,113.06,0.61,2,107,Month-to-Month,Bank Transfer,1
    CUST-19058,6,115.82,0.47,1,76,Month-to-Month,Credit Card,1
    CUST-19059,62,123.22,0.54,3,49,Two-Year,Bank Transfer,0
    CUST-19060,5,66.35,0.29,2,111,Month-to-Month,Bank Transfer,1
    CUST-19061,70,119.73,0.16,2,26,Two-Year,Credit Card,0
    CUST-19062,63,147.19,0.73,2,35,Month-to-Month,Electronic Check,1
    CUST-19063,56,110.79,0.82,0,41,One-Year,Electronic Check,1
    CUST-19064,59,74.18,0.46,1,10,Two-Year,Electronic Check,0
    CUST-19065,63,113.13,0.27,1,76,One-Year,Electronic Check,0
    CUST-19066,59,137.1,0.46,3,118,One-Year,Credit Card,1
    CUST-19067,51,36.74,0.79,0,24,Month-to-Month,Credit Card,1
    CUST-19068,50,54.49,0.62,1,73,Month-to-Month,Credit Card,1
    CUST-19069,4,139.51,0.77,4,69,Two-Year,Electronic Check,1
    CUST-19070,48,143.01,0.3,1,31,Two-Year,Credit Card,0
    CUST-19071,32,82.94,0.64,2,54,Month-to-Month,Bank Transfer,1
    CUST-19072,51,68.69,0.59,3,58,Two-Year,Bank Transfer,1
    CUST-19073,52,56.76,0.51,5,98,Month-to-Month,Electronic Check,1
    CUST-19074,34,84.84,0.48,0,60,One-Year,Credit Card,0
    CUST-19075,36,141.49,0.5,2,109,Month-to-Month,Bank Transfer,1
    CUST-19076,70,39.48,0.76,1,11,Month-to-Month,Electronic Check,1
    CUST-19077,43,74.58,0.82,1,73,Month-to-Month,Electronic Check,1
    CUST-19078,16,138.51,0.1,0,86,One-Year,Bank Transfer,0
    CUST-19079,59,65.39,0.51,1,40,One-Year,Electronic Check,0
    CUST-19080,53,119.85,0.83,1,55,Month-to-Month,Bank Transfer,1
    CUST-19081,19,70.6,0.12,2,47,Month-to-Month,Credit Card,1
    CUST-19082,41,124.64,0.37,2,92,Month-to-Month,Electronic Check,1
    CUST-19083,47,147.53,0.08,1,61,Month-to-Month,Bank Transfer,1
    CUST-19084,54,70.42,0.1,0,80,Two-Year,Credit Card,0
    CUST-19085,55,129.86,0.81,1,74,Two-Year,Bank Transfer,1
    CUST-19086,19,148.49,0.4,1,34,Two-Year,Electronic Check,1
    CUST-19087,62,147.9,0.62,3,62,Month-to-Month,Bank Transfer,1
    CUST-19088,59,76.39,0.13,3,79,Two-Year,Credit Card,0
    CUST-19089,65,83.15,0.02,1,82,Month-to-Month,Bank Transfer,1
    CUST-19090,68,59.44,0.8,4,45,One-Year,Bank Transfer,1
    CUST-19091,28,60.82,0.52,1,95,One-Year,Electronic Check,0
    CUST-19092,18,84.02,0.02,1,5,Month-to-Month,Electronic Check,0
    CUST-19093,26,46.07,0.89,1,51,One-Year,Credit Card,1
    CUST-19094,19,112.45,0.44,1,97,Month-to-Month,Electronic Check,1
    CUST-19095,55,89.72,0.43,1,58,Month-to-Month,Credit Card,1
    CUST-19096,57,136.75,0.56,0,93,Month-to-Month,Credit Card,1
    CUST-19097,6,125.38,0.01,1,3,One-Year,Credit Card,0
    CUST-19098,1,61.92,0.51,1,23,Month-to-Month,Bank Transfer,1
    CUST-19099,8,85.75,0.57,3,10,Month-to-Month,Electronic Check,1
    CUST-19100,51,117.57,0.27,2,47,Two-Year,Bank Transfer,1
    CUST-19101,25,45.12,0.65,3,32,Two-Year,Bank Transfer,1
    CUST-19102,47,24.11,0.34,5,48,Two-Year,Bank Transfer,1
    CUST-19103,55,130.8,0.65,5,27,One-Year,Bank Transfer,1
    CUST-19104,64,37.88,0.13,2,36,Two-Year,Bank Transfer,0
    CUST-19105,10,135.62,0.82,3,88,One-Year,Electronic Check,1
    CUST-19106,56,138.77,0.79,1,54,Month-to-Month,Electronic Check,1
    CUST-19107,12,79.89,0.14,1,20,Month-to-Month,Credit Card,1
    CUST-19108,33,124.88,0.84,2,3,One-Year,Electronic Check,1
    CUST-19109,71,67.21,0.5,4,69,One-Year,Bank Transfer,1
    CUST-19110,17,131.57,0.63,1,3,Two-Year,Bank Transfer,1
    CUST-19111,61,127.21,0.76,3,40,Two-Year,Credit Card,1
    CUST-19112,10,30.21,0.08,1,60,One-Year,Electronic Check,1
    CUST-19113,31,95.74,0.15,2,70,Month-to-Month,Electronic Check,1
    CUST-19114,60,103.2,0.26,1,79,One-Year,Credit Card,0
    CUST-19115,70,20.11,0.43,2,70,Month-to-Month,Bank Transfer,1
    CUST-19116,17,147.39,0.31,3,23,Month-to-Month,Bank Transfer,1
    CUST-19117,50,72.85,0.46,0,60,One-Year,Bank Transfer,0
    CUST-19118,37,87.25,0.17,1,30,Month-to-Month,Bank Transfer,1
    CUST-19119,62,45.32,0.61,2,39,One-Year,Bank Transfer,0
    CUST-19120,29,99.42,0.05,0,40,One-Year,Electronic Check,0
    CUST-19121,32,125.38,0.33,1,48,Month-to-Month,Credit Card,1
    CUST-19122,11,96.17,0.16,2,85,Month-to-Month,Credit Card,1
    CUST-19123,6,122.44,0.66,2,45,Month-to-Month,Electronic Check,1
    CUST-19124,35,115.04,0.8,3,37,Month-to-Month,Electronic Check,1
    CUST-19125,33,50.9,0.07,4,22,Month-to-Month,Electronic Check,1
    CUST-19126,18,76.66,0.71,2,52,Month-to-Month,Bank Transfer,1
    CUST-19127,37,39.32,0.81,2,2,Two-Year,Credit Card,1
    CUST-19128,13,25.45,0.88,0,14,Month-to-Month,Electronic Check,1
    CUST-19129,64,28.2,0.52,0,18,Month-to-Month,Electronic Check,0
    CUST-19130,1,142.52,0.29,0,114,Two-Year,Credit Card,1
    CUST-19131,63,147.99,0.29,1,50,One-Year,Electronic Check,0
    CUST-19132,34,32.35,0.34,0,15,Month-to-Month,Bank Transfer,0
    CUST-19133,10,63.58,0.55,0,37,One-Year,Electronic Check,0
    CUST-19134,7,34.87,0.44,5,2,Month-to-Month,Electronic Check,1
    CUST-19135,56,128.45,0.59,1,119,Month-to-Month,Electronic Check,1
    CUST-19136,37,84.52,0.04,4,107,One-Year,Credit Card,1
    CUST-19137,29,100.76,0.1,1,84,Month-to-Month,Bank Transfer,1
    CUST-19138,12,90.19,0.88,1,74,Two-Year,Electronic Check,1
    CUST-19139,17,112.33,0.9,2,69,Month-to-Month,Bank Transfer,1
    CUST-19140,48,61.49,0.67,2,32,One-Year,Bank Transfer,1
    CUST-19141,26,37.87,0.23,3,66,Two-Year,Bank Transfer,0
    CUST-19142,12,22.29,0.86,1,108,Month-to-Month,Bank Transfer,1
    CUST-19143,21,77.94,0.19,0,113,One-Year,Bank Transfer,1
    CUST-19144,42,138.02,0.66,2,57,Two-Year,Credit Card,1
    CUST-19145,61,59.68,0.1,2,118,Two-Year,Credit Card,1
    CUST-19146,58,45.47,0.58,4,61,One-Year,Bank Transfer,1
    CUST-19147,54,140.39,0.68,1,5,Month-to-Month,Credit Card,1
    CUST-19148,34,33.71,0.77,2,85,Month-to-Month,Electronic Check,1
    CUST-19149,7,26.73,0.66,1,18,Month-to-Month,Credit Card,1
    CUST-19150,35,134.32,0.83,1,48,One-Year,Credit Card,1
    CUST-19151,15,111.12,0.47,4,40,Month-to-Month,Credit Card,1
    CUST-19152,65,74.87,0.61,3,68,Two-Year,Credit Card,1
    CUST-19153,25,117.8,0.33,0,96,Month-to-Month,Electronic Check,1
    CUST-19154,59,116.39,0.01,1,100,Month-to-Month,Electronic Check,1
    CUST-19155,6,25.21,0.68,1,56,Month-to-Month,Credit Card,1
    CUST-19156,52,107.91,0.78,0,4,Month-to-Month,Credit Card,1
    CUST-19157,21,103.31,0.16,1,17,Month-to-Month,Electronic Check,1
    CUST-19158,71,145.29,0.03,1,52,Month-to-Month,Bank Transfer,0
    CUST-19159,32,145.66,0.15,0,63,Month-to-Month,Bank Transfer,1
    CUST-19160,53,69.11,0.81,3,42,Month-to-Month,Electronic Check,1
    CUST-19161,59,96.68,0.27,3,33,Month-to-Month,Credit Card,1
    CUST-19162,69,38.38,0.21,3,86,Month-to-Month,Credit Card,1
    CUST-19163,62,28.64,0.01,3,18,Two-Year,Electronic Check,0
    CUST-19164,4,76.26,0.27,3,27,Month-to-Month,Credit Card,1
    CUST-19165,18,109.68,0.64,3,79,Month-to-Month,Electronic Check,1
    CUST-19166,56,93.81,0.86,1,61,Month-to-Month,Bank Transfer,1
    CUST-19167,24,75.86,0.28,4,25,Month-to-Month,Credit Card,1
    CUST-19168,66,126.35,0.22,0,61,Month-to-Month,Bank Transfer,0
    CUST-19169,13,123.28,0.8,1,10,Two-Year,Credit Card,1
    CUST-19170,62,115.15,0.77,2,80,Month-to-Month,Electronic Check,1
    CUST-19171,54,30.01,0.3,0,4,Month-to-Month,Credit Card,0
    CUST-19172,15,123.54,0.06,4,31,Month-to-Month,Credit Card,1
    CUST-19173,69,139.52,0.89,2,32,Month-to-Month,Bank Transfer,1
    CUST-19174,3,27.73,0.61,5,24,Month-to-Month,Bank Transfer,1
    CUST-19175,37,72.22,0.83,1,59,Month-to-Month,Credit Card,1
    CUST-19176,37,148.49,0.31,2,18,Month-to-Month,Bank Transfer,1
    CUST-19177,3,97.9,0.58,3,96,Month-to-Month,Electronic Check,1
    CUST-19178,63,86.77,0.61,5,117,Month-to-Month,Credit Card,1
    CUST-19179,35,43.07,0.79,1,92,One-Year,Bank Transfer,1
    CUST-19180,52,93.51,0.89,1,75,Two-Year,Bank Transfer,1
    CUST-19181,28,77.08,0.1,0,72,Month-to-Month,Credit Card,1
    CUST-19182,18,36.57,0.57,1,65,Month-to-Month,Bank Transfer,1
    CUST-19183,36,80.36,0.3,1,118,One-Year,Electronic Check,1
    CUST-19184,33,41.37,0.73,4,2,Month-to-Month,Electronic Check,1
    CUST-19185,64,114.99,0.68,1,21,One-Year,Electronic Check,0
    CUST-19186,26,146.57,0.8,2,113,Month-to-Month,Credit Card,1
    CUST-19187,48,81.05,0.31,1,116,One-Year,Bank Transfer,1
    CUST-19188,40,102.21,0.17,5,83,Month-to-Month,Electronic Check,1
    CUST-19189,17,76.03,0.02,2,42,Month-to-Month,Credit Card,1
    CUST-19190,40,38.0,0.23,4,94,Two-Year,Credit Card,1
    CUST-19191,7,146.17,0.33,4,117,Month-to-Month,Bank Transfer,1
    CUST-19192,57,36.85,0.85,3,104,Month-to-Month,Bank Transfer,1
    CUST-19193,8,34.51,0.44,2,25,Two-Year,Bank Transfer,1
    CUST-19194,56,79.69,0.5,2,53,One-Year,Credit Card,0
    CUST-19195,31,105.66,0.79,2,9,One-Year,Bank Transfer,1
    CUST-19196,59,66.14,0.8,3,42,Month-to-Month,Electronic Check,1
    CUST-19197,58,45.03,0.48,4,116,Month-to-Month,Bank Transfer,1
    CUST-19198,12,126.47,0.1,2,28,Month-to-Month,Bank Transfer,1
    CUST-19199,48,67.2,0.24,3,37,One-Year,Electronic Check,0
    CUST-19200,31,45.26,0.41,2,61,Month-to-Month,Electronic Check,1
    CUST-19201,63,67.46,0.68,0,59,Month-to-Month,Electronic Check,1
    CUST-19202,39,47.89,0.64,3,32,One-Year,Electronic Check,1
    CUST-19203,20,87.53,0.58,3,41,One-Year,Electronic Check,1
    CUST-19204,48,106.88,0.79,9,75,Two-Year,Credit Card,1
    CUST-19205,71,123.94,0.72,2,114,Month-to-Month,Electronic Check,1
    CUST-19206,54,49.58,0.88,0,85,Month-to-Month,Bank Transfer,1
    CUST-19207,71,41.7,0.8,2,24,Two-Year,Credit Card,1
    CUST-19208,29,22.55,0.18,3,65,One-Year,Bank Transfer,1
    CUST-19209,48,49.65,0.05,6,80,Month-to-Month,Electronic Check,1
    CUST-19210,56,23.11,0.37,1,116,One-Year,Bank Transfer,1
    CUST-19211,17,64.91,0.56,3,88,Month-to-Month,Bank Transfer,1
    CUST-19212,9,38.94,0.58,1,10,Month-to-Month,Credit Card,1
    CUST-19213,34,95.39,0.24,3,96,Month-to-Month,Bank Transfer,1
    CUST-19214,45,69.88,0.77,0,92,Month-to-Month,Credit Card,1
    CUST-19215,9,32.17,0.3,4,50,Month-to-Month,Bank Transfer,1
    CUST-19216,7,71.98,0.83,4,97,Month-to-Month,Bank Transfer,1
    CUST-19217,16,47.22,0.42,1,63,Month-to-Month,Electronic Check,1
    CUST-19218,19,108.42,0.01,1,102,Month-to-Month,Bank Transfer,1
    CUST-19219,6,67.38,0.15,4,86,One-Year,Credit Card,1
    CUST-19220,11,39.11,0.09,1,65,Month-to-Month,Electronic Check,1
    CUST-19221,61,65.45,0.04,5,99,Two-Year,Electronic Check,0
    CUST-19222,42,49.17,0.64,3,58,One-Year,Electronic Check,1
    CUST-19223,13,123.45,0.17,4,109,Month-to-Month,Electronic Check,1
    CUST-19224,12,147.84,0.75,1,76,Month-to-Month,Electronic Check,1
    CUST-19225,20,23.31,0.24,1,46,Month-to-Month,Bank Transfer,1
    CUST-19226,50,109.7,0.03,2,89,Month-to-Month,Electronic Check,1
    CUST-19227,36,54.31,0.74,0,28,Month-to-Month,Bank Transfer,1
    CUST-19228,69,28.63,0.42,2,81,Month-to-Month,Bank Transfer,1
    CUST-19229,37,21.87,0.54,2,80,Month-to-Month,Bank Transfer,1
    CUST-19230,12,134.53,0.3,4,96,One-Year,Credit Card,1
    CUST-19231,40,65.97,0.04,0,59,Month-to-Month,Bank Transfer,0
    CUST-19232,54,149.29,0.33,6,109,Two-Year,Bank Transfer,1
    CUST-19233,2,77.51,0.47,4,4,Month-to-Month,Electronic Check,1
    CUST-19234,50,44.39,0.01,3,111,One-Year,Bank Transfer,1
    CUST-19235,41,121.03,0.52,1,41,Month-to-Month,Electronic Check,1
    CUST-19236,45,140.44,0.8,3,113,Month-to-Month,Credit Card,1
    CUST-19237,9,126.03,0.2,1,60,Month-to-Month,Bank Transfer,1
    CUST-19238,62,116.88,0.83,1,62,Month-to-Month,Credit Card,1
    CUST-19239,47,63.51,0.09,4,11,Month-to-Month,Electronic Check,1
    CUST-19240,5,28.38,0.74,0,20,Month-to-Month,Electronic Check,1
    CUST-19241,1,46.17,0.76,1,90,Month-to-Month,Electronic Check,1
    CUST-19242,44,78.09,0.23,0,7,One-Year,Electronic Check,0
    CUST-19243,22,144.31,0.86,1,95,Month-to-Month,Electronic Check,1
    CUST-19244,38,113.97,0.37,4,62,One-Year,Credit Card,1
    CUST-19245,19,127.68,0.13,3,7,Month-to-Month,Credit Card,1
    CUST-19246,31,56.05,0.53,1,119,Month-to-Month,Credit Card,1
    CUST-19247,67,108.9,0.9,0,64,Month-to-Month,Electronic Check,1
    CUST-19248,42,132.12,0.81,0,58,Month-to-Month,Credit Card,1
    CUST-19249,26,82.32,0.25,0,4,One-Year,Bank Transfer,0
    CUST-19250,13,75.89,0.52,1,72,Month-to-Month,Bank Transfer,1
    CUST-19251,58,113.52,0.1,1,115,Month-to-Month,Credit Card,1
    CUST-19252,18,92.79,0.42,3,14,One-Year,Bank Transfer,1
    CUST-19253,67,149.11,0.47,2,86,Two-Year,Bank Transfer,0
    CUST-19254,3,75.26,0.28,1,23,Month-to-Month,Credit Card,1
    CUST-19255,55,42.87,0.44,1,89,One-Year,Electronic Check,1
    CUST-19256,58,81.35,0.83,3,36,Month-to-Month,Credit Card,1
    CUST-19257,63,50.58,0.45,2,117,One-Year,Bank Transfer,1
    CUST-19258,52,92.96,0.75,1,113,Two-Year,Credit Card,1
    CUST-19259,24,36.35,0.29,1,90,One-Year,Credit Card,1
    CUST-19260,9,143.5,0.87,1,24,One-Year,Credit Card,1
    CUST-19261,37,131.78,0.08,4,82,Month-to-Month,Bank Transfer,1
    CUST-19262,53,40.22,0.53,2,21,Month-to-Month,Credit Card,1
    CUST-19263,24,42.41,0.71,4,63,One-Year,Electronic Check,1
    CUST-19264,21,86.62,0.73,3,47,Month-to-Month,Bank Transfer,1
    CUST-19265,40,120.47,0.18,2,69,One-Year,Electronic Check,0
    CUST-19266,62,48.48,0.36,2,15,Month-to-Month,Credit Card,0
    CUST-19267,70,27.93,0.56,1,31,One-Year,Bank Transfer,0
    CUST-19268,69,90.92,0.28,0,90,Month-to-Month,Electronic Check,0
    CUST-19269,14,109.91,0.59,1,4,Two-Year,Credit Card,1
    CUST-19270,42,51.77,0.34,6,4,Month-to-Month,Credit Card,1
    CUST-19271,50,116.17,0.32,3,44,Month-to-Month,Bank Transfer,1
    CUST-19272,61,143.58,0.1,1,114,Month-to-Month,Electronic Check,1
    CUST-19273,4,37.82,0.04,2,61,Month-to-Month,Bank Transfer,1
    CUST-19274,17,86.43,0.75,2,63,Two-Year,Credit Card,1
    CUST-19275,57,27.39,0.44,1,83,One-Year,Credit Card,1
    CUST-19276,48,46.87,0.51,2,26,One-Year,Electronic Check,1
    CUST-19277,44,31.68,0.33,1,50,Month-to-Month,Electronic Check,1
    CUST-19278,45,72.52,0.12,2,33,Month-to-Month,Credit Card,0
    CUST-19279,33,126.71,0.4,2,4,Two-Year,Credit Card,0
    CUST-19280,31,95.03,0.21,1,57,Two-Year,Credit Card,0
    CUST-19281,47,48.94,0.75,1,111,Two-Year,Credit Card,1
    CUST-19282,6,25.21,0.89,0,62,Month-to-Month,Electronic Check,1
    CUST-19283,71,91.94,0.8,1,102,Month-to-Month,Electronic Check,1
    CUST-19284,34,37.26,0.48,2,88,Two-Year,Electronic Check,1
    CUST-19285,53,64.56,0.57,5,95,Two-Year,Bank Transfer,1
    CUST-19286,14,86.32,0.85,0,34,Two-Year,Credit Card,1
    CUST-19287,16,137.49,0.48,2,34,One-Year,Credit Card,1
    CUST-19288,43,30.64,0.57,2,2,Month-to-Month,Electronic Check,1
    CUST-19289,12,106.92,0.57,4,43,Month-to-Month,Credit Card,1
    CUST-19290,70,21.83,0.64,1,72,One-Year,Electronic Check,0
    CUST-19291,19,101.89,0.58,3,49,Month-to-Month,Credit Card,1
    CUST-19292,41,91.7,0.6,2,21,Two-Year,Credit Card,0
    CUST-19293,53,125.54,0.65,2,12,Month-to-Month,Credit Card,1
    CUST-19294,29,89.12,0.73,4,36,Month-to-Month,Bank Transfer,1
    CUST-19295,70,65.84,0.36,1,1,Month-to-Month,Electronic Check,0
    CUST-19296,59,51.56,0.67,2,42,Month-to-Month,Credit Card,1
    CUST-19297,64,31.08,0.09,5,103,One-Year,Credit Card,1
    CUST-19298,24,89.5,0.79,0,16,One-Year,Electronic Check,1
    CUST-19299,16,135.48,0.26,2,49,Month-to-Month,Bank Transfer,1
    CUST-19300,52,86.92,0.36,3,6,One-Year,Electronic Check,0
    CUST-19301,6,116.08,0.72,0,97,Month-to-Month,Credit Card,1
    CUST-19302,37,58.8,0.57,1,107,Month-to-Month,Electronic Check,1
    CUST-19303,4,78.26,0.28,1,13,Month-to-Month,Bank Transfer,1
    CUST-19304,38,62.2,0.2,2,45,One-Year,Bank Transfer,0
    CUST-19305,41,34.2,0.86,0,9,Two-Year,Credit Card,0
    CUST-19306,14,74.21,0.08,1,99,Month-to-Month,Credit Card,1
    CUST-19307,71,119.36,0.0,1,28,Month-to-Month,Electronic Check,0
    CUST-19308,51,71.35,0.61,6,64,Two-Year,Electronic Check,1
    CUST-19309,65,104.52,0.55,4,34,Month-to-Month,Electronic Check,1
    CUST-19310,52,118.62,0.66,6,32,Month-to-Month,Electronic Check,1
    CUST-19311,30,61.96,0.66,3,119,Two-Year,Bank Transfer,1
    CUST-19312,57,123.68,0.78,3,65,One-Year,Bank Transfer,1
    CUST-19313,30,64.06,0.83,1,103,Month-to-Month,Electronic Check,1
    CUST-19314,42,53.29,0.7,6,89,Month-to-Month,Electronic Check,1
    CUST-19315,11,48.92,0.21,0,52,One-Year,Electronic Check,1
    CUST-19316,27,45.99,0.42,2,74,Two-Year,Credit Card,1
    CUST-19317,24,115.83,0.58,5,66,Month-to-Month,Bank Transfer,1
    CUST-19318,39,135.38,0.49,1,4,One-Year,Electronic Check,0
    CUST-19319,18,49.98,0.14,3,25,Two-Year,Electronic Check,0
    CUST-19320,45,31.08,0.53,4,80,Month-to-Month,Bank Transfer,1
    CUST-19321,12,60.79,0.8,2,63,Month-to-Month,Bank Transfer,1
    CUST-19322,49,105.52,0.38,4,40,Month-to-Month,Credit Card,1
    CUST-19323,31,67.91,0.6,3,108,One-Year,Credit Card,1
    CUST-19324,22,91.39,0.55,2,69,Two-Year,Credit Card,1
    CUST-19325,44,116.76,0.34,2,56,Month-to-Month,Credit Card,1
    CUST-19326,64,73.1,0.51,4,23,Month-to-Month,Electronic Check,1
    CUST-19327,25,149.96,0.19,2,84,Two-Year,Electronic Check,1
    CUST-19328,51,58.73,0.49,3,3,Month-to-Month,Credit Card,1
    CUST-19329,7,147.17,0.72,2,65,Month-to-Month,Bank Transfer,1
    CUST-19330,6,46.39,0.68,0,110,One-Year,Credit Card,1
    CUST-19331,24,34.42,0.32,3,51,Month-to-Month,Bank Transfer,1
    CUST-19332,19,117.61,0.1,2,25,Two-Year,Credit Card,0
    CUST-19333,9,111.3,0.72,0,80,Month-to-Month,Credit Card,1
    CUST-19334,36,125.45,0.24,2,41,Month-to-Month,Electronic Check,1
    CUST-19335,40,64.67,0.05,2,5,Month-to-Month,Credit Card,1
    CUST-19336,24,141.0,0.4,2,100,One-Year,Electronic Check,1
    CUST-19337,48,35.53,0.67,1,64,Two-Year,Credit Card,1
    CUST-19338,63,23.94,0.73,2,6,One-Year,Credit Card,0
    CUST-19339,69,59.07,0.88,2,76,Month-to-Month,Bank Transfer,1
    CUST-19340,53,123.65,0.17,3,46,One-Year,Credit Card,0
    CUST-19341,54,107.49,0.26,2,23,Month-to-Month,Bank Transfer,1
    CUST-19342,42,76.71,0.55,2,110,Two-Year,Bank Transfer,1
    CUST-19343,45,53.31,0.73,4,38,Month-to-Month,Credit Card,1
    CUST-19344,14,27.71,0.21,3,5,Month-to-Month,Credit Card,1
    CUST-19345,29,63.88,0.37,3,61,Month-to-Month,Electronic Check,1
    CUST-19346,6,79.8,0.37,1,2,Month-to-Month,Credit Card,1
    CUST-19347,7,109.31,0.7,0,3,One-Year,Credit Card,1
    CUST-19348,37,103.98,0.22,4,105,Month-to-Month,Credit Card,1
    CUST-19349,53,143.15,0.87,1,7,Month-to-Month,Bank Transfer,1
    CUST-19350,18,33.05,0.46,5,90,Month-to-Month,Electronic Check,1
    CUST-19351,38,63.72,0.25,1,76,Month-to-Month,Bank Transfer,1
    CUST-19352,59,82.61,0.26,4,50,Month-to-Month,Credit Card,1
    CUST-19353,1,107.19,0.02,2,60,Month-to-Month,Electronic Check,1
    CUST-19354,68,84.41,0.62,2,109,One-Year,Credit Card,1
    CUST-19355,44,138.66,0.7,0,65,Two-Year,Credit Card,1
    CUST-19356,47,99.13,0.03,3,65,Month-to-Month,Bank Transfer,1
    CUST-19357,35,25.16,0.53,3,97,Two-Year,Bank Transfer,1
    CUST-19358,60,34.78,0.7,2,62,Month-to-Month,Bank Transfer,1
    CUST-19359,52,117.95,0.34,1,54,One-Year,Bank Transfer,0
    CUST-19360,8,113.05,0.39,1,117,One-Year,Bank Transfer,1
    CUST-19361,41,39.95,0.33,0,103,Month-to-Month,Credit Card,1
    CUST-19362,3,27.66,0.28,0,53,One-Year,Credit Card,0
    CUST-19363,69,95.23,0.44,2,9,Two-Year,Electronic Check,0
    CUST-19364,14,102.65,0.15,2,1,Two-Year,Credit Card,0
    CUST-19365,26,37.59,0.4,0,15,One-Year,Bank Transfer,0
    CUST-19366,70,81.57,0.85,2,89,One-Year,Electronic Check,1
    CUST-19367,58,59.76,0.02,0,108,Month-to-Month,Bank Transfer,0
    CUST-19368,40,141.07,0.15,0,36,Month-to-Month,Bank Transfer,0
    CUST-19369,51,48.5,0.7,4,10,Month-to-Month,Bank Transfer,1
    CUST-19370,5,115.32,0.12,2,119,Month-to-Month,Credit Card,1
    CUST-19371,32,87.36,0.24,1,50,Month-to-Month,Credit Card,1
    CUST-19372,1,21.5,0.41,1,31,One-Year,Credit Card,1
    CUST-19373,54,87.21,0.85,0,115,Month-to-Month,Credit Card,1
    CUST-19374,11,32.93,0.17,3,84,One-Year,Bank Transfer,1
    CUST-19375,53,105.68,0.83,1,69,One-Year,Electronic Check,1
    CUST-19376,8,93.52,0.65,1,92,One-Year,Credit Card,1
    CUST-19377,25,21.36,0.6,4,98,Two-Year,Electronic Check,1
    CUST-19378,40,46.61,0.65,6,103,Two-Year,Bank Transfer,1
    CUST-19379,32,120.91,0.03,4,102,One-Year,Bank Transfer,1
    CUST-19380,28,55.85,0.09,1,16,Month-to-Month,Electronic Check,0
    CUST-19381,3,84.91,0.3,2,79,One-Year,Bank Transfer,1
    CUST-19382,62,60.56,0.07,2,105,Month-to-Month,Credit Card,1
    CUST-19383,27,139.8,0.89,2,103,One-Year,Bank Transfer,1
    CUST-19384,45,89.76,0.52,2,42,Month-to-Month,Credit Card,1
    CUST-19385,25,110.5,0.44,1,26,Two-Year,Bank Transfer,1
    CUST-19386,61,30.85,0.71,5,30,One-Year,Credit Card,1
    CUST-19387,44,25.24,0.88,1,2,Month-to-Month,Electronic Check,1
    CUST-19388,46,53.7,0.86,4,67,Month-to-Month,Bank Transfer,1
    CUST-19389,14,60.19,0.71,3,83,Two-Year,Bank Transfer,1
    CUST-19390,8,109.4,0.34,1,56,Month-to-Month,Credit Card,1
    CUST-19391,48,93.99,0.06,2,24,Month-to-Month,Credit Card,0
    CUST-19392,14,68.7,0.09,0,67,Month-to-Month,Electronic Check,1
    CUST-19393,65,105.04,0.0,3,40,One-Year,Credit Card,0
    CUST-19394,7,41.26,0.0,2,63,Month-to-Month,Electronic Check,1
    CUST-19395,49,28.25,0.84,1,69,Month-to-Month,Bank Transfer,1
    CUST-19396,55,131.09,0.83,3,59,Month-to-Month,Credit Card,1
    CUST-19397,13,93.31,0.6,2,96,Month-to-Month,Credit Card,1
    CUST-19398,56,104.38,0.65,2,61,Two-Year,Bank Transfer,1
    CUST-19399,56,59.94,0.46,2,52,Month-to-Month,Electronic Check,1
    CUST-19400,15,68.35,0.21,0,95,Month-to-Month,Electronic Check,1
    CUST-19401,57,30.71,0.82,1,76,One-Year,Credit Card,1
    CUST-19402,58,131.41,0.25,3,107,Two-Year,Bank Transfer,1
    CUST-19403,35,97.02,0.67,3,36,Two-Year,Credit Card,1
    CUST-19404,16,30.87,0.22,0,100,Month-to-Month,Electronic Check,1
    CUST-19405,8,124.59,0.78,3,31,Month-to-Month,Electronic Check,1
    CUST-19406,45,77.73,0.59,2,97,Two-Year,Electronic Check,1
    CUST-19407,40,119.46,0.58,2,7,Month-to-Month,Bank Transfer,1
    CUST-19408,54,21.64,0.09,2,90,One-Year,Bank Transfer,1
    CUST-19409,14,23.74,0.38,3,90,Month-to-Month,Bank Transfer,1
    CUST-19410,59,42.2,0.47,0,20,Month-to-Month,Bank Transfer,0
    CUST-19411,53,47.42,0.26,1,98,Two-Year,Credit Card,0
    CUST-19412,27,119.31,0.79,2,33,One-Year,Electronic Check,1
    CUST-19413,47,111.87,0.75,4,83,Month-to-Month,Electronic Check,1
    CUST-19414,6,100.09,0.44,3,17,Month-to-Month,Credit Card,1
    CUST-19415,55,135.03,0.31,2,107,Month-to-Month,Credit Card,1
    CUST-19416,44,52.13,0.72,3,101,Month-to-Month,Credit Card,1
    CUST-19417,18,137.57,0.18,1,6,Two-Year,Credit Card,0
    CUST-19418,16,138.23,0.06,1,86,One-Year,Credit Card,0
    CUST-19419,12,76.45,0.04,3,102,Month-to-Month,Bank Transfer,1
    CUST-19420,20,32.27,0.03,4,119,Month-to-Month,Credit Card,1
    CUST-19421,45,114.45,0.44,3,81,Two-Year,Bank Transfer,1
    CUST-19422,64,63.8,0.23,2,20,Month-to-Month,Credit Card,1
    CUST-19423,59,123.34,0.62,2,106,Month-to-Month,Credit Card,1
    CUST-19424,22,41.28,0.59,2,42,Month-to-Month,Bank Transfer,1
    CUST-19425,47,90.14,0.49,3,63,Month-to-Month,Credit Card,1
    CUST-19426,29,86.05,0.32,3,41,Month-to-Month,Credit Card,1
    CUST-19427,45,33.04,0.77,3,90,Two-Year,Credit Card,1
    CUST-19428,9,67.23,0.64,1,92,Month-to-Month,Credit Card,1
    CUST-19429,24,31.02,0.24,9,114,One-Year,Credit Card,1
    CUST-19430,15,80.42,0.45,4,109,One-Year,Bank Transfer,1
    CUST-19431,36,129.58,0.14,1,72,Month-to-Month,Credit Card,1
    CUST-19432,13,55.13,0.3,1,107,Two-Year,Bank Transfer,1
    CUST-19433,44,119.43,0.9,2,7,Month-to-Month,Credit Card,1
    CUST-19434,71,43.85,0.2,0,71,Two-Year,Bank Transfer,0
    CUST-19435,36,107.59,0.63,2,29,Month-to-Month,Bank Transfer,1
    CUST-19436,61,139.02,0.21,3,67,Two-Year,Bank Transfer,1
    CUST-19437,40,62.11,0.84,2,16,One-Year,Bank Transfer,1
    CUST-19438,27,137.05,0.28,3,77,Month-to-Month,Electronic Check,1
    CUST-19439,1,85.7,0.31,0,50,Month-to-Month,Electronic Check,1
    CUST-19440,34,61.18,0.53,2,82,Month-to-Month,Credit Card,1
    CUST-19441,68,136.55,0.53,3,44,Month-to-Month,Credit Card,1
    CUST-19442,21,24.16,0.52,4,77,One-Year,Electronic Check,1
    CUST-19443,33,23.64,0.52,6,31,Month-to-Month,Electronic Check,1
    CUST-19444,7,97.98,0.28,1,67,One-Year,Bank Transfer,0
    CUST-19445,65,123.58,0.39,2,94,Month-to-Month,Bank Transfer,1
    CUST-19446,3,117.7,0.53,0,3,Month-to-Month,Bank Transfer,1
    CUST-19447,51,30.33,0.6,2,90,One-Year,Bank Transfer,1
    CUST-19448,54,143.53,0.23,2,66,Two-Year,Credit Card,0
    CUST-19449,59,111.4,0.63,1,103,Month-to-Month,Bank Transfer,1
    CUST-19450,6,143.38,0.83,2,98,Month-to-Month,Credit Card,1
    CUST-19451,29,62.78,0.68,1,102,Month-to-Month,Electronic Check,1
    CUST-19452,17,110.21,0.08,3,77,Month-to-Month,Electronic Check,1
    CUST-19453,60,131.79,0.42,1,75,One-Year,Bank Transfer,0
    CUST-19454,22,69.46,0.39,2,101,Month-to-Month,Bank Transfer,1
    CUST-19455,24,145.43,0.3,0,7,Two-Year,Credit Card,0
    CUST-19456,51,54.45,0.44,0,107,Month-to-Month,Credit Card,1
    CUST-19457,50,61.03,0.4,3,27,Month-to-Month,Bank Transfer,1
    CUST-19458,11,139.64,0.01,3,7,Month-to-Month,Electronic Check,1
    CUST-19459,56,146.06,0.21,1,8,Month-to-Month,Bank Transfer,0
    CUST-19460,71,57.08,0.19,2,100,One-Year,Electronic Check,0
    CUST-19461,42,37.73,0.31,1,42,Two-Year,Electronic Check,0
    CUST-19462,39,118.68,0.16,6,93,Month-to-Month,Bank Transfer,1
    CUST-19463,69,140.86,0.06,2,85,Month-to-Month,Bank Transfer,1
    CUST-19464,48,98.09,0.18,4,26,Two-Year,Electronic Check,0
    CUST-19465,57,102.49,0.77,5,61,Month-to-Month,Credit Card,1
    CUST-19466,21,119.18,0.72,4,20,Two-Year,Credit Card,1
    CUST-19467,20,39.9,0.4,2,93,One-Year,Credit Card,1
    CUST-19468,15,146.55,0.79,1,79,Month-to-Month,Electronic Check,1
    CUST-19469,69,67.36,0.21,1,87,Month-to-Month,Electronic Check,1
    CUST-19470,51,101.67,0.53,4,79,One-Year,Credit Card,1
    CUST-19471,62,80.92,0.13,4,51,Two-Year,Bank Transfer,0
    CUST-19472,37,80.86,0.75,2,74,Month-to-Month,Bank Transfer,1
    CUST-19473,6,111.36,0.12,3,2,Month-to-Month,Bank Transfer,1
    CUST-19474,71,149.31,0.03,2,112,One-Year,Electronic Check,0
    CUST-19475,26,105.68,0.25,2,116,Month-to-Month,Electronic Check,1
    CUST-19476,8,123.23,0.81,3,30,One-Year,Bank Transfer,1
    CUST-19477,4,23.59,0.12,0,101,Month-to-Month,Electronic Check,1
    CUST-19478,21,125.36,0.3,2,91,Two-Year,Bank Transfer,1
    CUST-19479,31,59.0,0.28,4,17,Month-to-Month,Credit Card,1
    CUST-19480,21,36.47,0.72,3,67,Month-to-Month,Credit Card,1
    CUST-19481,25,34.73,0.38,3,72,Month-to-Month,Bank Transfer,1
    CUST-19482,15,108.38,0.55,4,43,Two-Year,Electronic Check,1
    CUST-19483,35,149.69,0.36,1,101,Month-to-Month,Credit Card,1
    CUST-19484,49,106.61,0.5,3,49,Two-Year,Bank Transfer,1
    CUST-19485,43,54.11,0.06,3,4,One-Year,Credit Card,0
    CUST-19486,41,46.43,0.34,1,88,One-Year,Electronic Check,1
    CUST-19487,37,88.37,0.77,2,29,One-Year,Credit Card,1
    CUST-19488,57,28.46,0.62,3,72,Month-to-Month,Credit Card,1
    CUST-19489,42,71.91,0.88,1,34,Two-Year,Bank Transfer,1
    CUST-19490,47,106.61,0.71,1,112,Two-Year,Credit Card,1
    CUST-19491,61,145.8,0.41,5,9,Month-to-Month,Credit Card,1
    CUST-19492,14,75.33,0.61,2,58,Two-Year,Electronic Check,1
    CUST-19493,68,46.03,0.7,3,81,One-Year,Electronic Check,1
    CUST-19494,53,126.26,0.24,3,74,One-Year,Credit Card,1
    CUST-19495,34,116.75,0.05,1,24,Month-to-Month,Credit Card,0
    CUST-19496,24,131.76,0.37,1,56,Month-to-Month,Bank Transfer,1
    CUST-19497,20,47.91,0.13,1,109,Month-to-Month,Credit Card,1
    CUST-19498,69,72.63,0.25,0,86,Month-to-Month,Bank Transfer,1
    CUST-19499,30,147.6,0.85,1,81,Two-Year,Electronic Check,1
    CUST-19500,7,40.55,0.76,3,95,Month-to-Month,Electronic Check,1
    CUST-19501,36,107.29,0.53,2,108,One-Year,Credit Card,1
    CUST-19502,38,50.83,0.36,1,61,Month-to-Month,Bank Transfer,1
    CUST-19503,52,85.02,0.24,1,73,Month-to-Month,Bank Transfer,1
    CUST-19504,15,124.07,0.51,0,79,Month-to-Month,Credit Card,1
    CUST-19505,46,83.52,0.48,1,63,One-Year,Bank Transfer,0
    CUST-19506,23,124.71,0.7,3,42,One-Year,Credit Card,1
    CUST-19507,12,75.42,0.84,2,115,Month-to-Month,Electronic Check,1
    CUST-19508,44,149.92,0.3,4,94,Month-to-Month,Credit Card,1
    CUST-19509,15,76.66,0.19,2,17,Two-Year,Electronic Check,0
    CUST-19510,49,39.42,0.36,3,71,Month-to-Month,Electronic Check,1
    CUST-19511,21,72.24,0.39,3,110,Two-Year,Electronic Check,1
    CUST-19512,15,116.54,0.04,0,109,Month-to-Month,Bank Transfer,1
    CUST-19513,14,130.23,0.78,3,90,Two-Year,Bank Transfer,1
    CUST-19514,42,79.81,0.9,1,117,Two-Year,Credit Card,1
    CUST-19515,15,97.28,0.83,1,66,Month-to-Month,Bank Transfer,1
    CUST-19516,63,129.84,0.77,0,48,One-Year,Bank Transfer,0
    CUST-19517,68,125.76,0.89,6,93,One-Year,Bank Transfer,1
    CUST-19518,27,105.5,0.82,3,113,Month-to-Month,Electronic Check,1
    CUST-19519,53,125.95,0.62,3,70,Two-Year,Electronic Check,1
    CUST-19520,52,94.87,0.15,4,33,One-Year,Electronic Check,0
    CUST-19521,63,20.6,0.14,2,38,Month-to-Month,Electronic Check,0
    CUST-19522,53,25.36,0.04,5,1,Month-to-Month,Electronic Check,1
    CUST-19523,57,147.38,0.37,3,55,One-Year,Bank Transfer,0
    CUST-19524,52,38.85,0.73,1,55,Month-to-Month,Credit Card,1
    CUST-19525,43,72.59,0.44,1,10,Month-to-Month,Bank Transfer,0
    CUST-19526,7,141.4,0.33,1,116,Two-Year,Credit Card,1
    CUST-19527,42,45.36,0.1,2,55,One-Year,Electronic Check,0
    CUST-19528,4,129.69,0.05,1,95,One-Year,Credit Card,1
    CUST-19529,69,126.37,0.36,2,24,Month-to-Month,Bank Transfer,1
    CUST-19530,5,148.22,0.09,4,72,Month-to-Month,Bank Transfer,1
    CUST-19531,41,56.62,0.09,3,28,Month-to-Month,Bank Transfer,0
    CUST-19532,4,60.99,0.36,1,92,One-Year,Electronic Check,1
    CUST-19533,2,137.37,0.45,3,112,Month-to-Month,Bank Transfer,1
    CUST-19534,67,50.43,0.17,2,108,Month-to-Month,Bank Transfer,1
    CUST-19535,21,91.23,0.62,8,51,Two-Year,Electronic Check,1
    CUST-19536,70,111.95,0.38,6,46,Two-Year,Bank Transfer,1
    CUST-19537,43,55.34,0.08,1,72,One-Year,Electronic Check,0
    CUST-19538,69,141.99,0.57,2,29,Month-to-Month,Bank Transfer,1
    CUST-19539,9,106.54,0.32,1,19,Month-to-Month,Electronic Check,1
    CUST-19540,28,26.13,0.05,2,93,Month-to-Month,Electronic Check,1
    CUST-19541,26,37.65,0.85,4,79,Two-Year,Bank Transfer,1
    CUST-19542,3,44.8,0.51,1,95,Month-to-Month,Credit Card,1
    CUST-19543,49,51.84,0.43,1,5,One-Year,Bank Transfer,0
    CUST-19544,17,114.99,0.77,2,49,Month-to-Month,Credit Card,1
    CUST-19545,63,31.56,0.84,4,92,One-Year,Bank Transfer,1
    CUST-19546,55,65.58,0.2,1,55,Month-to-Month,Bank Transfer,1
    CUST-19547,23,138.48,0.73,5,46,Month-to-Month,Credit Card,1
    CUST-19548,34,92.37,0.75,1,15,Month-to-Month,Electronic Check,1
    CUST-19549,69,54.51,0.05,3,72,Month-to-Month,Credit Card,1
    CUST-19550,15,144.42,0.64,2,100,One-Year,Credit Card,1
    CUST-19551,47,51.76,0.06,0,96,Month-to-Month,Electronic Check,0
    CUST-19552,3,137.66,0.54,1,39,Month-to-Month,Bank Transfer,1
    CUST-19553,28,114.35,0.6,1,103,One-Year,Credit Card,1
    CUST-19554,3,116.27,0.33,3,22,Month-to-Month,Credit Card,1
    CUST-19555,4,119.44,0.79,0,62,Month-to-Month,Credit Card,1
    CUST-19556,31,85.85,0.72,2,69,Month-to-Month,Bank Transfer,1
    CUST-19557,45,125.9,0.83,0,74,One-Year,Credit Card,1
    CUST-19558,59,128.71,0.28,1,116,Month-to-Month,Bank Transfer,1
    CUST-19559,45,66.86,0.02,2,31,Month-to-Month,Credit Card,0
    CUST-19560,37,72.04,0.73,4,37,Two-Year,Credit Card,1
    CUST-19561,65,135.54,0.2,1,23,Month-to-Month,Electronic Check,0
    CUST-19562,9,88.21,0.42,1,96,Month-to-Month,Credit Card,1
    CUST-19563,17,132.7,0.74,1,88,One-Year,Electronic Check,1
    CUST-19564,65,101.48,0.19,1,4,Month-to-Month,Electronic Check,0
    CUST-19565,3,97.16,0.28,0,117,Month-to-Month,Bank Transfer,1
    CUST-19566,26,24.03,0.4,4,43,Two-Year,Credit Card,1
    CUST-19567,53,56.13,0.24,1,38,Two-Year,Credit Card,0
    CUST-19568,31,85.27,0.42,2,15,Month-to-Month,Electronic Check,1
    CUST-19569,26,96.35,0.01,3,11,Month-to-Month,Electronic Check,1
    CUST-19570,23,101.96,0.19,1,25,One-Year,Bank Transfer,0
    CUST-19571,30,113.11,0.75,2,26,Month-to-Month,Bank Transfer,1
    CUST-19572,10,105.31,0.37,2,118,Month-to-Month,Electronic Check,1
    CUST-19573,64,130.31,0.57,2,39,Month-to-Month,Credit Card,1
    CUST-19574,22,58.41,0.21,1,56,Month-to-Month,Bank Transfer,1
    CUST-19575,15,103.4,0.58,2,51,Two-Year,Credit Card,1
    CUST-19576,56,26.65,0.9,2,101,Month-to-Month,Electronic Check,1
    CUST-19577,20,82.42,0.54,1,100,Month-to-Month,Electronic Check,1
    CUST-19578,47,54.84,0.57,6,33,One-Year,Electronic Check,1
    CUST-19579,53,69.52,0.1,4,112,Month-to-Month,Bank Transfer,1
    CUST-19580,53,66.11,0.36,1,108,One-Year,Bank Transfer,1
    CUST-19581,1,27.86,0.77,1,20,Month-to-Month,Electronic Check,1
    CUST-19582,2,80.66,0.75,2,114,Month-to-Month,Credit Card,1
    CUST-19583,58,149.3,0.47,1,52,One-Year,Bank Transfer,0
    CUST-19584,19,58.86,0.81,3,34,Month-to-Month,Electronic Check,1
    CUST-19585,62,115.7,0.13,5,45,Month-to-Month,Electronic Check,1
    CUST-19586,12,91.21,0.59,2,76,One-Year,Credit Card,1
    CUST-19587,26,62.28,0.22,1,100,Month-to-Month,Bank Transfer,1
    CUST-19588,27,31.65,0.58,3,4,Month-to-Month,Bank Transfer,1
    CUST-19589,29,48.06,0.08,0,13,Two-Year,Electronic Check,0
    CUST-19590,15,121.64,0.85,2,59,Two-Year,Electronic Check,1
    CUST-19591,46,56.27,0.71,3,67,Month-to-Month,Bank Transfer,1
    CUST-19592,1,38.76,0.18,2,53,One-Year,Electronic Check,1
    CUST-19593,60,63.07,0.57,1,17,Month-to-Month,Credit Card,0
    CUST-19594,57,95.93,0.68,5,71,Month-to-Month,Electronic Check,1
    CUST-19595,3,111.45,0.19,1,45,Month-to-Month,Credit Card,1
    CUST-19596,18,70.36,0.08,3,47,One-Year,Bank Transfer,0
    CUST-19597,52,84.76,0.32,3,78,Month-to-Month,Electronic Check,1
    CUST-19598,60,79.14,0.12,1,96,One-Year,Bank Transfer,0
    CUST-19599,34,21.17,0.51,2,112,Month-to-Month,Bank Transfer,1
    CUST-19600,60,71.43,0.38,6,113,One-Year,Credit Card,1
    CUST-19601,26,96.35,0.42,1,26,Two-Year,Electronic Check,0
    CUST-19602,19,94.09,0.49,2,31,One-Year,Bank Transfer,0
    CUST-19603,22,117.47,0.88,1,112,Month-to-Month,Credit Card,1
    CUST-19604,33,107.15,0.71,3,31,Two-Year,Credit Card,1
    CUST-19605,38,55.98,0.57,2,80,Month-to-Month,Credit Card,1
    CUST-19606,35,53.23,0.33,1,60,Month-to-Month,Bank Transfer,1
    CUST-19607,67,80.34,0.02,2,1,Month-to-Month,Bank Transfer,0
    CUST-19608,10,115.29,0.1,0,46,Month-to-Month,Credit Card,1
    CUST-19609,15,32.2,0.66,3,34,Month-to-Month,Electronic Check,1
    CUST-19610,11,143.28,0.33,2,90,Month-to-Month,Credit Card,1
    CUST-19611,24,90.61,0.3,0,54,Month-to-Month,Bank Transfer,1
    CUST-19612,4,59.83,0.8,1,59,Two-Year,Electronic Check,1
    CUST-19613,13,110.14,0.44,3,94,One-Year,Credit Card,1
    CUST-19614,57,25.81,0.81,1,41,Month-to-Month,Bank Transfer,1
    CUST-19615,37,82.97,0.8,1,51,One-Year,Bank Transfer,1
    CUST-19616,48,83.18,0.07,3,5,Two-Year,Credit Card,0
    CUST-19617,71,41.06,0.85,1,88,Two-Year,Electronic Check,1
    CUST-19618,1,128.86,0.07,1,10,Month-to-Month,Electronic Check,1
    CUST-19619,60,123.59,0.87,3,38,One-Year,Credit Card,1
    CUST-19620,12,39.86,0.41,4,35,Two-Year,Bank Transfer,1
    CUST-19621,21,67.3,0.68,0,66,Month-to-Month,Credit Card,1
    CUST-19622,11,33.06,0.64,2,93,Two-Year,Bank Transfer,1
    CUST-19623,44,130.32,0.47,2,19,Two-Year,Bank Transfer,0
    CUST-19624,58,62.03,0.56,0,38,One-Year,Bank Transfer,0
    CUST-19625,44,77.11,0.85,2,53,Two-Year,Bank Transfer,1
    CUST-19626,34,62.1,0.83,3,106,Month-to-Month,Credit Card,1
    CUST-19627,25,60.3,0.59,0,50,Two-Year,Bank Transfer,1
    CUST-19628,4,117.15,0.59,3,78,One-Year,Electronic Check,1
    CUST-19629,64,117.18,0.22,0,92,Month-to-Month,Electronic Check,0
    CUST-19630,16,87.31,0.75,2,34,Two-Year,Credit Card,1
    CUST-19631,10,105.49,0.57,1,4,Two-Year,Bank Transfer,1
    CUST-19632,66,86.52,0.74,2,61,One-Year,Bank Transfer,0
    CUST-19633,35,23.72,0.59,1,111,Month-to-Month,Bank Transfer,1
    CUST-19634,6,28.58,0.27,1,89,One-Year,Credit Card,1
    CUST-19635,19,69.89,0.17,3,117,Two-Year,Electronic Check,1
    CUST-19636,59,117.47,0.07,0,119,Month-to-Month,Bank Transfer,1
    CUST-19637,53,138.72,0.53,3,119,Two-Year,Electronic Check,1
    CUST-19638,8,23.86,0.26,2,70,Two-Year,Bank Transfer,1
    CUST-19639,10,67.84,0.57,1,92,Month-to-Month,Bank Transfer,1
    CUST-19640,67,49.09,0.05,2,102,Month-to-Month,Electronic Check,1
    CUST-19641,38,125.98,0.34,4,9,Month-to-Month,Credit Card,1
    CUST-19642,29,129.98,0.23,1,52,One-Year,Bank Transfer,0
    CUST-19643,15,46.83,0.33,3,82,Month-to-Month,Credit Card,1
    CUST-19644,23,112.41,0.05,1,119,One-Year,Bank Transfer,0
    CUST-19645,46,115.13,0.65,2,31,One-Year,Bank Transfer,1
    CUST-19646,28,43.02,0.11,1,86,Month-to-Month,Bank Transfer,1
    CUST-19647,26,76.38,0.01,2,68,Month-to-Month,Bank Transfer,1
    CUST-19648,10,100.64,0.85,0,33,Two-Year,Credit Card,1
    CUST-19649,47,23.39,0.17,2,100,Month-to-Month,Credit Card,1
    CUST-19650,4,72.6,0.75,1,118,Month-to-Month,Electronic Check,1
    CUST-19651,55,40.14,0.87,3,59,One-Year,Credit Card,1
    CUST-19652,66,90.45,0.48,0,35,One-Year,Credit Card,0
    CUST-19653,67,129.58,0.47,0,13,Month-to-Month,Electronic Check,0
    CUST-19654,7,88.22,0.33,1,79,One-Year,Electronic Check,1
    CUST-19655,55,24.68,0.38,0,61,Month-to-Month,Bank Transfer,1
    CUST-19656,31,23.86,0.43,1,97,Two-Year,Electronic Check,1
    CUST-19657,19,98.72,0.14,2,92,Two-Year,Credit Card,1
    CUST-19658,28,62.64,0.33,1,48,Month-to-Month,Electronic Check,1
    CUST-19659,28,94.45,0.73,0,98,Two-Year,Bank Transfer,1
    CUST-19660,19,41.27,0.16,1,38,Two-Year,Credit Card,0
    CUST-19661,20,120.99,0.66,1,65,Month-to-Month,Bank Transfer,1
    CUST-19662,13,131.89,0.59,1,54,Month-to-Month,Credit Card,1
    CUST-19663,43,135.6,0.05,2,31,One-Year,Electronic Check,0
    CUST-19664,11,59.53,0.02,0,49,Month-to-Month,Electronic Check,1
    CUST-19665,48,105.9,0.32,3,81,Month-to-Month,Electronic Check,1
    CUST-19666,15,56.28,0.62,0,22,Month-to-Month,Electronic Check,1
    CUST-19667,17,119.16,0.3,1,96,Month-to-Month,Electronic Check,1
    CUST-19668,54,35.67,0.6,2,29,Month-to-Month,Credit Card,1
    CUST-19669,50,119.16,0.6,3,65,One-Year,Bank Transfer,1
    CUST-19670,28,77.16,0.73,3,48,One-Year,Bank Transfer,1
    CUST-19671,4,131.22,0.09,1,92,Month-to-Month,Bank Transfer,1
    CUST-19672,22,116.06,0.52,1,105,One-Year,Bank Transfer,1
    CUST-19673,39,68.95,0.06,1,66,Two-Year,Electronic Check,0
    CUST-19674,34,137.46,0.16,3,25,Two-Year,Bank Transfer,1
    CUST-19675,44,56.83,0.29,2,21,Two-Year,Bank Transfer,0
    CUST-19676,42,145.71,0.64,1,101,Month-to-Month,Credit Card,1
    CUST-19677,40,119.74,0.88,1,26,Month-to-Month,Credit Card,1
    CUST-19678,12,148.79,0.31,3,104,Two-Year,Electronic Check,1
    CUST-19679,2,27.01,0.47,2,1,Two-Year,Credit Card,1
    CUST-19680,28,55.62,0.23,3,32,One-Year,Electronic Check,0
    CUST-19681,67,116.36,0.61,2,73,One-Year,Bank Transfer,0
    CUST-19682,71,139.89,0.33,2,46,One-Year,Bank Transfer,0
    CUST-19683,10,23.74,0.43,3,113,Month-to-Month,Electronic Check,1
    CUST-19684,57,20.0,0.51,1,5,Month-to-Month,Bank Transfer,0
    CUST-19685,37,53.31,0.62,5,40,Month-to-Month,Electronic Check,1
    CUST-19686,64,130.86,0.05,1,17,One-Year,Credit Card,0
    CUST-19687,40,119.73,0.5,2,53,One-Year,Credit Card,1
    CUST-19688,60,64.24,0.39,6,93,Month-to-Month,Bank Transfer,1
    CUST-19689,48,20.26,0.12,1,108,Month-to-Month,Credit Card,1
    CUST-19690,19,92.11,0.19,3,83,Two-Year,Electronic Check,1
    CUST-19691,33,50.93,0.8,1,104,Month-to-Month,Credit Card,1
    CUST-19692,44,116.93,0.78,7,29,Two-Year,Bank Transfer,1
    CUST-19693,37,78.03,0.03,2,115,One-Year,Bank Transfer,1
    CUST-19694,36,108.22,0.62,3,76,Month-to-Month,Electronic Check,1
    CUST-19695,21,130.8,0.5,2,8,Month-to-Month,Credit Card,1
    CUST-19696,2,89.65,0.85,4,107,One-Year,Credit Card,1
    CUST-19697,31,63.67,0.82,1,43,One-Year,Electronic Check,1
    CUST-19698,30,120.04,0.52,5,95,Month-to-Month,Electronic Check,1
    CUST-19699,44,54.47,0.13,3,15,Month-to-Month,Electronic Check,0
    CUST-19700,12,135.9,0.41,2,34,Month-to-Month,Bank Transfer,1
    CUST-19701,51,29.29,0.65,1,90,One-Year,Bank Transfer,1
    CUST-19702,49,128.61,0.86,4,35,Month-to-Month,Electronic Check,1
    CUST-19703,24,31.9,0.33,2,93,One-Year,Credit Card,1
    CUST-19704,24,27.3,0.71,2,33,Two-Year,Electronic Check,1
    CUST-19705,60,67.22,0.62,4,97,Month-to-Month,Electronic Check,1
    CUST-19706,11,144.35,0.07,1,100,Month-to-Month,Electronic Check,1
    CUST-19707,13,147.85,0.5,3,21,Month-to-Month,Electronic Check,1
    CUST-19708,64,46.27,0.17,2,94,Month-to-Month,Bank Transfer,1
    CUST-19709,20,39.32,0.62,0,19,Month-to-Month,Bank Transfer,1
    CUST-19710,71,65.88,0.55,1,96,Month-to-Month,Credit Card,1
    CUST-19711,28,63.82,0.88,3,114,Month-to-Month,Bank Transfer,1
    CUST-19712,2,118.75,0.84,2,1,Month-to-Month,Electronic Check,1
    CUST-19713,43,77.72,0.01,3,51,Month-to-Month,Electronic Check,1
    CUST-19714,8,121.38,0.07,4,33,Two-Year,Electronic Check,1
    CUST-19715,13,117.33,0.69,1,26,Month-to-Month,Credit Card,1
    CUST-19716,35,95.18,0.62,5,42,Two-Year,Bank Transfer,1
    CUST-19717,23,128.36,0.72,1,54,Month-to-Month,Electronic Check,1
    CUST-19718,46,45.43,0.24,2,45,Month-to-Month,Electronic Check,1
    CUST-19719,15,41.04,0.76,2,27,One-Year,Electronic Check,1
    CUST-19720,2,117.58,0.4,2,51,Month-to-Month,Credit Card,1
    CUST-19721,61,51.82,0.24,2,28,Two-Year,Bank Transfer,0
    CUST-19722,64,20.36,0.01,4,84,One-Year,Credit Card,0
    CUST-19723,52,138.55,0.78,0,8,Month-to-Month,Bank Transfer,1
    CUST-19724,36,100.98,0.48,1,90,Month-to-Month,Electronic Check,1
    CUST-19725,67,77.84,0.88,1,31,Two-Year,Credit Card,0
    CUST-19726,69,114.35,0.64,7,5,Two-Year,Credit Card,0
    CUST-19727,67,63.33,0.07,1,11,Month-to-Month,Credit Card,0
    CUST-19728,47,143.98,0.53,2,85,One-Year,Bank Transfer,1
    CUST-19729,2,28.92,0.02,3,72,One-Year,Credit Card,1
    CUST-19730,44,103.32,0.5,2,26,Two-Year,Credit Card,0
    CUST-19731,64,121.05,0.32,3,60,Two-Year,Electronic Check,0
    CUST-19732,28,80.99,0.58,3,46,Month-to-Month,Credit Card,1
    CUST-19733,54,118.15,0.49,0,12,Two-Year,Electronic Check,0
    CUST-19734,67,140.5,0.24,3,107,Two-Year,Electronic Check,1
    CUST-19735,36,116.72,0.15,4,13,Month-to-Month,Credit Card,1
    CUST-19736,63,60.22,0.36,4,74,One-Year,Electronic Check,1
    CUST-19737,25,93.04,0.89,3,116,Month-to-Month,Bank Transfer,1
    CUST-19738,48,138.51,0.39,2,93,Month-to-Month,Bank Transfer,1
    CUST-19739,39,78.38,0.67,1,8,One-Year,Bank Transfer,1
    CUST-19740,47,108.62,0.05,1,42,Month-to-Month,Electronic Check,1
    CUST-19741,21,80.52,0.34,3,117,Two-Year,Bank Transfer,1
    CUST-19742,30,35.77,0.52,1,102,Month-to-Month,Bank Transfer,1
    CUST-19743,31,27.62,0.68,5,65,One-Year,Electronic Check,1
    CUST-19744,26,143.8,0.48,0,9,Month-to-Month,Credit Card,0
    CUST-19745,22,99.63,0.46,3,4,One-Year,Electronic Check,1
    CUST-19746,21,33.5,0.69,0,97,Month-to-Month,Electronic Check,1
    CUST-19747,1,131.47,0.28,2,55,Two-Year,Credit Card,1
    CUST-19748,37,87.95,0.08,4,106,Two-Year,Bank Transfer,1
    CUST-19749,46,120.35,0.31,0,116,Month-to-Month,Bank Transfer,1
    CUST-19750,9,36.48,0.14,1,85,Month-to-Month,Electronic Check,1
    CUST-19751,17,137.9,0.87,1,71,Month-to-Month,Bank Transfer,1
    CUST-19752,47,96.77,0.52,4,55,One-Year,Electronic Check,1
    CUST-19753,59,115.97,0.4,0,96,Month-to-Month,Electronic Check,1
    CUST-19754,54,24.08,0.82,1,57,Month-to-Month,Bank Transfer,1
    CUST-19755,12,60.99,0.81,2,57,One-Year,Electronic Check,1
    CUST-19756,64,54.77,0.37,3,39,Month-to-Month,Bank Transfer,1
    CUST-19757,6,143.45,0.79,1,28,Month-to-Month,Credit Card,1
    CUST-19758,53,44.09,0.06,3,26,Two-Year,Electronic Check,0
    CUST-19759,16,111.92,0.8,1,101,Month-to-Month,Bank Transfer,1
    CUST-19760,5,25.56,0.28,6,98,Month-to-Month,Credit Card,1
    CUST-19761,46,45.7,0.51,3,73,One-Year,Electronic Check,1
    CUST-19762,14,64.02,0.24,2,70,Two-Year,Credit Card,1
    CUST-19763,44,123.29,0.89,2,22,One-Year,Electronic Check,1
    CUST-19764,63,122.7,0.06,3,73,Month-to-Month,Bank Transfer,1
    CUST-19765,52,143.84,0.4,1,111,Two-Year,Credit Card,1
    CUST-19766,26,139.18,0.56,1,45,One-Year,Credit Card,0
    CUST-19767,53,30.6,0.55,2,15,Month-to-Month,Credit Card,1
    CUST-19768,29,127.88,0.66,0,65,Month-to-Month,Bank Transfer,1
    CUST-19769,19,78.65,0.65,0,96,Month-to-Month,Electronic Check,1
    CUST-19770,47,132.57,0.71,2,111,Month-to-Month,Bank Transfer,1
    CUST-19771,8,31.61,0.21,2,18,One-Year,Credit Card,0
    CUST-19772,23,126.96,0.33,1,11,Month-to-Month,Credit Card,1
    CUST-19773,35,40.75,0.34,0,99,Month-to-Month,Credit Card,1
    CUST-19774,53,63.4,0.86,2,97,Month-to-Month,Bank Transfer,1
    CUST-19775,58,23.75,0.37,1,4,Month-to-Month,Credit Card,0
    CUST-19776,5,36.08,0.2,1,34,Month-to-Month,Electronic Check,1
    CUST-19777,16,77.94,0.57,0,48,Two-Year,Electronic Check,1
    CUST-19778,17,126.38,0.38,3,83,Month-to-Month,Bank Transfer,1
    CUST-19779,32,120.58,0.23,1,48,Two-Year,Electronic Check,1
    CUST-19780,52,50.59,0.64,3,76,Two-Year,Bank Transfer,1
    CUST-19781,20,39.72,0.17,2,40,One-Year,Bank Transfer,0
    CUST-19782,66,70.6,0.57,0,59,Month-to-Month,Credit Card,1
    CUST-19783,1,134.82,0.39,1,100,Month-to-Month,Bank Transfer,1
    CUST-19784,58,31.89,0.29,3,48,Month-to-Month,Credit Card,1
    CUST-19785,44,90.58,0.85,3,41,Month-to-Month,Electronic Check,1
    CUST-19786,6,31.54,0.29,2,22,Month-to-Month,Electronic Check,1
    CUST-19787,50,81.13,0.31,0,111,Month-to-Month,Credit Card,1
    CUST-19788,20,36.48,0.78,5,64,Month-to-Month,Credit Card,1
    CUST-19789,14,30.44,0.12,0,76,Month-to-Month,Electronic Check,1
    CUST-19790,5,44.81,0.1,2,49,Month-to-Month,Bank Transfer,1
    CUST-19791,41,53.18,0.25,0,118,Month-to-Month,Credit Card,1
    CUST-19792,40,55.91,0.53,2,55,Month-to-Month,Credit Card,1
    CUST-19793,34,103.88,0.35,2,92,One-Year,Credit Card,1
    CUST-19794,45,27.15,0.55,2,15,Month-to-Month,Bank Transfer,1
    CUST-19795,71,30.51,0.14,0,4,One-Year,Bank Transfer,0
    CUST-19796,71,44.53,0.24,3,8,Month-to-Month,Credit Card,0
    CUST-19797,27,133.37,0.51,3,95,One-Year,Electronic Check,1
    CUST-19798,44,101.72,0.2,2,60,Month-to-Month,Bank Transfer,1
    CUST-19799,33,114.95,0.38,3,90,Two-Year,Credit Card,1
    CUST-19800,33,68.15,0.52,3,3,Month-to-Month,Bank Transfer,1
    CUST-19801,44,47.72,0.88,1,103,One-Year,Electronic Check,1
    CUST-19802,20,24.93,0.07,1,7,Month-to-Month,Bank Transfer,0
    CUST-19803,36,83.51,0.41,1,79,Two-Year,Electronic Check,1
    CUST-19804,7,94.66,0.36,0,84,Month-to-Month,Bank Transfer,1
    CUST-19805,32,136.61,0.74,0,17,Month-to-Month,Credit Card,1
    CUST-19806,67,134.67,0.81,2,96,Month-to-Month,Credit Card,1
    CUST-19807,39,75.21,0.82,0,10,One-Year,Credit Card,0
    CUST-19808,24,75.07,0.34,2,80,Month-to-Month,Electronic Check,1
    CUST-19809,70,40.95,0.27,4,112,One-Year,Electronic Check,1
    CUST-19810,54,53.47,0.4,0,26,Two-Year,Bank Transfer,0
    CUST-19811,38,140.34,0.31,1,22,Month-to-Month,Credit Card,1
    CUST-19812,32,38.33,0.65,1,15,Month-to-Month,Bank Transfer,1
    CUST-19813,45,145.93,0.19,4,58,Two-Year,Electronic Check,1
    CUST-19814,61,85.62,0.59,3,60,Month-to-Month,Credit Card,1
    CUST-19815,70,79.36,0.83,3,76,Two-Year,Bank Transfer,1
    CUST-19816,53,42.7,0.25,0,39,Month-to-Month,Bank Transfer,0
    CUST-19817,51,106.0,0.61,2,3,Month-to-Month,Bank Transfer,1
    CUST-19818,56,79.78,0.13,2,60,Month-to-Month,Bank Transfer,1
    CUST-19819,27,68.19,0.11,2,53,One-Year,Electronic Check,0
    CUST-19820,38,54.39,0.1,4,24,Two-Year,Electronic Check,0
    CUST-19821,62,28.64,0.12,2,55,Month-to-Month,Bank Transfer,1
    CUST-19822,18,87.51,0.19,4,2,Month-to-Month,Electronic Check,1
    CUST-19823,64,60.68,0.51,1,68,Two-Year,Credit Card,0
    CUST-19824,30,112.02,0.69,2,23,One-Year,Credit Card,1
    CUST-19825,49,114.06,0.11,1,59,Month-to-Month,Bank Transfer,0
    CUST-19826,41,63.17,0.78,4,57,Month-to-Month,Credit Card,1
    CUST-19827,13,106.99,0.76,2,87,Two-Year,Credit Card,1
    CUST-19828,34,53.63,0.65,2,72,One-Year,Bank Transfer,1
    CUST-19829,25,114.53,0.38,2,42,Month-to-Month,Electronic Check,1
    CUST-19830,66,22.09,0.0,2,108,Month-to-Month,Bank Transfer,1
    CUST-19831,18,39.71,0.66,5,12,One-Year,Bank Transfer,1
    CUST-19832,5,51.85,0.79,0,73,Month-to-Month,Electronic Check,1
    CUST-19833,19,120.48,0.3,2,75,One-Year,Electronic Check,1
    CUST-19834,42,28.63,0.65,1,109,One-Year,Electronic Check,1
    CUST-19835,18,44.45,0.06,1,95,One-Year,Credit Card,0
    CUST-19836,32,66.62,0.64,2,1,Month-to-Month,Electronic Check,1
    CUST-19837,21,21.19,0.06,1,99,One-Year,Credit Card,0
    CUST-19838,10,119.08,0.53,4,54,One-Year,Electronic Check,1
    CUST-19839,37,92.81,0.54,5,43,Month-to-Month,Bank Transfer,1
    CUST-19840,49,137.09,0.27,0,62,Month-to-Month,Electronic Check,1
    CUST-19841,13,24.03,0.07,2,15,Month-to-Month,Bank Transfer,1
    CUST-19842,55,55.28,0.85,2,7,Month-to-Month,Bank Transfer,1
    CUST-19843,17,115.06,0.48,3,28,One-Year,Electronic Check,1
    CUST-19844,9,107.77,0.52,4,112,Month-to-Month,Credit Card,1
    CUST-19845,44,51.6,0.55,2,6,Two-Year,Credit Card,0
    CUST-19846,46,97.44,0.8,3,20,One-Year,Credit Card,1
    CUST-19847,8,123.19,0.05,4,88,Month-to-Month,Bank Transfer,1
    CUST-19848,37,24.34,0.8,1,42,Month-to-Month,Credit Card,1
    CUST-19849,19,113.29,0.22,3,100,Month-to-Month,Bank Transfer,1
    CUST-19850,63,52.77,0.07,2,38,Month-to-Month,Electronic Check,0
    CUST-19851,46,143.22,0.59,4,62,Month-to-Month,Credit Card,1
    CUST-19852,71,89.97,0.88,1,76,One-Year,Electronic Check,1
    CUST-19853,26,24.34,0.05,1,3,One-Year,Electronic Check,0
    CUST-19854,46,72.45,0.38,1,28,Month-to-Month,Bank Transfer,1
    CUST-19855,46,145.62,0.48,0,12,Month-to-Month,Bank Transfer,1
    CUST-19856,14,114.95,0.23,2,119,Month-to-Month,Bank Transfer,1
    CUST-19857,63,59.06,0.88,3,80,Month-to-Month,Bank Transfer,1
    CUST-19858,3,94.78,0.58,2,44,Month-to-Month,Credit Card,1
    CUST-19859,28,97.88,0.76,0,15,Month-to-Month,Bank Transfer,1
    CUST-19860,29,23.04,0.37,0,118,Month-to-Month,Electronic Check,1
    CUST-19861,18,43.25,0.32,1,55,One-Year,Credit Card,0
    CUST-19862,35,91.73,0.5,3,95,Month-to-Month,Credit Card,1
    CUST-19863,47,72.36,0.39,0,117,Two-Year,Credit Card,1
    CUST-19864,5,44.7,0.64,4,85,Month-to-Month,Credit Card,1
    CUST-19865,59,120.45,0.24,3,82,Two-Year,Bank Transfer,1
    CUST-19866,59,83.57,0.4,0,48,Two-Year,Credit Card,0
    CUST-19867,47,60.3,0.81,1,6,Month-to-Month,Credit Card,1
    CUST-19868,13,41.02,0.68,2,64,Month-to-Month,Credit Card,1
    CUST-19869,33,99.45,0.15,2,81,Two-Year,Bank Transfer,1
    CUST-19870,62,106.61,0.8,3,87,Month-to-Month,Bank Transfer,1
    CUST-19871,16,107.05,0.53,0,35,One-Year,Credit Card,1
    CUST-19872,44,48.64,0.61,1,82,Two-Year,Credit Card,1
    CUST-19873,58,97.39,0.26,3,11,Two-Year,Electronic Check,0
    CUST-19874,6,137.7,0.4,3,23,Month-to-Month,Credit Card,1
    CUST-19875,15,65.91,0.73,3,57,Two-Year,Electronic Check,1
    CUST-19876,4,47.4,0.3,0,81,Two-Year,Electronic Check,1
    CUST-19877,56,120.38,0.15,1,70,Month-to-Month,Credit Card,1
    CUST-19878,64,42.99,0.34,2,88,One-Year,Bank Transfer,1
    CUST-19879,68,52.99,0.06,4,114,Month-to-Month,Bank Transfer,1
    CUST-19880,34,33.08,0.65,4,37,Month-to-Month,Credit Card,1
    CUST-19881,56,54.82,0.13,2,63,One-Year,Electronic Check,0
    CUST-19882,32,73.34,0.26,1,80,One-Year,Bank Transfer,1
    CUST-19883,9,28.34,0.79,3,93,Month-to-Month,Bank Transfer,1
    CUST-19884,63,133.32,0.49,1,29,One-Year,Electronic Check,0
    CUST-19885,33,86.78,0.29,4,116,One-Year,Bank Transfer,1
    CUST-19886,21,96.45,0.49,0,42,Month-to-Month,Electronic Check,1
    CUST-19887,55,68.27,0.2,0,28,One-Year,Credit Card,0
    CUST-19888,57,107.08,0.02,2,16,One-Year,Electronic Check,0
    CUST-19889,2,76.13,0.54,0,67,Month-to-Month,Bank Transfer,1
    CUST-19890,13,118.97,0.64,4,106,Month-to-Month,Credit Card,1
    CUST-19891,4,126.78,0.79,4,88,Month-to-Month,Credit Card,1
    CUST-19892,50,107.34,0.69,4,18,Two-Year,Bank Transfer,1
    CUST-19893,48,83.87,0.83,3,48,Month-to-Month,Bank Transfer,1
    CUST-19894,30,121.7,0.89,3,17,Month-to-Month,Electronic Check,1
    CUST-19895,29,84.26,0.67,1,113,One-Year,Electronic Check,1
    CUST-19896,8,34.5,0.78,0,74,Two-Year,Credit Card,1
    CUST-19897,12,35.12,0.61,3,101,Month-to-Month,Credit Card,1
    CUST-19898,41,143.32,0.15,2,25,Month-to-Month,Bank Transfer,1
    CUST-19899,26,47.76,0.16,2,100,Month-to-Month,Electronic Check,1
    CUST-19900,50,126.07,0.1,0,111,Month-to-Month,Credit Card,1
    CUST-19901,2,52.07,0.85,2,48,Month-to-Month,Bank Transfer,1
    CUST-19902,55,76.0,0.61,2,87,Month-to-Month,Electronic Check,1
    CUST-19903,56,105.14,0.71,4,50,Month-to-Month,Credit Card,1
    CUST-19904,14,40.65,0.3,1,19,Two-Year,Bank Transfer,0
    CUST-19905,6,115.84,0.41,1,74,One-Year,Bank Transfer,1
    CUST-19906,61,109.69,0.04,2,75,One-Year,Credit Card,0
    CUST-19907,12,90.6,0.8,1,41,Month-to-Month,Credit Card,1
    CUST-19908,13,93.57,0.77,3,5,One-Year,Electronic Check,1
    CUST-19909,19,33.75,0.71,2,6,Month-to-Month,Credit Card,1
    CUST-19910,44,76.67,0.05,1,3,Month-to-Month,Credit Card,0
    CUST-19911,59,31.25,0.16,3,45,One-Year,Credit Card,0
    CUST-19912,37,60.02,0.3,0,102,Month-to-Month,Electronic Check,1
    CUST-19913,25,137.04,0.24,3,75,Two-Year,Bank Transfer,1
    CUST-19914,16,94.69,0.75,1,61,One-Year,Credit Card,1
    CUST-19915,38,116.55,0.18,2,112,One-Year,Electronic Check,1
    CUST-19916,43,94.61,0.48,2,107,Month-to-Month,Electronic Check,1
    CUST-19917,14,45.25,0.51,2,106,One-Year,Bank Transfer,1
    CUST-19918,6,97.33,0.38,2,48,Two-Year,Electronic Check,1
    CUST-19919,23,118.2,0.22,1,24,One-Year,Bank Transfer,0
    CUST-19920,60,37.99,0.86,2,110,One-Year,Credit Card,1
    CUST-19921,12,126.2,0.37,2,48,Two-Year,Bank Transfer,1
    CUST-19922,13,92.2,0.65,2,26,Month-to-Month,Electronic Check,1
    CUST-19923,6,20.56,0.17,2,49,Two-Year,Bank Transfer,1
    CUST-19924,63,87.57,0.74,1,90,Month-to-Month,Credit Card,1
    CUST-19925,38,71.44,0.19,2,88,Month-to-Month,Bank Transfer,1
    CUST-19926,50,58.54,0.61,2,104,One-Year,Bank Transfer,1
    CUST-19927,52,120.26,0.46,1,55,Month-to-Month,Bank Transfer,1
    CUST-19928,40,136.93,0.13,2,4,Two-Year,Credit Card,0
    CUST-19929,8,119.14,0.02,2,49,Month-to-Month,Electronic Check,1
    CUST-19930,61,130.08,0.84,2,74,Month-to-Month,Electronic Check,1
    CUST-19931,8,138.14,0.11,3,98,Month-to-Month,Credit Card,1
    CUST-19932,34,138.64,0.63,2,44,Two-Year,Electronic Check,1
    CUST-19933,60,34.9,0.59,1,29,Month-to-Month,Bank Transfer,1
    CUST-19934,57,79.33,0.31,1,26,One-Year,Bank Transfer,0
    CUST-19935,46,20.04,0.17,0,83,Two-Year,Electronic Check,0
    CUST-19936,22,85.84,0.16,7,85,Month-to-Month,Bank Transfer,1
    CUST-19937,40,140.15,0.53,0,83,Month-to-Month,Credit Card,1
    CUST-19938,45,45.88,0.49,0,61,Month-to-Month,Bank Transfer,1
    CUST-19939,55,103.17,0.79,4,40,Month-to-Month,Credit Card,1
    CUST-19940,51,103.77,0.58,2,102,Month-to-Month,Bank Transfer,1
    CUST-19941,5,40.85,0.74,1,19,Month-to-Month,Electronic Check,1
    CUST-19942,13,51.01,0.03,3,82,Two-Year,Electronic Check,1
    CUST-19943,28,80.06,0.6,3,14,One-Year,Bank Transfer,1
    CUST-19944,62,44.47,0.21,2,35,One-Year,Credit Card,0
    CUST-19945,24,96.05,0.23,1,82,Two-Year,Credit Card,0
    CUST-19946,7,82.99,0.65,2,92,Month-to-Month,Credit Card,1
    CUST-19947,38,87.5,0.71,0,19,One-Year,Credit Card,0
    CUST-19948,37,37.48,0.33,1,89,Month-to-Month,Credit Card,1
    CUST-19949,68,87.24,0.71,2,79,Month-to-Month,Credit Card,1
    CUST-19950,42,26.43,0.4,4,112,Month-to-Month,Credit Card,1
    CUST-19951,5,134.6,0.77,1,113,Month-to-Month,Electronic Check,1
    CUST-19952,64,64.62,0.02,1,3,Two-Year,Electronic Check,0
    CUST-19953,50,131.32,0.08,0,87,Month-to-Month,Electronic Check,1
    CUST-19954,15,111.22,0.7,4,50,One-Year,Electronic Check,1
    CUST-19955,53,119.6,0.56,1,109,Month-to-Month,Bank Transfer,1
    CUST-19956,25,60.89,0.5,2,12,Month-to-Month,Credit Card,1
    CUST-19957,9,49.61,0.55,2,96,Month-to-Month,Electronic Check,1
    CUST-19958,38,72.88,0.84,3,115,One-Year,Credit Card,1
    CUST-19959,22,23.15,0.59,1,54,Month-to-Month,Credit Card,1
    CUST-19960,49,139.44,0.58,0,92,Two-Year,Credit Card,1
    CUST-19961,68,70.31,0.68,0,98,Month-to-Month,Credit Card,1
    CUST-19962,15,148.51,0.78,4,65,Month-to-Month,Bank Transfer,1
    CUST-19963,65,118.99,0.24,1,10,Month-to-Month,Credit Card,0
    CUST-19964,54,30.47,0.56,3,114,One-Year,Electronic Check,1
    CUST-19965,30,105.82,0.53,3,27,Month-to-Month,Electronic Check,1
    CUST-19966,20,55.21,0.12,4,76,Month-to-Month,Bank Transfer,1
    CUST-19967,33,51.68,0.47,7,109,Month-to-Month,Bank Transfer,1
    CUST-19968,7,53.35,0.06,0,100,One-Year,Credit Card,0
    CUST-19969,8,139.09,0.17,3,117,Two-Year,Bank Transfer,1
    CUST-19970,28,85.0,0.82,4,97,Month-to-Month,Bank Transfer,1
    CUST-19971,45,107.03,0.11,1,68,Month-to-Month,Electronic Check,1
    CUST-19972,11,56.52,0.52,2,21,Month-to-Month,Bank Transfer,1
    CUST-19973,31,87.98,0.29,3,20,Two-Year,Electronic Check,0
    CUST-19974,12,65.51,0.5,0,114,Month-to-Month,Electronic Check,1
    CUST-19975,51,61.75,0.21,2,17,Two-Year,Electronic Check,0
    CUST-19976,44,52.11,0.4,2,116,Month-to-Month,Credit Card,1
    CUST-19977,50,73.17,0.78,4,46,Two-Year,Electronic Check,1
    CUST-19978,17,105.8,0.34,1,34,Two-Year,Bank Transfer,0
    CUST-19979,35,48.87,0.32,2,78,Month-to-Month,Bank Transfer,1
    CUST-19980,1,145.51,0.4,3,10,One-Year,Electronic Check,1
    CUST-19981,29,36.2,0.09,2,20,One-Year,Electronic Check,0
    CUST-19982,51,82.43,0.35,1,64,Month-to-Month,Electronic Check,1
    CUST-19983,64,31.05,0.01,2,62,Month-to-Month,Electronic Check,0
    CUST-19984,4,22.95,0.45,1,99,Two-Year,Electronic Check,1
    CUST-19985,28,139.95,0.76,3,79,Two-Year,Bank Transfer,1
    CUST-19986,16,125.35,0.5,0,39,Two-Year,Credit Card,0
    CUST-19987,63,110.24,0.55,0,91,Two-Year,Electronic Check,0
    CUST-19988,53,132.47,0.03,1,62,One-Year,Electronic Check,0
    CUST-19989,17,124.37,0.77,2,79,Month-to-Month,Credit Card,1
    CUST-19990,40,104.14,0.35,5,83,One-Year,Electronic Check,1
    CUST-19991,13,130.15,0.88,3,90,Month-to-Month,Bank Transfer,1
    CUST-19992,52,70.8,0.11,3,12,Month-to-Month,Bank Transfer,0
    CUST-19993,58,91.86,0.85,0,24,One-Year,Credit Card,0
    CUST-19994,37,120.92,0.57,4,53,One-Year,Electronic Check,1
    CUST-19995,61,31.02,0.05,1,100,One-Year,Electronic Check,0
    CUST-19996,34,131.62,0.87,4,33,Month-to-Month,Bank Transfer,1
    CUST-19997,70,40.39,0.01,6,69,Two-Year,Bank Transfer,0
    CUST-19998,17,132.39,0.66,6,73,Month-to-Month,Electronic Check,1
    CUST-19999,20,60.47,0.8,2,104,One-Year,Electronic Check,1
